election,dim,design,thr,group,estimand,model,pred,truth_lo,truth_hi,truth_mid,truth_width,miss,inside,signed,se,n_pure,n_mixed,coverage
jhr_se15,ethnicity,A,0.95,Malay,turnout,reconciled,0.6132579845984243,0.6494317153562942,0.669169630963577,0.6593006731599356,0.019737915607282774,0.03617373075786989,False,-0.04604268856151128,0.00790958255421013,656,3902,0.24647454248573913
jhr_se15,ethnicity,A,0.95,Malay,turnout,M2_logit,0.6213673979588337,0.6494317153562942,0.669169630963577,0.6593006731599356,0.019737915607282774,0.028064317397460514,False,-0.0379332752011019,,656,3902,0.24647454248573913
jhr_se15,ethnicity,A,0.95,Malay,turnout,M3_probit,0.6213682540570462,0.6494317153562942,0.669169630963577,0.6593006731599356,0.019737915607282774,0.02806346129924797,False,-0.03793241910288936,,656,3902,0.24647454248573913
jhr_se15,ethnicity,A,0.95,Malay,turnout,M1_lpm,0.6212687504718104,0.6494317153562942,0.669169630963577,0.6593006731599356,0.019737915607282774,0.028162964884483777,False,-0.038031922688125164,,656,3902,0.24647454248573913
jhr_se15,ethnicity,A,0.95,Malay,turnout,bivariate,0.6153429312945149,0.6494317153562942,0.669169630963577,0.6593006731599356,0.019737915607282774,0.03408878406177929,False,-0.043957741865420674,,656,3902,0.24647454248573913
jhr_se15,ethnicity,A,0.95,Malay,BN,reconciled,0.33348192411015765,0.38812461617423244,0.4078714320891692,0.3979980241317008,0.019746815914936766,0.054642692064074794,False,-0.06451610002154318,0.011552303736537156,656,3902,0.24647454248573913
jhr_se15,ethnicity,A,0.95,Malay,BN,M2_logit,0.3354065663551959,0.38812461617423244,0.4078714320891692,0.3979980241317008,0.019746815914936766,0.05271804981903655,False,-0.06259145777650493,,656,3902,0.24647454248573913
jhr_se15,ethnicity,A,0.95,Malay,BN,M3_probit,0.3354087498053653,0.38812461617423244,0.4078714320891692,0.3979980241317008,0.019746815914936766,0.05271586636886716,False,-0.06258927432633554,,656,3902,0.24647454248573913
jhr_se15,ethnicity,A,0.95,Malay,BN,M1_lpm,0.33865428343325865,0.38812461617423244,0.4078714320891692,0.3979980241317008,0.019746815914936766,0.04947033274097379,False,-0.05934374069844217,,656,3902,0.24647454248573913
jhr_se15,ethnicity,A,0.95,Malay,BN,bivariate,0.347196287859541,0.38812461617423244,0.4078714320891692,0.3979980241317008,0.019746815914936766,0.04092832831469145,False,-0.050801736272159836,,656,3902,0.24647454248573913
jhr_se15,ethnicity,A,0.95,Malay,PH,reconciled,0.030230613315253042,0.009784404880928717,0.023505712514129237,0.016645058697528976,0.01372130763320052,0.006724900801123805,False,0.013585554617724066,0.005119534796724587,656,3902,0.24647454248573913
jhr_se15,ethnicity,A,0.95,Malay,PH,M2_logit,0.028268094121316267,0.009784404880928717,0.023505712514129237,0.016645058697528976,0.01372130763320052,0.004762381607187029,False,0.01162303542378729,,656,3902,0.24647454248573913
jhr_se15,ethnicity,A,0.95,Malay,PH,M3_probit,0.02832555919369673,0.009784404880928717,0.023505712514129237,0.016645058697528976,0.01372130763320052,0.004819846679567492,False,0.011680500496167753,,656,3902,0.24647454248573913
jhr_se15,ethnicity,A,0.95,Malay,PH,M1_lpm,0.03076037089227338,0.009784404880928717,0.023505712514129237,0.016645058697528976,0.01372130763320052,0.007254658378144142,False,0.014115312194744403,,656,3902,0.24647454248573913
jhr_se15,ethnicity,A,0.95,Malay,PH,bivariate,0.010289416426667863,0.009784404880928717,0.023505712514129237,0.016645058697528976,0.01372130763320052,0.0,True,-0.006355642270861113,,656,3902,0.24647454248573913
jhr_se15,ethnicity,A,0.95,Malay,PN,reconciled,0.22194039593258086,0.1932286459368612,0.212975461851798,0.20310205389432961,0.019746815914936794,0.00896493408078286,False,0.018838342038251243,0.008125667621512346,656,3902,0.24647454248573913
jhr_se15,ethnicity,A,0.95,Malay,PN,M2_logit,0.2222622289367417,0.1932286459368612,0.212975461851798,0.20310205389432961,0.019746815914936794,0.009286767084943692,False,0.019160175042412075,,656,3902,0.24647454248573913
jhr_se15,ethnicity,A,0.95,Malay,PN,M3_probit,0.22227073821760024,0.1932286459368612,0.212975461851798,0.20310205389432961,0.019746815914936794,0.00929527636580224,False,0.019168684323270624,,656,3902,0.24647454248573913
jhr_se15,ethnicity,A,0.95,Malay,PN,M1_lpm,0.2246560930464993,0.1932286459368612,0.212975461851798,0.20310205389432961,0.019746815914936794,0.011680631194701308,False,0.02155403915216969,,656,3902,0.24647454248573913
jhr_se15,ethnicity,A,0.95,Malay,PN,bivariate,0.23044276546019704,0.1932286459368612,0.212975461851798,0.20310205389432961,0.019746815914936794,0.017467303608399043,False,0.027340711565867426,,656,3902,0.24647454248573913
jhr_se15,ethnicity,A,0.95,Chinese,turnout,reconciled,0.44073397565427025,0.5032338827456708,0.5376888915382552,0.520461387141963,0.03445500879258434,0.062499907091400575,False,-0.07972741148769275,0.009002715604765461,76,3902,0.03513164287629004
jhr_se15,ethnicity,A,0.95,Chinese,turnout,M2_logit,0.43678882725329843,0.5032338827456708,0.5376888915382552,0.520461387141963,0.03445500879258434,0.0664450554923724,False,-0.08367255988866457,,76,3902,0.03513164287629004
jhr_se15,ethnicity,A,0.95,Chinese,turnout,M3_probit,0.4367890610326547,0.5032338827456708,0.5376888915382552,0.520461387141963,0.03445500879258434,0.06644482171301613,False,-0.0836723261093083,,76,3902,0.03513164287629004
jhr_se15,ethnicity,A,0.95,Chinese,turnout,M1_lpm,0.4369052277952207,0.5032338827456708,0.5376888915382552,0.520461387141963,0.03445500879258434,0.06632865495045015,False,-0.08355615934674232,,76,3902,0.03513164287629004
jhr_se15,ethnicity,A,0.95,Chinese,turnout,bivariate,0.41532213076028335,0.5032338827456708,0.5376888915382552,0.520461387141963,0.03445500879258434,0.08791175198538748,False,-0.10513925638167965,,76,3902,0.03513164287629004
jhr_se15,ethnicity,A,0.95,Chinese,BN,reconciled,0.05835182344061391,0.055914875860630084,0.08908825370331734,0.07250156478197371,0.03317337784268726,0.0,True,-0.014149741341359802,0.008350038210816616,76,3902,0.03513164287629004
jhr_se15,ethnicity,A,0.95,Chinese,BN,M2_logit,0.05639085084320146,0.055914875860630084,0.08908825370331734,0.07250156478197371,0.03317337784268726,0.0,True,-0.016110713938772253,,76,3902,0.03513164287629004
jhr_se15,ethnicity,A,0.95,Chinese,BN,M3_probit,0.05638978211644737,0.055914875860630084,0.08908825370331734,0.07250156478197371,0.03317337784268726,0.0,True,-0.01611178266552634,,76,3902,0.03513164287629004
jhr_se15,ethnicity,A,0.95,Chinese,BN,M1_lpm,0.04959920629508712,0.055914875860630084,0.08908825370331734,0.07250156478197371,0.03317337784268726,0.006315669565542963,False,-0.02290235848688659,,76,3902,0.03513164287629004
jhr_se15,ethnicity,A,0.95,Chinese,BN,bivariate,0.03532382795172556,0.055914875860630084,0.08908825370331734,0.07250156478197371,0.03317337784268726,0.020591047908904522,False,-0.03717773683024815,,76,3902,0.03513164287629004
jhr_se15,ethnicity,A,0.95,Chinese,PH,reconciled,0.31328473223113873,0.3212124824893446,0.3541474173646091,0.3376799499269768,0.0329349348752645,0.007927750258205857,False,-0.02439521769583808,0.02507103631398444,76,3902,0.03513164287629004
jhr_se15,ethnicity,A,0.95,Chinese,PH,M2_logit,0.31632904825063407,0.3212124824893446,0.3541474173646091,0.3376799499269768,0.0329349348752645,0.004883434238710516,False,-0.021350901676342737,,76,3902,0.03513164287629004
jhr_se15,ethnicity,A,0.95,Chinese,PH,M3_probit,0.3163202090253562,0.3212124824893446,0.3541474173646091,0.3376799499269768,0.0329349348752645,0.004892273463988406,False,-0.021359740901620627,,76,3902,0.03513164287629004
jhr_se15,ethnicity,A,0.95,Chinese,PH,M1_lpm,0.3207887520364881,0.3212124824893446,0.3541474173646091,0.3376799499269768,0.0329349348752645,0.0004237304528564856,False,-0.016891197890488707,,76,3902,0.03513164287629004
jhr_se15,ethnicity,A,0.95,Chinese,PH,bivariate,0.3254686665040134,0.3212124824893446,0.3541474173646091,0.3376799499269768,0.0329349348752645,0.0,True,-0.012211283422963404,,76,3902,0.03513164287629004
jhr_se15,ethnicity,A,0.95,Chinese,PN,reconciled,0.008518283318924706,0.0022950135614437724,0.02074453816577747,0.011519775863610622,0.0184495246043337,0.0,True,-0.003001492544685916,0.002393437719691391,76,3902,0.03513164287629004
jhr_se15,ethnicity,A,0.95,Chinese,PN,M2_logit,0.008236136999387132,0.0022950135614437724,0.02074453816577747,0.011519775863610622,0.0184495246043337,0.0,True,-0.00328363886422349,,76,3902,0.03513164287629004
jhr_se15,ethnicity,A,0.95,Chinese,PN,M3_probit,0.008232227287385633,0.0022950135614437724,0.02074453816577747,0.011519775863610622,0.0184495246043337,0.0,True,-0.003287548576224989,,76,3902,0.03513164287629004
jhr_se15,ethnicity,A,0.95,Chinese,PN,M1_lpm,0.007353074988004789,0.0022950135614437724,0.02074453816577747,0.011519775863610622,0.0184495246043337,0.0,True,-0.004166700875605832,,76,3902,0.03513164287629004
jhr_se15,ethnicity,A,0.95,Chinese,PN,bivariate,-0.009979521104126976,0.0022950135614437724,0.02074453816577747,0.011519775863610622,0.0184495246043337,0.012274534665570748,False,-0.0214992969677376,,76,3902,0.03513164287629004
jhr_se15,ethnicity,B,0.95,Malay,turnout,reconciled,0.6134558133935973,0.6163200278804625,0.6508221002451987,0.6335710640628306,0.034502072364736236,0.0028642144868651354,False,-0.020115250669233253,0.012551474702611393,157,266,0.05874945980155796
jhr_se15,ethnicity,B,0.95,Malay,turnout,M2_logit,0.6164944403398716,0.6163200278804625,0.6508221002451987,0.6335710640628306,0.034502072364736236,0.0,True,-0.01707662372295904,,157,266,0.05874945980155796
jhr_se15,ethnicity,B,0.95,Malay,turnout,M3_probit,0.6164998894802686,0.6163200278804625,0.6508221002451987,0.6335710640628306,0.034502072364736236,0.0,True,-0.01707117458256202,,157,266,0.05874945980155796
jhr_se15,ethnicity,B,0.95,Malay,turnout,M1_lpm,0.6163070897709225,0.6163200278804625,0.6508221002451987,0.6335710640628306,0.034502072364736236,1.293810953995056e-05,False,-0.01726397429190807,,157,266,0.05874945980155796
jhr_se15,ethnicity,B,0.95,Malay,turnout,bivariate,0.6159168495271409,0.6163200278804625,0.6508221002451987,0.6335710640628306,0.034502072364736236,0.00040317835332159824,False,-0.017654214535689716,,157,266,0.05874945980155796
jhr_se15,ethnicity,B,0.95,Malay,BN,reconciled,0.33900640563280693,0.3337565189251086,0.3682585912898448,0.3510075551074767,0.03450207236473618,0.0,True,-0.012001149474669792,0.015506453913109872,157,266,0.05874945980155796
jhr_se15,ethnicity,B,0.95,Malay,BN,M2_logit,0.3364146805044618,0.3337565189251086,0.3682585912898448,0.3510075551074767,0.03450207236473618,0.0,True,-0.014592874603014894,,157,266,0.05874945980155796
jhr_se15,ethnicity,B,0.95,Malay,BN,M3_probit,0.33641382407166026,0.3337565189251086,0.3682585912898448,0.3510075551074767,0.03450207236473618,0.0,True,-0.01459373103581646,,157,266,0.05874945980155796
jhr_se15,ethnicity,B,0.95,Malay,BN,M1_lpm,0.3376925825292252,0.3337565189251086,0.3682585912898448,0.3510075551074767,0.03450207236473618,0.0,True,-0.013314972578251538,,157,266,0.05874945980155796
jhr_se15,ethnicity,B,0.95,Malay,BN,bivariate,0.35134491564741804,0.3337565189251086,0.3682585912898448,0.3510075551074767,0.03450207236473618,0.0,True,0.00033736053994132265,,157,266,0.05874945980155796
jhr_se15,ethnicity,B,0.95,Malay,PH,reconciled,0.0253878122780192,0.007916059893207872,0.03288400980794842,0.020400034850578147,0.02496794991474055,0.0,True,0.004987777427441054,0.00493998003828696,157,266,0.05874945980155796
jhr_se15,ethnicity,B,0.95,Malay,PH,M2_logit,0.024118020067850406,0.007916059893207872,0.03288400980794842,0.020400034850578147,0.02496794991474055,0.0,True,0.0037179852172722593,,157,266,0.05874945980155796
jhr_se15,ethnicity,B,0.95,Malay,PH,M3_probit,0.02432949431596562,0.007916059893207872,0.03288400980794842,0.020400034850578147,0.02496794991474055,0.0,True,0.003929459465387471,,157,266,0.05874945980155796
jhr_se15,ethnicity,B,0.95,Malay,PH,M1_lpm,0.02456285113436427,0.007916059893207872,0.03288400980794842,0.020400034850578147,0.02496794991474055,0.0,True,0.004162816283786123,,157,266,0.05874945980155796
jhr_se15,ethnicity,B,0.95,Malay,PH,bivariate,0.011062711814054937,0.007916059893207872,0.03288400980794842,0.020400034850578147,0.02496794991474055,0.0,True,-0.00933732303652321,,157,266,0.05874945980155796
jhr_se15,ethnicity,B,0.95,Malay,PN,reconciled,0.21150641779632684,0.18463338436453705,0.21913545672927323,0.20188442054690514,0.03450207236473618,0.0,True,0.009621997249421699,0.008676821862030289,157,266,0.05874945980155796
jhr_se15,ethnicity,B,0.95,Malay,PN,M2_logit,0.21178788629385265,0.18463338436453705,0.21913545672927323,0.20188442054690514,0.03450207236473618,0.0,True,0.009903465746947504,,157,266,0.05874945980155796
jhr_se15,ethnicity,B,0.95,Malay,PN,M3_probit,0.21188036597491766,0.18463338436453705,0.21913545672927323,0.20188442054690514,0.03450207236473618,0.0,True,0.00999594542801252,,157,266,0.05874945980155796
jhr_se15,ethnicity,B,0.95,Malay,PN,M1_lpm,0.2145070428540977,0.18463338436453705,0.21913545672927323,0.20188442054690514,0.03450207236473618,0.0,True,0.01262262230719255,,157,266,0.05874945980155796
jhr_se15,ethnicity,B,0.95,Malay,PN,bivariate,0.21589488090953887,0.18463338436453705,0.21913545672927323,0.20188442054690514,0.03450207236473618,0.0,True,0.014010460362633731,,157,266,0.05874945980155796
jhr_se15,ethnicity,B,0.95,Chinese,turnout,reconciled,0.44917349600396267,0.5055988055881412,0.539476022892894,0.5225374142405176,0.033877217304752794,0.05642530958417852,False,-0.07336391823655491,0.018681432608134985,65,266,0.029456297748291112
jhr_se15,ethnicity,B,0.95,Chinese,turnout,M2_logit,0.45661290502226787,0.5055988055881412,0.539476022892894,0.5225374142405176,0.033877217304752794,0.04898590056587332,False,-0.06592450921824972,,65,266,0.029456297748291112
jhr_se15,ethnicity,B,0.95,Chinese,turnout,M3_probit,0.4566295237279889,0.5055988055881412,0.539476022892894,0.5225374142405176,0.033877217304752794,0.048969281860152314,False,-0.06590789051252871,,65,266,0.029456297748291112
jhr_se15,ethnicity,B,0.95,Chinese,turnout,M1_lpm,0.4565800397034777,0.5055988055881412,0.539476022892894,0.5225374142405176,0.033877217304752794,0.04901876588466347,False,-0.06595737453703987,,65,266,0.029456297748291112
jhr_se15,ethnicity,B,0.95,Chinese,turnout,bivariate,0.4410801017157533,0.5055988055881412,0.539476022892894,0.5225374142405176,0.033877217304752794,0.0645187038723879,False,-0.08145731252476429,,65,266,0.029456297748291112
jhr_se15,ethnicity,B,0.95,Chinese,BN,reconciled,0.05395183277962003,0.06146244356759447,0.09462870143258327,0.07804557250008887,0.0331662578649888,0.007510610787974437,False,-0.024093739720468833,0.010941090815800972,65,266,0.029456297748291112
jhr_se15,ethnicity,B,0.95,Chinese,BN,M2_logit,0.04747176096964675,0.06146244356759447,0.09462870143258327,0.07804557250008887,0.0331662578649888,0.013990682597947723,False,-0.03057381153044212,,65,266,0.029456297748291112
jhr_se15,ethnicity,B,0.95,Chinese,BN,M3_probit,0.047439900514598315,0.06146244356759447,0.09462870143258327,0.07804557250008887,0.0331662578649888,0.014022543052996155,False,-0.03060567198549055,,65,266,0.029456297748291112
jhr_se15,ethnicity,B,0.95,Chinese,BN,M1_lpm,0.049764835787585275,0.06146244356759447,0.09462870143258327,0.07804557250008887,0.0331662578649888,0.011697607780009195,False,-0.02828073671250359,,65,266,0.029456297748291112
jhr_se15,ethnicity,B,0.95,Chinese,BN,bivariate,0.0603709170455663,0.06146244356759447,0.09462870143258327,0.07804557250008887,0.0331662578649888,0.001091526522028173,False,-0.01767465545452257,,65,266,0.029456297748291112
jhr_se15,ethnicity,B,0.95,Chinese,PH,reconciled,0.3516877306484913,0.3247662720841776,0.35683054281753224,0.3407984074508549,0.03206427073335466,0.0,True,0.010889323197636414,0.02157726786810304,65,266,0.029456297748291112
jhr_se15,ethnicity,B,0.95,Chinese,PH,M2_logit,0.3536016576106295,0.3247662720841776,0.35683054281753224,0.3407984074508549,0.03206427073335466,0.0,True,0.012803250159774626,,65,266,0.029456297748291112
jhr_se15,ethnicity,B,0.95,Chinese,PH,M3_probit,0.354228438885348,0.3247662720841776,0.35683054281753224,0.3407984074508549,0.03206427073335466,0.0,True,0.013430031434493117,,65,266,0.029456297748291112
jhr_se15,ethnicity,B,0.95,Chinese,PH,M1_lpm,0.35248487815500523,0.3247662720841776,0.35683054281753224,0.3407984074508549,0.03206427073335466,0.0,True,0.011686470704150353,,65,266,0.029456297748291112
jhr_se15,ethnicity,B,0.95,Chinese,PH,bivariate,0.3523515641666295,0.3247662720841776,0.35683054281753224,0.3407984074508549,0.03206427073335466,0.0,True,0.011553156715774615,,65,266,0.029456297748291112
jhr_se15,ethnicity,B,0.95,Chinese,PN,reconciled,0.010394087561668331,0.002381714123209271,0.02118659130496605,0.01178415271408766,0.01880487718175678,0.0,True,-0.0013900651524193283,0.0025438200302853628,65,266,0.029456297748291112
jhr_se15,ethnicity,B,0.95,Chinese,PN,M2_logit,0.009836563919413382,0.002381714123209271,0.02118659130496605,0.01178415271408766,0.01880487718175678,0.0,True,-0.0019475887946742779,,65,266,0.029456297748291112
jhr_se15,ethnicity,B,0.95,Chinese,PN,M3_probit,0.010001618479669142,0.002381714123209271,0.02118659130496605,0.01178415271408766,0.01880487718175678,0.0,True,-0.0017825342344185181,,65,266,0.029456297748291112
jhr_se15,ethnicity,B,0.95,Chinese,PN,M1_lpm,0.014819748539188328,0.002381714123209271,0.02118659130496605,0.01178415271408766,0.01880487718175678,0.0,True,0.0030355958251006687,,65,266,0.029456297748291112
jhr_se15,ethnicity,B,0.95,Chinese,PN,bivariate,-0.002564280398263369,0.002381714123209271,0.02118659130496605,0.01178415271408766,0.01880487718175678,0.00494599452147264,False,-0.014348433112351029,,65,266,0.029456297748291112
jhr_se15,ethnicity,A,0.99,Malay,turnout,reconciled,0.6227880081468886,0.6620458346833868,0.6676766526844903,0.6648612436839385,0.0056308180011034326,0.03925782653649823,False,-0.04207323553704989,0.007788446965663796,215,4420,0.08350169975130763
jhr_se15,ethnicity,A,0.99,Malay,turnout,M2_logit,0.6320513662448842,0.6620458346833868,0.6676766526844903,0.6648612436839385,0.0056308180011034326,0.02999446843850262,False,-0.03280987743905428,,215,4420,0.08350169975130763
jhr_se15,ethnicity,A,0.99,Malay,turnout,M3_probit,0.6320519281058139,0.6620458346833868,0.6676766526844903,0.6648612436839385,0.0056308180011034326,0.02999390657757295,False,-0.03280931557812461,,215,4420,0.08350169975130763
jhr_se15,ethnicity,A,0.99,Malay,turnout,M1_lpm,0.6316457119447518,0.6620458346833868,0.6676766526844903,0.6648612436839385,0.0056308180011034326,0.030400122738635016,False,-0.03321553173918668,,215,4420,0.08350169975130763
jhr_se15,ethnicity,A,0.99,Malay,turnout,bivariate,0.6268835207109368,0.6620458346833868,0.6676766526844903,0.6648612436839385,0.0056308180011034326,0.035162313972450066,False,-0.037977722973001726,,215,4420,0.08350169975130763
jhr_se15,ethnicity,A,0.99,Malay,BN,reconciled,0.3494589990241059,0.42096275603583405,0.42661984534953984,0.42379130069268695,0.005657089313705788,0.07150375701172818,False,-0.07433230166858107,0.010948191443101118,215,4420,0.08350169975130763
jhr_se15,ethnicity,A,0.99,Malay,BN,M2_logit,0.35153392882489953,0.42096275603583405,0.42661984534953984,0.42379130069268695,0.005657089313705788,0.06942882721093452,False,-0.07225737186778741,,215,4420,0.08350169975130763
jhr_se15,ethnicity,A,0.99,Malay,BN,M3_probit,0.35153563653315045,0.42096275603583405,0.42661984534953984,0.42379130069268695,0.005657089313705788,0.0694271195026836,False,-0.07225566415953649,,215,4420,0.08350169975130763
jhr_se15,ethnicity,A,0.99,Malay,BN,M1_lpm,0.3568845904520792,0.42096275603583405,0.42661984534953984,0.42379130069268695,0.005657089313705788,0.06407816558375484,False,-0.06690671024060774,,215,4420,0.08350169975130763
jhr_se15,ethnicity,A,0.99,Malay,BN,bivariate,0.3624698311790813,0.42096275603583405,0.42661984534953984,0.42379130069268695,0.005657089313705788,0.058492924856752726,False,-0.06132146951360562,,215,4420,0.08350169975130763
jhr_se15,ethnicity,A,0.99,Malay,PH,reconciled,0.026791143019167962,0.012268702985296823,0.017128895816731323,0.014698799401014073,0.0048601928314345,0.00966224720243664,False,0.01209234361815389,0.003781124539213626,215,4420,0.08350169975130763
jhr_se15,ethnicity,A,0.99,Malay,PH,M2_logit,0.024866247271546172,0.012268702985296823,0.017128895816731323,0.014698799401014073,0.0048601928314345,0.007737351454814849,False,0.010167447870532099,,215,4420,0.08350169975130763
jhr_se15,ethnicity,A,0.99,Malay,PH,M3_probit,0.024867933111258126,0.012268702985296823,0.017128895816731323,0.014698799401014073,0.0048601928314345,0.007739037294526803,False,0.010169133710244053,,215,4420,0.08350169975130763
jhr_se15,ethnicity,A,0.99,Malay,PH,M1_lpm,0.02712549324660429,0.012268702985296823,0.017128895816731323,0.014698799401014073,0.0048601928314345,0.009996597429872967,False,0.012426693845590217,,215,4420,0.08350169975130763
jhr_se15,ethnicity,A,0.99,Malay,PH,bivariate,0.011749703523675381,0.012268702985296823,0.017128895816731323,0.014698799401014073,0.0048601928314345,0.0005189994616214416,False,-0.002949095877338692,,215,4420,0.08350169975130763
jhr_se15,ethnicity,A,0.99,Malay,PN,reconciled,0.2195206979269527,0.199250391880413,0.20490748119411872,0.20207893653726586,0.005657089313705732,0.014613216732833972,False,0.01744176138968684,0.0067235418504848895,215,4420,0.08350169975130763
jhr_se15,ethnicity,A,0.99,Malay,PN,M2_logit,0.21954928982873756,0.199250391880413,0.20490748119411872,0.20207893653726586,0.005657089313705732,0.014641808634618836,False,0.017470353291471702,,215,4420,0.08350169975130763
jhr_se15,ethnicity,A,0.99,Malay,PN,M3_probit,0.2195551298862919,0.199250391880413,0.20490748119411872,0.20207893653726586,0.005657089313705732,0.014647648692173165,False,0.01747619334902603,,215,4420,0.08350169975130763
jhr_se15,ethnicity,A,0.99,Malay,PN,M1_lpm,0.220981845693968,0.199250391880413,0.20490748119411872,0.20207893653726586,0.005657089313705732,0.01607436449984928,False,0.018902909156702147,,215,4420,0.08350169975130763
jhr_se15,ethnicity,A,0.99,Malay,PN,bivariate,0.2258458849284566,0.199250391880413,0.20490748119411872,0.20207893653726586,0.005657089313705732,0.020938403734337863,False,0.02376694839119073,,215,4420,0.08350169975130763
jhr_se15,ethnicity,A,0.9,Malay,turnout,reconciled,0.6118931182105809,0.6294065112586724,0.6672324256381844,0.6483194684484284,0.03782591437951199,0.01751339304809152,False,-0.03642635023784746,0.007728623691093659,949,3518,0.35370914326537983
jhr_se15,ethnicity,A,0.9,Malay,turnout,M2_logit,0.6214934043220982,0.6294065112586724,0.6672324256381844,0.6483194684484284,0.03782591437951199,0.00791310693657421,False,-0.02682606412633015,,949,3518,0.35370914326537983
jhr_se15,ethnicity,A,0.9,Malay,turnout,M3_probit,0.6214945801954148,0.6294065112586724,0.6672324256381844,0.6483194684484284,0.03782591437951199,0.007911931063257605,False,-0.026824888253013546,,949,3518,0.35370914326537983
jhr_se15,ethnicity,A,0.9,Malay,turnout,M1_lpm,0.6213461164335775,0.6294065112586724,0.6672324256381844,0.6483194684484284,0.03782591437951199,0.008060394825094908,False,-0.02697335201485085,,949,3518,0.35370914326537983
jhr_se15,ethnicity,A,0.9,Malay,turnout,bivariate,0.6133828195251994,0.6294065112586724,0.6672324256381844,0.6483194684484284,0.03782591437951199,0.016023691733473067,False,-0.03493664892322901,,949,3518,0.35370914326537983
jhr_se15,ethnicity,A,0.9,Malay,BN,reconciled,0.3318303469143554,0.3551753508256911,0.3929847265750978,0.37408003870039447,0.03780937574940668,0.023345003911335704,False,-0.042249691786039045,0.012495509890285986,949,3518,0.35370914326537983
jhr_se15,ethnicity,A,0.9,Malay,BN,M2_logit,0.3336922041105604,0.3551753508256911,0.3929847265750978,0.37408003870039447,0.03780937574940668,0.02148314671513074,False,-0.04038783458983408,,949,3518,0.35370914326537983
jhr_se15,ethnicity,A,0.9,Malay,BN,M3_probit,0.3336967538167468,0.3551753508256911,0.3929847265750978,0.37408003870039447,0.03780937574940668,0.021478597008944333,False,-0.040383284883647674,,949,3518,0.35370914326537983
jhr_se15,ethnicity,A,0.9,Malay,BN,M1_lpm,0.3364781910810731,0.3551753508256911,0.3929847265750978,0.37408003870039447,0.03780937574940668,0.018697159744618053,False,-0.037601847619321394,,949,3518,0.35370914326537983
jhr_se15,ethnicity,A,0.9,Malay,BN,bivariate,0.34566640983913755,0.3551753508256911,0.3929847265750978,0.37408003870039447,0.03780937574940668,0.009508940986553582,False,-0.028413628861256923,,949,3518,0.35370914326537983
jhr_se15,ethnicity,A,0.9,Malay,PH,reconciled,0.03169018838666092,0.007587096560791869,0.029401549669640863,0.018494323115216364,0.021814453108848993,0.002288638717020057,False,0.013195865271444555,0.006517013974902891,949,3518,0.35370914326537983
jhr_se15,ethnicity,A,0.9,Malay,PH,M2_logit,0.029660153940821714,0.007587096560791869,0.029401549669640863,0.018494323115216364,0.021814453108848993,0.00025860427118085116,False,0.01116583082560535,,949,3518,0.35370914326537983
jhr_se15,ethnicity,A,0.9,Malay,PH,M3_probit,0.02971767158689595,0.007587096560791869,0.029401549669640863,0.018494323115216364,0.021814453108848993,0.0003161219172550869,False,0.011223348471679585,,949,3518,0.35370914326537983
jhr_se15,ethnicity,A,0.9,Malay,PH,M1_lpm,0.03378576079240161,0.007587096560791869,0.029401549669640863,0.018494323115216364,0.021814453108848993,0.004384211122760745,False,0.015291437677185243,,949,3518,0.35370914326537983
jhr_se15,ethnicity,A,0.9,Malay,PH,bivariate,0.009822438756870833,0.007587096560791869,0.029401549669640863,0.018494323115216364,0.021814453108848993,0.0,True,-0.008671884358345532,,949,3518,0.35370914326537983
jhr_se15,ethnicity,A,0.9,Malay,PN,reconciled,0.2227213870749484,0.17921879780697764,0.21694134574833165,0.19808007177765463,0.03772254794135402,0.005780041326616747,False,0.02464131529729377,0.008450967250909913,949,3518,0.35370914326537983
jhr_se15,ethnicity,A,0.9,Malay,PN,M2_logit,0.22304987978189036,0.17921879780697764,0.21694134574833165,0.19808007177765463,0.03772254794135402,0.00610853403355871,False,0.024969808004235733,,949,3518,0.35370914326537983
jhr_se15,ethnicity,A,0.9,Malay,PN,M3_probit,0.22306232163922463,0.17921879780697764,0.21694134574833165,0.19808007177765463,0.03772254794135402,0.006120975890892971,False,0.024982249861569994,,949,3518,0.35370914326537983
jhr_se15,ethnicity,A,0.9,Malay,PN,M1_lpm,0.22619765534856306,0.17921879780697764,0.21694134574833165,0.19808007177765463,0.03772254794135402,0.00925630960023141,False,0.028117583570908433,,949,3518,0.35370914326537983
jhr_se15,ethnicity,A,0.9,Malay,PN,bivariate,0.23284094577458772,0.17921879780697764,0.21694134574833165,0.19808007177765463,0.03772254794135402,0.015899600026256067,False,0.03476087399693309,,949,3518,0.35370914326537983
jhr_se15,ethnicity,A,0.9,Chinese,turnout,reconciled,0.43655689317456536,0.4757925193477253,0.5367360984311137,0.5062643088894195,0.06094357908338838,0.039235626173159954,False,-0.06970741571485417,0.010348788240889896,163,3518,0.07455120794799625
jhr_se15,ethnicity,A,0.9,Chinese,turnout,M2_logit,0.4319548512425377,0.4757925193477253,0.5367360984311137,0.5062643088894195,0.06094357908338838,0.04383766810518763,False,-0.07430945764688185,,163,3518,0.07455120794799625
jhr_se15,ethnicity,A,0.9,Chinese,turnout,M3_probit,0.4319549210510366,0.4757925193477253,0.5367360984311137,0.5062643088894195,0.06094357908338838,0.04383759829668871,False,-0.07430938783838292,,163,3518,0.07455120794799625
jhr_se15,ethnicity,A,0.9,Chinese,turnout,M1_lpm,0.43204674571197205,0.4757925193477253,0.5367360984311137,0.5062643088894195,0.06094357908338838,0.04374577363575327,False,-0.07421756317744749,,163,3518,0.07455120794799625
jhr_se15,ethnicity,A,0.9,Chinese,turnout,bivariate,0.41548347760306314,0.4757925193477253,0.5367360984311137,0.5062643088894195,0.06094357908338838,0.06030904174466217,False,-0.09078083128635639,,163,3518,0.07455120794799625
jhr_se15,ethnicity,A,0.9,Chinese,BN,reconciled,0.05646812474061936,0.040296641712431705,0.09477927440762954,0.06753795806003063,0.05448263269519783,0.0,True,-0.01106983331941127,0.008427999349872926,163,3518,0.07455120794799625
jhr_se15,ethnicity,A,0.9,Chinese,BN,M2_logit,0.05452230972663079,0.040296641712431705,0.09477927440762954,0.06753795806003063,0.05448263269519783,0.0,True,-0.01301564833339984,,163,3518,0.07455120794799625
jhr_se15,ethnicity,A,0.9,Chinese,BN,M3_probit,0.0545207404859493,0.040296641712431705,0.09477927440762954,0.06753795806003063,0.05448263269519783,0.0,True,-0.013017217574081329,,163,3518,0.07455120794799625
jhr_se15,ethnicity,A,0.9,Chinese,BN,M1_lpm,0.04837302158430206,0.040296641712431705,0.09477927440762954,0.06753795806003063,0.05448263269519783,0.0,True,-0.019164936475728568,,163,3518,0.07455120794799625
jhr_se15,ethnicity,A,0.9,Chinese,BN,bivariate,0.0373961033277414,0.040296641712431705,0.09477927440762954,0.06753795806003063,0.05448263269519783,0.0029005383846903016,False,-0.030141854732289225,,163,3518,0.07455120794799625
jhr_se15,ethnicity,A,0.9,Chinese,PH,reconciled,0.309097930025113,0.3042684382768937,0.36299282273129485,0.33363063050409425,0.058724384454401146,0.0,True,-0.024532700478981262,0.025681143628962767,163,3518,0.07455120794799625
jhr_se15,ethnicity,A,0.9,Chinese,PH,M2_logit,0.31183752413060906,0.3042684382768937,0.36299282273129485,0.33363063050409425,0.058724384454401146,0.0,True,-0.021793106373485194,,163,3518,0.07455120794799625
jhr_se15,ethnicity,A,0.9,Chinese,PH,M3_probit,0.31182452858495,0.3042684382768937,0.36299282273129485,0.33363063050409425,0.058724384454401146,0.0,True,-0.021806101919144227,,163,3518,0.07455120794799625
jhr_se15,ethnicity,A,0.9,Chinese,PH,M1_lpm,0.3151467205441511,0.3042684382768937,0.36299282273129485,0.33363063050409425,0.058724384454401146,0.0,True,-0.018483909959943146,,163,3518,0.07455120794799625
jhr_se15,ethnicity,A,0.9,Chinese,PH,bivariate,0.32011738312938326,0.3042684382768937,0.36299282273129485,0.33363063050409425,0.058724384454401146,0.0,True,-0.01351324737471099,,163,3518,0.07455120794799625
jhr_se15,ethnicity,A,0.9,Chinese,PN,reconciled,0.007735741223069884,0.001081506243240586,0.02238858378864278,0.011735045015941683,0.021307077545402193,0.0,True,-0.0039993037928717995,0.003031529418953167,163,3518,0.07455120794799625
jhr_se15,ethnicity,A,0.9,Chinese,PN,M2_logit,0.007471486088649703,0.001081506243240586,0.02238858378864278,0.011735045015941683,0.021307077545402193,0.0,True,-0.00426355892729198,,163,3518,0.07455120794799625
jhr_se15,ethnicity,A,0.9,Chinese,PN,M3_probit,0.007463964907243708,0.001081506243240586,0.02238858378864278,0.011735045015941683,0.021307077545402193,0.0,True,-0.004271080108697975,,163,3518,0.07455120794799625
jhr_se15,ethnicity,A,0.9,Chinese,PN,M1_lpm,0.006323987371149558,0.001081506243240586,0.02238858378864278,0.011735045015941683,0.021307077545402193,0.0,True,-0.0054110576447921254,,163,3518,0.07455120794799625
jhr_se15,ethnicity,A,0.9,Chinese,PN,bivariate,-0.008828277909784299,0.001081506243240586,0.02238858378864278,0.011735045015941683,0.021307077545402193,0.009909784153024886,False,-0.020563322925725984,,163,3518,0.07455120794799625
jhr_se15,ethnicity,A,0.85,Malay,turnout,reconciled,0.6110900123337055,0.6146327014218009,0.670590578525903,0.642611639973852,0.05595787710410205,0.0035426890880954076,False,-0.03152162764014643,0.007773634772757764,1160,3165,0.4295438641134932
jhr_se15,ethnicity,A,0.85,Malay,turnout,M2_logit,0.621591080409993,0.6146327014218009,0.670590578525903,0.642611639973852,0.05595787710410205,0.0,True,-0.021020559563858954,,1160,3165,0.4295438641134932
jhr_se15,ethnicity,A,0.85,Malay,turnout,M3_probit,0.621595355684222,0.6146327014218009,0.670590578525903,0.642611639973852,0.05595787710410205,0.0,True,-0.021016284289629983,,1160,3165,0.4295438641134932
jhr_se15,ethnicity,A,0.85,Malay,turnout,M1_lpm,0.6214403077900589,0.6146327014218009,0.670590578525903,0.642611639973852,0.05595787710410205,0.0,True,-0.02117133218379308,,1160,3165,0.4295438641134932
jhr_se15,ethnicity,A,0.85,Malay,turnout,bivariate,0.6142927108685343,0.6146327014218009,0.670590578525903,0.642611639973852,0.05595787710410205,0.00033999055326661143,False,-0.028318929105317636,,1160,3165,0.4295438641134932
jhr_se15,ethnicity,A,0.85,Malay,BN,reconciled,0.3301476487788284,0.3319101705071635,0.3878544288282399,0.3598822996677017,0.05594425832107641,0.0017625217283350758,False,-0.029734650888873282,0.011325275001138313,1160,3165,0.4295438641134932
jhr_se15,ethnicity,A,0.85,Malay,BN,M2_logit,0.3318223667299902,0.3319101705071635,0.3878544288282399,0.3598822996677017,0.05594425832107641,8.78037771732676e-05,False,-0.028059932937711474,,1160,3165,0.4295438641134932
jhr_se15,ethnicity,A,0.85,Malay,BN,M3_probit,0.3318279248812428,0.3319101705071635,0.3878544288282399,0.3598822996677017,0.05594425832107641,8.224562592068496e-05,False,-0.02805437478645889,,1160,3165,0.4295438641134932
jhr_se15,ethnicity,A,0.85,Malay,BN,M1_lpm,0.333747907671556,0.3319101705071635,0.3878544288282399,0.3598822996677017,0.05594425832107641,0.0,True,-0.0261343919961457,,1160,3165,0.4295438641134932
jhr_se15,ethnicity,A,0.85,Malay,BN,bivariate,0.34446570525149545,0.3319101705071635,0.3878544288282399,0.3598822996677017,0.05594425832107641,0.0,True,-0.015416594416206242,,1160,3165,0.4295438641134932
jhr_se15,ethnicity,A,0.85,Malay,PH,reconciled,0.034017177032958486,0.006329329411123822,0.03404865991175029,0.020188994661437056,0.027719330500626464,0.0,True,0.01382818237152143,0.008472831763323578,1160,3165,0.4295438641134932
jhr_se15,ethnicity,A,0.85,Malay,PH,M2_logit,0.03196645510790477,0.006329329411123822,0.03404865991175029,0.020188994661437056,0.027719330500626464,0.0,True,0.011777460446467717,,1160,3165,0.4295438641134932
jhr_se15,ethnicity,A,0.85,Malay,PH,M3_probit,0.03203316386663131,0.006329329411123822,0.03404865991175029,0.020188994661437056,0.027719330500626464,0.0,True,0.011844169205194256,,1160,3165,0.4295438641134932
jhr_se15,ethnicity,A,0.85,Malay,PH,M1_lpm,0.037757357103565606,0.006329329411123822,0.03404865991175029,0.020188994661437056,0.027719330500626464,0.0037086971918153175,False,0.01756836244212855,,1160,3165,0.4295438641134932
jhr_se15,ethnicity,A,0.85,Malay,PH,bivariate,0.012959350139864823,0.006329329411123822,0.03404865991175029,0.020188994661437056,0.027719330500626464,0.0,True,-0.007229644521572234,,1160,3165,0.4295438641134932
jhr_se15,ethnicity,A,0.85,Malay,PN,reconciled,0.2239531952653933,0.16369096257558424,0.21901386392112002,0.19135241324835212,0.055322901345535774,0.0049393313442732956,False,0.0326007820170412,0.008875767890464039,1160,3165,0.4295438641134932
jhr_se15,ethnicity,A,0.85,Malay,PN,M2_logit,0.22428590710015597,0.16369096257558424,0.21901386392112002,0.19135241324835212,0.055322901345535774,0.005272043179035957,False,0.03293349385180386,,1160,3165,0.4295438641134932
jhr_se15,ethnicity,A,0.85,Malay,PN,M3_probit,0.2243052498210787,0.16369096257558424,0.21901386392112002,0.19135241324835212,0.055322901345535774,0.005291385899958673,False,0.032952836572726574,,1160,3165,0.4295438641134932
jhr_se15,ethnicity,A,0.85,Malay,PN,M1_lpm,0.227862305034642,0.16369096257558424,0.21901386392112002,0.19135241324835212,0.055322901345535774,0.008848441113521982,False,0.03650989178628988,,1160,3165,0.4295438641134932
jhr_se15,ethnicity,A,0.85,Malay,PN,bivariate,0.23516213791749832,0.16369096257558424,0.21901386392112002,0.19135241324835212,0.055322901345535774,0.016148273996378304,False,0.043809724669146205,,1160,3165,0.4295438641134932
jhr_se15,ethnicity,A,0.85,Chinese,turnout,reconciled,0.42987460897380453,0.4461652198434535,0.5455806473739968,0.49587293360872514,0.09941542753054333,0.016290610869648947,False,-0.06599832463492061,0.010324148849990616,302,3165,0.13738837789840505
jhr_se15,ethnicity,A,0.85,Chinese,turnout,M2_logit,0.4248524561646421,0.4461652198434535,0.5455806473739968,0.49587293360872514,0.09941542753054333,0.021312763678811353,False,-0.07102047744408302,,302,3165,0.13738837789840505
jhr_se15,ethnicity,A,0.85,Chinese,turnout,M3_probit,0.4248515276677477,0.4461652198434535,0.5455806473739968,0.49587293360872514,0.09941542753054333,0.02131369217570578,False,-0.07102140594097744,,302,3165,0.13738837789840505
jhr_se15,ethnicity,A,0.85,Chinese,turnout,M1_lpm,0.4249261244208722,0.4461652198434535,0.5455806473739968,0.49587293360872514,0.09941542753054333,0.02123909542258129,False,-0.07094680918785295,,302,3165,0.13738837789840505
jhr_se15,ethnicity,A,0.85,Chinese,turnout,bivariate,0.41180134558761544,0.4461652198434535,0.5455806473739968,0.49587293360872514,0.09941542753054333,0.034363874255838034,False,-0.0840715880211097,,302,3165,0.13738837789840505
jhr_se15,ethnicity,A,0.85,Chinese,BN,reconciled,0.05097752119512407,0.03109590189547814,0.10667113797282157,0.06888351993414986,0.07557523607734343,0.0,True,-0.01790599873902579,0.007732458934976858,302,3165,0.13738837789840505
jhr_se15,ethnicity,A,0.85,Chinese,BN,M2_logit,0.04900600817388208,0.03109590189547814,0.10667113797282157,0.06888351993414986,0.07557523607734343,0.0,True,-0.01987751176026778,,302,3165,0.13738837789840505
jhr_se15,ethnicity,A,0.85,Chinese,BN,M3_probit,0.04900317298725636,0.03109590189547814,0.10667113797282157,0.06888351993414986,0.07557523607734343,0.0,True,-0.0198803469468935,,302,3165,0.13738837789840505
jhr_se15,ethnicity,A,0.85,Chinese,BN,M1_lpm,0.04421339208110149,0.03109590189547814,0.10667113797282157,0.06888351993414986,0.07557523607734343,0.0,True,-0.024670127853048368,,302,3165,0.13738837789840505
jhr_se15,ethnicity,A,0.85,Chinese,BN,bivariate,0.03586841446510364,0.03109590189547814,0.10667113797282157,0.06888351993414986,0.07557523607734343,0.0,True,-0.03301510546904622,,302,3165,0.13738837789840505
jhr_se15,ethnicity,A,0.85,Chinese,PH,reconciled,0.3041518596281337,0.2632176636917238,0.3588680481986479,0.3110428559451859,0.09565038450692415,0.0,True,-0.0068909963170522,0.030824481257539973,302,3165,0.13738837789840505
jhr_se15,ethnicity,A,0.85,Chinese,PH,M2_logit,0.3065876604681987,0.2632176636917238,0.3588680481986479,0.3110428559451859,0.09565038450692415,0.0,True,-0.004455195476987195,,302,3165,0.13738837789840505
jhr_se15,ethnicity,A,0.85,Chinese,PH,M3_probit,0.30657011743440576,0.2632176636917238,0.3588680481986479,0.3110428559451859,0.09565038450692415,0.0,True,-0.0044727385107801165,,302,3165,0.13738837789840505
jhr_se15,ethnicity,A,0.85,Chinese,PH,M1_lpm,0.3082526986292532,0.2632176636917238,0.3588680481986479,0.3110428559451859,0.09565038450692415,0.0,True,-0.0027901573159326842,,302,3165,0.13738837789840505
jhr_se15,ethnicity,A,0.85,Chinese,PH,bivariate,0.31353820349446604,0.2632176636917238,0.3588680481986479,0.3110428559451859,0.09565038450692415,0.0,True,0.002495347549280158,,302,3165,0.13738837789840505
jhr_se15,ethnicity,A,0.85,Chinese,PN,reconciled,0.007199017946585399,0.0005868589328313276,0.02673637839444542,0.013661618663638374,0.02614951946161409,0.0,True,-0.006462600717052975,0.0031223326318619185,302,3165,0.13738837789840505
jhr_se15,ethnicity,A,0.85,Chinese,PN,M2_logit,0.0069320195683557065,0.0005868589328313276,0.02673637839444542,0.013661618663638374,0.02614951946161409,0.0,True,-0.006729599095282667,,302,3165,0.13738837789840505
jhr_se15,ethnicity,A,0.85,Chinese,PN,M3_probit,0.006921165480507272,0.0005868589328313276,0.02673637839444542,0.013661618663638374,0.02614951946161409,0.0,True,-0.006740453183131102,,302,3165,0.13738837789840505
jhr_se15,ethnicity,A,0.85,Chinese,PN,M1_lpm,0.005555431387472942,0.0005868589328313276,0.02673637839444542,0.013661618663638374,0.02614951946161409,0.0,True,-0.008106187276165432,,302,3165,0.13738837789840505
jhr_se15,ethnicity,A,0.85,Chinese,PN,bivariate,-0.008352850174332016,0.0005868589328313276,0.02673637839444542,0.013661618663638374,0.02614951946161409,0.008939709107163343,False,-0.02201446883797039,,302,3165,0.13738837789840505
jhr_se15,age,A,0.95,18-29,turnout,reconciled,0.5403532379885584,0.5034922096860849,0.5050170133292399,0.5042546115076624,0.0015248036431549927,0.035336224659318516,False,0.03609862648089601,0.012966739177568134,562,3572,0.5765452421410365
jhr_se15,age,A,0.95,18-29,turnout,M2_logit,0.5426629844604671,0.5034922096860849,0.5050170133292399,0.5042546115076624,0.0015248036431549927,0.03764597113122725,False,0.03840837295280475,,562,3572,0.5765452421410365
jhr_se15,age,A,0.95,18-29,turnout,M3_probit,0.5426634504605867,0.5034922096860849,0.5050170133292399,0.5042546115076624,0.0015248036431549927,0.037646437131346855,False,0.03840883895292435,,562,3572,0.5765452421410365
jhr_se15,age,A,0.95,18-29,turnout,M1_lpm,0.5426621454672632,0.5034922096860849,0.5050170133292399,0.5042546115076624,0.0015248036431549927,0.03764513213802334,False,0.03840753395960084,,562,3572,0.5765452421410365
jhr_se15,age,A,0.95,18-29,turnout,bivariate,0.4876901959525459,0.5034922096860849,0.5050170133292399,0.5042546115076624,0.0015248036431549927,0.015802013733538955,False,-0.016564415555116452,,562,3572,0.5765452421410365
jhr_se15,age,A,0.95,18-29,BN,reconciled,0.2518523783440289,0.19586819147030982,0.19739299511346484,0.1966305932918873,0.0015248036431550205,0.05445938323056407,False,0.05522178505214159,0.01348788131717137,562,3572,0.5765452421410365
jhr_se15,age,A,0.95,18-29,BN,M2_logit,0.25502220547407556,0.19586819147030982,0.19739299511346484,0.1966305932918873,0.0015248036431550205,0.05762921036061072,False,0.058391612182188246,,562,3572,0.5765452421410365
jhr_se15,age,A,0.95,18-29,BN,M3_probit,0.2550219030170302,0.19586819147030982,0.19739299511346484,0.1966305932918873,0.0015248036431550205,0.05762890790356537,False,0.05839130972514289,,562,3572,0.5765452421410365
jhr_se15,age,A,0.95,18-29,BN,M1_lpm,0.2549300893861254,0.19586819147030982,0.19739299511346484,0.1966305932918873,0.0015248036431550205,0.057537094272660544,False,0.05829949609423807,,562,3572,0.5765452421410365
jhr_se15,age,A,0.95,18-29,BN,bivariate,0.2282975497954409,0.19586819147030982,0.19739299511346484,0.1966305932918873,0.0015248036431550205,0.03090455468197606,False,0.031666956503553584,,562,3572,0.5765452421410365
jhr_se15,age,A,0.95,18-29,PH,reconciled,0.09433941536102648,0.12356026300304448,0.12488807020236907,0.12422416660270677,0.001327807199324585,0.029220847642018002,False,-0.029884751241680288,0.009913729868643327,562,3572,0.5765452421410365
jhr_se15,age,A,0.95,18-29,PH,M2_logit,0.09258082104474166,0.12356026300304448,0.12488807020236907,0.12422416660270677,0.001327807199324585,0.030979441958302822,False,-0.03164334555796511,,562,3572,0.5765452421410365
jhr_se15,age,A,0.95,18-29,PH,M3_probit,0.09257950026456696,0.12356026300304448,0.12488807020236907,0.12422416660270677,0.001327807199324585,0.030980762738477524,False,-0.03164466633813981,,562,3572,0.5765452421410365
jhr_se15,age,A,0.95,18-29,PH,M1_lpm,0.09229823330786859,0.12356026300304448,0.12488807020236907,0.12422416660270677,0.001327807199324585,0.0312620296951759,False,-0.031925933294838185,,562,3572,0.5765452421410365
jhr_se15,age,A,0.95,18-29,PH,bivariate,0.06153134117495916,0.12356026300304448,0.12488807020236907,0.12422416660270677,0.001327807199324585,0.06202892182808532,False,-0.06269282542774761,,562,3572,0.5765452421410365
jhr_se15,age,A,0.95,18-29,PN,reconciled,0.16090334758383112,0.13244301174303477,0.13393711464169672,0.13319006319236576,0.0014941028986619476,0.026966232942134405,False,0.027713284391465365,0.011334912299586518,562,3572,0.5765452421410365
jhr_se15,age,A,0.95,18-29,PN,M2_logit,0.16271720508396573,0.13244301174303477,0.13393711464169672,0.13319006319236576,0.0014941028986619476,0.028780090442269007,False,0.029527141891599967,,562,3572,0.5765452421410365
jhr_se15,age,A,0.95,18-29,PN,M3_probit,0.16271687614766644,0.13244301174303477,0.13393711464169672,0.13319006319236576,0.0014941028986619476,0.028779761505969725,False,0.029526812955300685,,562,3572,0.5765452421410365
jhr_se15,age,A,0.95,18-29,PN,M1_lpm,0.1623039651169307,0.13244301174303477,0.13393711464169672,0.13319006319236576,0.0014941028986619476,0.02836685047523399,False,0.02911390192456495,,562,3572,0.5765452421410365
jhr_se15,age,A,0.95,18-29,PN,bivariate,0.17002220127416826,0.13244301174303477,0.13393711464169672,0.13319006319236576,0.0014941028986619476,0.036085086632471536,False,0.036832138081802496,,562,3572,0.5765452421410365
jhr_se15,age,A,0.95,30-39,turnout,reconciled,0.4578770297642477,0.4500564312712564,0.45538142237102236,0.45271892682113934,0.005324991099765974,0.002495607393225352,False,0.005158102943108367,0.00801815439919158,198,3572,0.23689248961501538
jhr_se15,age,A,0.95,30-39,turnout,M2_logit,0.45522623978600235,0.4500564312712564,0.45538142237102236,0.45271892682113934,0.005324991099765974,0.0,True,0.0025073129648630066,,198,3572,0.23689248961501538
jhr_se15,age,A,0.95,30-39,turnout,M3_probit,0.45522622926722145,0.4500564312712564,0.45538142237102236,0.45271892682113934,0.005324991099765974,0.0,True,0.0025073024460821047,,198,3572,0.23689248961501538
jhr_se15,age,A,0.95,30-39,turnout,M1_lpm,0.4552431497723733,0.4500564312712564,0.45538142237102236,0.45271892682113934,0.005324991099765974,0.0,True,0.0025242229512339454,,198,3572,0.23689248961501538
jhr_se15,age,A,0.95,30-39,turnout,bivariate,0.4260235162126006,0.4500564312712564,0.45538142237102236,0.45271892682113934,0.005324991099765974,0.02403291505865579,False,-0.02669541060853875,,198,3572,0.23689248961501538
jhr_se15,age,A,0.95,30-39,BN,reconciled,0.1893918150782531,0.17808800248449086,0.1834129935842568,0.18075049803437382,0.005324991099765947,0.005978821493996284,False,0.00864131704387927,0.009064485265554378,198,3572,0.23689248961501538
jhr_se15,age,A,0.95,30-39,BN,M2_logit,0.18768196641252627,0.17808800248449086,0.1834129935842568,0.18075049803437382,0.005324991099765947,0.004268972828269463,False,0.00693146837815245,,198,3572,0.23689248961501538
jhr_se15,age,A,0.95,30-39,BN,M3_probit,0.18768151065167432,0.17808800248449086,0.1834129935842568,0.18075049803437382,0.005324991099765947,0.0042685170674175155,False,0.006931012617300503,,198,3572,0.23689248961501538
jhr_se15,age,A,0.95,30-39,BN,M1_lpm,0.18826261241459477,0.17808800248449086,0.1834129935842568,0.18075049803437382,0.005324991099765947,0.004849618830337965,False,0.007512114380220952,,198,3572,0.23689248961501538
jhr_se15,age,A,0.95,30-39,BN,bivariate,0.1758810927891995,0.17808800248449086,0.1834129935842568,0.18075049803437382,0.005324991099765947,0.002206909695291359,False,-0.004869405245174319,,198,3572,0.23689248961501538
jhr_se15,age,A,0.95,30-39,PH,reconciled,0.0986312917586774,0.10553783925041092,0.11043107431506072,0.10798445678273583,0.004893235064649795,0.006906547491733528,False,-0.009353165024058432,0.010095188037024054,198,3572,0.23689248961501538
jhr_se15,age,A,0.95,30-39,PH,M2_logit,0.09910280034661735,0.10553783925041092,0.11043107431506072,0.10798445678273583,0.004893235064649795,0.006435038903793572,False,-0.008881656436118476,,198,3572,0.23689248961501538
jhr_se15,age,A,0.95,30-39,PH,M3_probit,0.09910246838774833,0.10553783925041092,0.11043107431506072,0.10798445678273583,0.004893235064649795,0.00643537086266259,False,-0.008881988394987494,,198,3572,0.23689248961501538
jhr_se15,age,A,0.95,30-39,PH,M1_lpm,0.09789537724302885,0.10553783925041092,0.11043107431506072,0.10798445678273583,0.004893235064649795,0.00764246200738207,False,-0.010089079539706974,,198,3572,0.23689248961501538
jhr_se15,age,A,0.95,30-39,PH,bivariate,0.062316751833164555,0.10553783925041092,0.11043107431506072,0.10798445678273583,0.004893235064649795,0.04322108741724637,False,-0.04566770494957127,,198,3572,0.23689248961501538
jhr_se15,age,A,0.95,30-39,PN,reconciled,0.1346993382934601,0.12099773517448247,0.1262848529378347,0.12364129405615859,0.0052871177633522365,0.00841448535562539,False,0.011058044237301501,0.008157571234087753,198,3572,0.23689248961501538
jhr_se15,age,A,0.95,30-39,PN,M2_logit,0.13380009716043023,0.12099773517448247,0.1262848529378347,0.12364129405615859,0.0052871177633522365,0.00751524422259553,False,0.010158803104271641,,198,3572,0.23689248961501538
jhr_se15,age,A,0.95,30-39,PN,M3_probit,0.13379963775393205,0.12099773517448247,0.1262848529378347,0.12364129405615859,0.0052871177633522365,0.007514784816097353,False,0.010158343697773464,,198,3572,0.23689248961501538
jhr_se15,age,A,0.95,30-39,PN,M1_lpm,0.13375760300830475,0.12099773517448247,0.1262848529378347,0.12364129405615859,0.0052871177633522365,0.007472750070470047,False,0.010116308952146158,,198,3572,0.23689248961501538
jhr_se15,age,A,0.95,30-39,PN,bivariate,0.1600486469637843,0.12099773517448247,0.1262848529378347,0.12364129405615859,0.0052871177633522365,0.03376379402594959,False,0.0364073529076257,,198,3572,0.23689248961501538
jhr_se15,age,A,0.95,40-49,turnout,reconciled,0.5326658367867929,0.48735481453727986,0.49309198201573623,0.49022339827650807,0.005737167478456373,0.03957385477105668,False,0.04244243851028484,0.011805381644031668,134,3572,0.1855336416581765
jhr_se15,age,A,0.95,40-49,turnout,M2_logit,0.5326182571275587,0.48735481453727986,0.49309198201573623,0.49022339827650807,0.005737167478456373,0.039526275111822495,False,0.042394858851050654,,134,3572,0.1855336416581765
jhr_se15,age,A,0.95,40-49,turnout,M3_probit,0.5326184669407943,0.48735481453727986,0.49309198201573623,0.49022339827650807,0.005737167478456373,0.03952648492505806,False,0.04239506866428622,,134,3572,0.1855336416581765
jhr_se15,age,A,0.95,40-49,turnout,M1_lpm,0.5324723988033535,0.48735481453727986,0.49309198201573623,0.49022339827650807,0.005737167478456373,0.03938041678761728,False,0.04224900052684544,,134,3572,0.1855336416581765
jhr_se15,age,A,0.95,40-49,turnout,bivariate,0.5271248072435235,0.48735481453727986,0.49309198201573623,0.49022339827650807,0.005737167478456373,0.03403282522778728,False,0.03690140896701544,,134,3572,0.1855336416581765
jhr_se15,age,A,0.95,40-49,BN,reconciled,0.21362603174389014,0.16438741101536156,0.1701245784938179,0.16725599475458974,0.005737167478456345,0.043501453250072236,False,0.046370036989300395,0.011335184789083408,134,3572,0.1855336416581765
jhr_se15,age,A,0.95,40-49,BN,M2_logit,0.21368108657063678,0.16438741101536156,0.1701245784938179,0.16725599475458974,0.005737167478456345,0.04355650807681888,False,0.04642509181604704,,134,3572,0.1855336416581765
jhr_se15,age,A,0.95,40-49,BN,M3_probit,0.2136807629152908,0.16438741101536156,0.1701245784938179,0.16725599475458974,0.005737167478456345,0.04355618442147291,False,0.04642476816070107,,134,3572,0.1855336416581765
jhr_se15,age,A,0.95,40-49,BN,M1_lpm,0.2139829729715021,0.16438741101536156,0.1701245784938179,0.16725599475458974,0.005737167478456345,0.04385839447768419,False,0.04672697821691235,,134,3572,0.1855336416581765
jhr_se15,age,A,0.95,40-49,BN,bivariate,0.19587959330897498,0.16438741101536156,0.1701245784938179,0.16725599475458974,0.005737167478456345,0.025755014815157073,False,0.028623598554385232,,134,3572,0.1855336416581765
jhr_se15,age,A,0.95,40-49,PH,reconciled,0.13745416567856844,0.15105142375421507,0.15580507680779318,0.15342825028100412,0.004753653053578111,0.013597258075646629,False,-0.015974084602435684,0.012516806175848596,134,3572,0.1855336416581765
jhr_se15,age,A,0.95,40-49,PH,M2_logit,0.13752453582508536,0.15105142375421507,0.15580507680779318,0.15342825028100412,0.004753653053578111,0.013526887929129705,False,-0.01590371445591876,,134,3572,0.1855336416581765
jhr_se15,age,A,0.95,40-49,PH,M3_probit,0.13752395668175615,0.15105142375421507,0.15580507680779318,0.15342825028100412,0.004753653053578111,0.013527467072458915,False,-0.01590429359924797,,134,3572,0.1855336416581765
jhr_se15,age,A,0.95,40-49,PH,M1_lpm,0.13731859666386012,0.15105142375421507,0.15580507680779318,0.15342825028100412,0.004753653053578111,0.013732827090354949,False,-0.016109653617144004,,134,3572,0.1855336416581765
jhr_se15,age,A,0.95,40-49,PH,bivariate,0.13915277194566963,0.15105142375421507,0.15580507680779318,0.15342825028100412,0.004753653053578111,0.011898651808545435,False,-0.01427547833533449,,134,3572,0.1855336416581765
jhr_se15,age,A,0.95,40-49,PN,reconciled,0.14261742129822988,0.10716794679655302,0.11290511427500936,0.11003653053578119,0.005737167478456345,0.029712307023220516,False,0.03258089076244869,0.00994842182669612,134,3572,0.1855336416581765
jhr_se15,age,A,0.95,40-49,PN,M2_logit,0.142814164610759,0.10716794679655302,0.11290511427500936,0.11003653053578119,0.005737167478456345,0.02990905033574963,False,0.0327776340749778,,134,3572,0.1855336416581765
jhr_se15,age,A,0.95,40-49,PN,M3_probit,0.14281397212362829,0.10716794679655302,0.11290511427500936,0.11003653053578119,0.005737167478456345,0.029908857848618922,False,0.032777441587847095,,134,3572,0.1855336416581765
jhr_se15,age,A,0.95,40-49,PN,M1_lpm,0.14232438821185686,0.10716794679655302,0.11290511427500936,0.11003653053578119,0.005737167478456345,0.029419273936847498,False,0.03228785767607567,,134,3572,0.1855336416581765
jhr_se15,age,A,0.95,40-49,PN,bivariate,0.15177654637252785,0.10716794679655302,0.11290511427500936,0.11003653053578119,0.005737167478456345,0.03887143209751849,False,0.04174001583674666,,134,3572,0.1855336416581765
jhr_se15,age,A,0.95,50-59,turnout,reconciled,0.6278435939532231,0.5743623048843303,0.5819765749221777,0.578169439903254,0.007614270037847426,0.0458670190310454,False,0.04967415404996911,0.008993887495967265,78,3572,0.11616134025311846
jhr_se15,age,A,0.95,50-59,turnout,M2_logit,0.6286630596172572,0.5743623048843303,0.5819765749221777,0.578169439903254,0.007614270037847426,0.04668648469507952,False,0.050493619714003235,,78,3572,0.11616134025311846
jhr_se15,age,A,0.95,50-59,turnout,M3_probit,0.6286633783089454,0.5743623048843303,0.5819765749221777,0.578169439903254,0.007614270037847426,0.04668680338676767,False,0.050493938405691385,,78,3572,0.11616134025311846
jhr_se15,age,A,0.95,50-59,turnout,M1_lpm,0.6289161211395031,0.5743623048843303,0.5819765749221777,0.578169439903254,0.007614270037847426,0.046939546217325434,False,0.05074668123624915,,78,3572,0.11616134025311846
jhr_se15,age,A,0.95,50-59,turnout,bivariate,0.6744689939035836,0.5743623048843303,0.5819765749221777,0.578169439903254,0.007614270037847426,0.09249241898140592,False,0.09629955400032963,,78,3572,0.11616134025311846
jhr_se15,age,A,0.95,50-59,BN,reconciled,0.25249681255613066,0.1773677020580924,0.1855866347165924,0.1814771683873424,0.008218932658499989,0.06691017783953826,False,0.07101964416878825,0.012031649540205126,78,3572,0.11616134025311846
jhr_se15,age,A,0.95,50-59,BN,M2_logit,0.25203786534441247,0.1773677020580924,0.1855866347165924,0.1814771683873424,0.008218932658499989,0.06645123062782007,False,0.07056069695707007,,78,3572,0.11616134025311846
jhr_se15,age,A,0.95,50-59,BN,M3_probit,0.2520374620187099,0.1773677020580924,0.1855866347165924,0.1814771683873424,0.008218932658499989,0.06645082730211752,False,0.07056029363136751,,78,3572,0.11616134025311846
jhr_se15,age,A,0.95,50-59,BN,M1_lpm,0.2528915949050059,0.1773677020580924,0.1855866347165924,0.1814771683873424,0.008218932658499989,0.0673049601884135,False,0.0714144265176635,,78,3572,0.11616134025311846
jhr_se15,age,A,0.95,50-59,BN,bivariate,0.26798794265877035,0.1773677020580924,0.1855866347165924,0.1814771683873424,0.008218932658499989,0.08240130794217795,False,0.08651077427142795,,78,3572,0.11616134025311846
jhr_se15,age,A,0.95,50-59,PH,reconciled,0.18886522893785804,0.21904463305936892,0.22650213871408417,0.22277338588672654,0.007457505654715257,0.030179404121510878,False,-0.033908156948868506,0.016463566023198258,78,3572,0.11616134025311846
jhr_se15,age,A,0.95,50-59,PH,M2_logit,0.18933030625208816,0.21904463305936892,0.22650213871408417,0.22277338588672654,0.007457505654715257,0.029714326807280755,False,-0.033443079634638384,,78,3572,0.11616134025311846
jhr_se15,age,A,0.95,50-59,PH,M3_probit,0.18932990271449196,0.21904463305936892,0.22650213871408417,0.22277338588672654,0.007457505654715257,0.029714730344876955,False,-0.033443483172234584,,78,3572,0.11616134025311846
jhr_se15,age,A,0.95,50-59,PH,M1_lpm,0.18982201574390267,0.21904463305936892,0.22650213871408417,0.22277338588672654,0.007457505654715257,0.029222617315466243,False,-0.03295137014282387,,78,3572,0.11616134025311846
jhr_se15,age,A,0.95,50-59,PH,bivariate,0.22212986825405545,0.21904463305936892,0.22650213871408417,0.22277338588672654,0.007457505654715257,0.0,True,-0.0006435176326710923,,78,3572,0.11616134025311846
jhr_se15,age,A,0.95,50-59,PN,reconciled,0.13257534919163827,0.08467516180323831,0.09253577587172195,0.08860546883748013,0.007860614068483637,0.040039573319916325,False,0.043969880354158136,0.008832470137384934,78,3572,0.11616134025311846
jhr_se15,age,A,0.95,50-59,PN,M2_logit,0.13222826264985557,0.08467516180323831,0.09253577587172195,0.08860546883748013,0.007860614068483637,0.039692486778133626,False,0.04362279381237544,,78,3572,0.11616134025311846
jhr_se15,age,A,0.95,50-59,PN,M3_probit,0.13222728811258605,0.08467516180323831,0.09253577587172195,0.08860546883748013,0.007860614068483637,0.039691512240864105,False,0.043621819275105916,,78,3572,0.11616134025311846
jhr_se15,age,A,0.95,50-59,PN,M1_lpm,0.1315609454108414,0.08467516180323831,0.09253577587172195,0.08860546883748013,0.007860614068483637,0.039025169539119456,False,0.04295547657336127,,78,3572,0.11616134025311846
jhr_se15,age,A,0.95,50-59,PN,bivariate,0.12480666622018693,0.08467516180323831,0.09253577587172195,0.08860546883748013,0.007860614068483637,0.03227089034846499,False,0.0362011973827068,,78,3572,0.11616134025311846
jhr_se15,age,A,0.95,60-69,turnout,reconciled,0.6601106377631282,0.6092075375115974,0.6144543622228621,0.6118309498672297,0.005246824711264697,0.04565627554026608,False,0.04827968789589843,0.010344344773544687,71,3572,0.10874761243724494
jhr_se15,age,A,0.95,60-69,turnout,M2_logit,0.6608209311861215,0.6092075375115974,0.6144543622228621,0.6118309498672297,0.005246824711264697,0.046366568963259414,False,0.04898998131889176,,71,3572,0.10874761243724494
jhr_se15,age,A,0.95,60-69,turnout,M3_probit,0.6608219329962209,0.6092075375115974,0.6144543622228621,0.6118309498672297,0.005246824711264697,0.046367570773358846,False,0.048990983128991195,,71,3572,0.10874761243724494
jhr_se15,age,A,0.95,60-69,turnout,M1_lpm,0.6622877182684106,0.6092075375115974,0.6144543622228621,0.6118309498672297,0.005246824711264697,0.0478333560455485,False,0.05045676840118085,,71,3572,0.10874761243724494
jhr_se15,age,A,0.95,60-69,turnout,bivariate,0.6821161743050588,0.6092075375115974,0.6144543622228621,0.6118309498672297,0.005246824711264697,0.06766181208219668,False,0.07028522443782903,,71,3572,0.10874761243724494
jhr_se15,age,A,0.95,60-69,BN,reconciled,0.30112691277369885,0.20996896695140288,0.21521579166266755,0.21259237930703523,0.005246824711264669,0.0859111211110313,False,0.08853453346666362,0.018128318295898293,71,3572,0.10874761243724494
jhr_se15,age,A,0.95,60-69,BN,M2_logit,0.30398835475615477,0.20996896695140288,0.21521579166266755,0.21259237930703523,0.005246824711264669,0.08877256309348722,False,0.09139597544911954,,71,3572,0.10874761243724494
jhr_se15,age,A,0.95,60-69,BN,M3_probit,0.3039884651462203,0.20996896695140288,0.21521579166266755,0.21259237930703523,0.005246824711264669,0.08877267348355275,False,0.09139608583918507,,71,3572,0.10874761243724494
jhr_se15,age,A,0.95,60-69,BN,M1_lpm,0.299811049065857,0.20996896695140288,0.21521579166266755,0.21259237930703523,0.005246824711264669,0.08459525740318943,False,0.08721866975882175,,71,3572,0.10874761243724494
jhr_se15,age,A,0.95,60-69,BN,bivariate,0.3223530358776678,0.20996896695140288,0.21521579166266755,0.21259237930703523,0.005246824711264669,0.10713724421500023,False,0.10976065657063255,,71,3572,0.10874761243724494
jhr_se15,age,A,0.95,60-69,PH,reconciled,0.20306878782208448,0.27453050516684263,0.27977732987810733,0.277153917522475,0.005246824711264697,0.07146171734475815,False,-0.0740851297003905,0.019462238804701645,71,3572,0.10874761243724494
jhr_se15,age,A,0.95,60-69,PH,M2_logit,0.20388851730895605,0.27453050516684263,0.27977732987810733,0.277153917522475,0.005246824711264697,0.07064198785788658,False,-0.07326540021351893,,71,3572,0.10874761243724494
jhr_se15,age,A,0.95,60-69,PH,M3_probit,0.2038885092999388,0.27453050516684263,0.27977732987810733,0.277153917522475,0.005246824711264697,0.07064199586690384,False,-0.07326540822253619,,71,3572,0.10874761243724494
jhr_se15,age,A,0.95,60-69,PH,M1_lpm,0.2104781821763481,0.27453050516684263,0.27977732987810733,0.277153917522475,0.005246824711264697,0.06405232299049454,False,-0.06667573534612689,,71,3572,0.10874761243724494
jhr_se15,age,A,0.95,60-69,PH,bivariate,0.24005663718517642,0.27453050516684263,0.27977732987810733,0.277153917522475,0.005246824711264697,0.03447386798166621,False,-0.03709728033729856,,71,3572,0.10874761243724494
jhr_se15,age,A,0.95,60-69,PN,reconciled,0.10057676385848437,0.06718495057107209,0.07198387561186294,0.06958441309146751,0.004798925040790852,0.02859288824662143,False,0.030992350767016855,0.007853524514876486,71,3572,0.10874761243724494
jhr_se15,age,A,0.95,60-69,PN,M2_logit,0.10090451948357759,0.06718495057107209,0.07198387561186294,0.06958441309146751,0.004798925040790852,0.028920643871714655,False,0.03132010639211008,,71,3572,0.10874761243724494
jhr_se15,age,A,0.95,60-69,PN,M3_probit,0.10090649349345882,0.06718495057107209,0.07198387561186294,0.06958441309146751,0.004798925040790852,0.028922617881595877,False,0.031322080401991303,,71,3572,0.10874761243724494
jhr_se15,age,A,0.95,60-69,PN,M1_lpm,0.09777491875101679,0.06718495057107209,0.07198387561186294,0.06958441309146751,0.004798925040790852,0.025791043139153855,False,0.02819050565954928,,71,3572,0.10874761243724494
jhr_se15,age,A,0.95,60-69,PN,bivariate,0.05888779842914492,0.06718495057107209,0.07198387561186294,0.06958441309146751,0.004798925040790852,0.008297152141927167,False,-0.010696614662322593,,71,3572,0.10874761243724494
jhr_se15,age,A,0.95,70+,turnout,reconciled,0.46739249846551756,0.3476148409893993,0.3706934628975265,0.3591541519434629,0.023078621908127206,0.09669903556799103,False,0.10823834652205466,0.012135839348417873,23,3572,0.043660416837416054
jhr_se15,age,A,0.95,70+,turnout,M2_logit,0.4665046517389198,0.3476148409893993,0.3706934628975265,0.3591541519434629,0.023078621908127206,0.09581118884139328,False,0.10735049979545691,,23,3572,0.043660416837416054
jhr_se15,age,A,0.95,70+,turnout,M3_probit,0.4665044676193365,0.3476148409893993,0.3706934628975265,0.3591541519434629,0.023078621908127206,0.09581100472180998,False,0.10735031567587361,,23,3572,0.043660416837416054
jhr_se15,age,A,0.95,70+,turnout,M1_lpm,0.46541113189386407,0.3476148409893993,0.3706934628975265,0.3591541519434629,0.023078621908127206,0.09471766899633755,False,0.10625697995040118,,23,3572,0.043660416837416054
jhr_se15,age,A,0.95,70+,turnout,bivariate,0.531541504411139,0.3476148409893993,0.3706934628975265,0.3591541519434629,0.023078621908127206,0.16084804151361248,False,0.1723873524676761,,23,3572,0.043660416837416054
jhr_se15,age,A,0.95,70+,BN,reconciled,0.2457874449068555,0.06724823321554771,0.09032685512367492,0.07878754416961131,0.023078621908127206,0.15546058978318059,False,0.1669999007372442,0.016231279092914625,23,3572,0.043660416837416054
jhr_se15,age,A,0.95,70+,BN,M2_logit,0.24151111211730353,0.06724823321554771,0.09032685512367492,0.07878754416961131,0.023078621908127206,0.1511842569936286,False,0.16272356794769222,,23,3572,0.043660416837416054
jhr_se15,age,A,0.95,70+,BN,M3_probit,0.24151002547540656,0.06724823321554771,0.09032685512367492,0.07878754416961131,0.023078621908127206,0.15118317035173165,False,0.16272248130579525,,23,3572,0.043660416837416054
jhr_se15,age,A,0.95,70+,BN,M1_lpm,0.24410238437944334,0.06724823321554771,0.09032685512367492,0.07878754416961131,0.023078621908127206,0.15377552925576843,False,0.16531484020983203,,23,3572,0.043660416837416054
jhr_se15,age,A,0.95,70+,BN,bivariate,0.28109630530655105,0.06724823321554771,0.09032685512367492,0.07878754416961131,0.023078621908127206,0.19076945018287614,False,0.20230876113693974,,23,3572,0.043660416837416054
jhr_se15,age,A,0.95,70+,PH,reconciled,0.13504018532869075,0.21135159010600707,0.23443021201413428,0.22289090106007067,0.023078621908127206,0.07631140477731632,False,-0.08785071573137992,0.012817504484287605,23,3572,0.043660416837416054
jhr_se15,age,A,0.95,70+,PH,M2_logit,0.13513219445594563,0.21135159010600707,0.23443021201413428,0.22289090106007067,0.023078621908127206,0.07621939565006144,False,-0.08775870660412505,,23,3572,0.043660416837416054
jhr_se15,age,A,0.95,70+,PH,M3_probit,0.1351305337987948,0.21135159010600707,0.23443021201413428,0.22289090106007067,0.023078621908127206,0.07622105630721226,False,-0.08776036726127587,,23,3572,0.043660416837416054
jhr_se15,age,A,0.95,70+,PH,M1_lpm,0.12862372388089824,0.21135159010600707,0.23443021201413428,0.22289090106007067,0.023078621908127206,0.08272786622510883,False,-0.09426717717917243,,23,3572,0.043660416837416054
jhr_se15,age,A,0.95,70+,PH,bivariate,0.16999263598081596,0.21135159010600707,0.23443021201413428,0.22289090106007067,0.023078621908127206,0.04135895412519111,False,-0.052898265079254714,,23,3572,0.043660416837416054
jhr_se15,age,A,0.95,70+,PN,reconciled,0.04707566441463113,0.007840106007067138,0.020207597173144878,0.014023851590106008,0.01236749116607774,0.026868067241486254,False,0.03305181282452512,0.003950737425249089,23,3572,0.043660416837416054
jhr_se15,age,A,0.95,70+,PN,M2_logit,0.04586490481641325,0.007840106007067138,0.020207597173144878,0.014023851590106008,0.01236749116607774,0.02565730764326837,False,0.03184105322630724,,23,3572,0.043660416837416054
jhr_se15,age,A,0.95,70+,PN,M3_probit,0.04585883597046827,0.007840106007067138,0.020207597173144878,0.014023851590106008,0.01236749116607774,0.02565123879732339,False,0.03183498438036226,,23,3572,0.043660416837416054
jhr_se15,age,A,0.95,70+,PN,M1_lpm,0.05297130059194068,0.007840106007067138,0.020207597173144878,0.014023851590106008,0.01236749116607774,0.03276370341879581,False,0.03894744900183467,,23,3572,0.043660416837416054
jhr_se15,age,A,0.95,70+,PN,bivariate,0.03338165338218327,0.007840106007067138,0.020207597173144878,0.014023851590106008,0.01236749116607774,0.01317405620903839,False,0.01935780179207726,,23,3572,0.043660416837416054
jhr_se15,age,B,0.95,18-29,turnout,reconciled,0.47351178032485797,0.5034922096860849,0.5050170133292399,0.5042546115076624,0.0015248036431549927,0.029980429361226912,False,-0.03074283118280441,0.013428483291634347,562,2068,0.5765452421410365
jhr_se15,age,B,0.95,18-29,turnout,M2_logit,0.4735413225652878,0.5034922096860849,0.5050170133292399,0.5042546115076624,0.0015248036431549927,0.029950887120797076,False,-0.030713288942374573,,562,2068,0.5765452421410365
jhr_se15,age,B,0.95,18-29,turnout,M3_probit,0.47354131597944776,0.5034922096860849,0.5050170133292399,0.5042546115076624,0.0015248036431549927,0.029950893706637116,False,-0.030713295528214613,,562,2068,0.5765452421410365
jhr_se15,age,B,0.95,18-29,turnout,M1_lpm,0.4735410376097399,0.5034922096860849,0.5050170133292399,0.5042546115076624,0.0015248036431549927,0.029951172076344956,False,-0.030713573897922453,,562,2068,0.5765452421410365
jhr_se15,age,B,0.95,18-29,turnout,bivariate,0.41476350482248137,0.5034922096860849,0.5050170133292399,0.5042546115076624,0.0015248036431549927,0.08872870486360351,False,-0.08949110668518101,,562,2068,0.5765452421410365
jhr_se15,age,B,0.95,18-29,BN,reconciled,0.19766367673683347,0.19586819147030982,0.19739299511346484,0.1966305932918873,0.0015248036431550205,0.00027068162336862933,False,0.0010330834449461535,0.015403053104225566,562,2068,0.5765452421410365
jhr_se15,age,B,0.95,18-29,BN,M2_logit,0.19796519746111083,0.19586819147030982,0.19739299511346484,0.1966305932918873,0.0015248036431550205,0.0005722023476459892,False,0.0013346041692235133,,562,2068,0.5765452421410365
jhr_se15,age,B,0.95,18-29,BN,M3_probit,0.19796353572351955,0.19586819147030982,0.19739299511346484,0.1966305932918873,0.0015248036431550205,0.0005705406100547095,False,0.0013329424316322336,,562,2068,0.5765452421410365
jhr_se15,age,B,0.95,18-29,BN,M1_lpm,0.19855236876609655,0.19586819147030982,0.19739299511346484,0.1966305932918873,0.0015248036431550205,0.0011593736526317178,False,0.0019217754742092419,,562,2068,0.5765452421410365
jhr_se15,age,B,0.95,18-29,BN,bivariate,0.17298130277892032,0.19586819147030982,0.19739299511346484,0.1966305932918873,0.0015248036431550205,0.022886888691389495,False,-0.02364929051296699,,562,2068,0.5765452421410365
jhr_se15,age,B,0.95,18-29,PH,reconciled,0.11843229037906335,0.12356026300304448,0.12488807020236907,0.12422416660270677,0.001327807199324585,0.005127972623981139,False,-0.005791876223643425,0.01364702742808455,562,2068,0.5765452421410365
jhr_se15,age,B,0.95,18-29,PH,M2_logit,0.11848409188277806,0.12356026300304448,0.12488807020236907,0.12422416660270677,0.001327807199324585,0.005076171120266426,False,-0.005740074719928712,,562,2068,0.5765452421410365
jhr_se15,age,B,0.95,18-29,PH,M3_probit,0.11848216735770734,0.12356026300304448,0.12488807020236907,0.12422416660270677,0.001327807199324585,0.0050780956453371495,False,-0.005741999244999435,,562,2068,0.5765452421410365
jhr_se15,age,B,0.95,18-29,PH,M1_lpm,0.1178974683355506,0.12356026300304448,0.12488807020236907,0.12422416660270677,0.001327807199324585,0.005662794667493878,False,-0.006326698267156164,,562,2068,0.5765452421410365
jhr_se15,age,B,0.95,18-29,PH,bivariate,0.08462334506811994,0.12356026300304448,0.12488807020236907,0.12422416660270677,0.001327807199324585,0.03893691793492454,False,-0.03960082153458683,,562,2068,0.5765452421410365
jhr_se15,age,B,0.95,18-29,PN,reconciled,0.12187810931691373,0.13244301174303477,0.13393711464169672,0.13319006319236576,0.0014941028986619476,0.010564902426121042,False,-0.01131195387545203,0.011082773033890648,562,2068,0.5765452421410365
jhr_se15,age,B,0.95,18-29,PN,M2_logit,0.1219460554268155,0.13244301174303477,0.13393711464169672,0.13319006319236576,0.0014941028986619476,0.010496956316219275,False,-0.011244007765550262,,562,2068,0.5765452421410365
jhr_se15,age,B,0.95,18-29,PN,M3_probit,0.12194398853219213,0.13244301174303477,0.13393711464169672,0.13319006319236576,0.0014941028986619476,0.010499023210842645,False,-0.011246074660173633,,562,2068,0.5765452421410365
jhr_se15,age,B,0.95,18-29,PN,M1_lpm,0.12154405352570632,0.13244301174303477,0.13393711464169672,0.13319006319236576,0.0014941028986619476,0.010898958217328447,False,-0.011646009666659435,,562,2068,0.5765452421410365
jhr_se15,age,B,0.95,18-29,PN,bivariate,0.1268442559697598,0.13244301174303477,0.13393711464169672,0.13319006319236576,0.0014941028986619476,0.005598755773274983,False,-0.00634580722260597,,562,2068,0.5765452421410365
jhr_se15,age,B,0.95,30-39,turnout,reconciled,0.44650894226537036,0.4500564312712564,0.45538142237102236,0.45271892682113934,0.005324991099765974,0.0035474890058860287,False,-0.006209984555768988,0.0080342803532466,198,2068,0.23689248961501538
jhr_se15,age,B,0.95,30-39,turnout,M2_logit,0.4460584518264142,0.4500564312712564,0.45538142237102236,0.45271892682113934,0.005324991099765974,0.0039979794448422035,False,-0.006660474994725163,,198,2068,0.23689248961501538
jhr_se15,age,B,0.95,30-39,turnout,M3_probit,0.4460583294135384,0.4500564312712564,0.45538142237102236,0.45271892682113934,0.005324991099765974,0.003998101857717984,False,-0.006660597407600943,,198,2068,0.23689248961501538
jhr_se15,age,B,0.95,30-39,turnout,M1_lpm,0.446053097063247,0.4500564312712564,0.45538142237102236,0.45271892682113934,0.005324991099765974,0.0040033342080094125,False,-0.006665829757892372,,198,2068,0.23689248961501538
jhr_se15,age,B,0.95,30-39,turnout,bivariate,0.40577700760109014,0.4500564312712564,0.45538142237102236,0.45271892682113934,0.005324991099765974,0.04427942367016624,False,-0.0469419192200492,,198,2068,0.23689248961501538
jhr_se15,age,B,0.95,30-39,BN,reconciled,0.1776713416681077,0.17808800248449086,0.1834129935842568,0.18075049803437382,0.005324991099765947,0.00041666081638316865,False,-0.003079156366266128,0.009210351395374874,198,2068,0.23689248961501538
jhr_se15,age,B,0.95,30-39,BN,M2_logit,0.17740166713615418,0.17808800248449086,0.1834129935842568,0.18075049803437382,0.005324991099765947,0.0006863353483366752,False,-0.0033488308982196346,,198,2068,0.23689248961501538
jhr_se15,age,B,0.95,30-39,BN,M3_probit,0.17740149468019273,0.17808800248449086,0.1834129935842568,0.18075049803437382,0.005324991099765947,0.000686507804298131,False,-0.0033490033541810904,,198,2068,0.23689248961501538
jhr_se15,age,B,0.95,30-39,BN,M1_lpm,0.17725319881462717,0.17808800248449086,0.1834129935842568,0.18075049803437382,0.005324991099765947,0.0008348036698636874,False,-0.003497299219746647,,198,2068,0.23689248961501538
jhr_se15,age,B,0.95,30-39,BN,bivariate,0.15651550903965095,0.17808800248449086,0.1834129935842568,0.18075049803437382,0.005324991099765947,0.021572493444839913,False,-0.024234988994722872,,198,2068,0.23689248961501538
jhr_se15,age,B,0.95,30-39,PH,reconciled,0.10403759457447953,0.10553783925041092,0.11043107431506072,0.10798445678273583,0.004893235064649795,0.001500244675931392,False,-0.0039468622082562965,0.012637566409058353,198,2068,0.23689248961501538
jhr_se15,age,B,0.95,30-39,PH,M2_logit,0.10356208114004993,0.10553783925041092,0.11043107431506072,0.10798445678273583,0.004893235064649795,0.0019757581103609922,False,-0.004422375642685897,,198,2068,0.23689248961501538
jhr_se15,age,B,0.95,30-39,PH,M3_probit,0.10356148334923887,0.10553783925041092,0.11043107431506072,0.10798445678273583,0.004893235064649795,0.0019763559011720527,False,-0.004422973433496957,,198,2068,0.23689248961501538
jhr_se15,age,B,0.95,30-39,PH,M1_lpm,0.10402466154749314,0.10553783925041092,0.11043107431506072,0.10798445678273583,0.004893235064649795,0.001513177702917784,False,-0.0039597952352426885,,198,2068,0.23689248961501538
jhr_se15,age,B,0.95,30-39,PH,bivariate,0.08075494683032773,0.10553783925041092,0.11043107431506072,0.10798445678273583,0.004893235064649795,0.02478289242008319,False,-0.027229509952408096,,198,2068,0.23689248961501538
jhr_se15,age,B,0.95,30-39,PN,reconciled,0.1283534076502901,0.12099773517448247,0.1262848529378347,0.12364129405615859,0.0052871177633522365,0.0020685547124554005,False,0.004712113594131512,0.007094515192900833,198,2068,0.23689248961501538
jhr_se15,age,B,0.95,30-39,PN,M2_logit,0.1283255615446285,0.12099773517448247,0.1262848529378347,0.12364129405615859,0.0052871177633522365,0.002040708606793812,False,0.004684267488469923,,198,2068,0.23689248961501538
jhr_se15,age,B,0.95,30-39,PN,M3_probit,0.1283252973251805,0.12099773517448247,0.1262848529378347,0.12364129405615859,0.0052871177633522365,0.0020404443873457967,False,0.004684003269021908,,198,2068,0.23689248961501538
jhr_se15,age,B,0.95,30-39,PN,M1_lpm,0.12824028488181968,0.12099773517448247,0.1262848529378347,0.12364129405615859,0.0052871177633522365,0.001955431943984981,False,0.004598990825661092,,198,2068,0.23689248961501538
jhr_se15,age,B,0.95,30-39,PN,bivariate,0.13719910406851965,0.12099773517448247,0.1262848529378347,0.12364129405615859,0.0052871177633522365,0.010914251130684949,False,0.01355781001236106,,198,2068,0.23689248961501538
jhr_se15,age,B,0.95,40-49,turnout,reconciled,0.5157840677638533,0.48735481453727986,0.49309198201573623,0.49022339827650807,0.005737167478456373,0.022692085748117097,False,0.025560669487345256,0.011214529818972262,134,2068,0.1855336416581765
jhr_se15,age,B,0.95,40-49,turnout,M2_logit,0.515503496063238,0.48735481453727986,0.49309198201573623,0.49022339827650807,0.005737167478456373,0.022411514047501746,False,0.025280097786729905,,134,2068,0.1855336416581765
jhr_se15,age,B,0.95,40-49,turnout,M3_probit,0.5155034712735448,0.48735481453727986,0.49309198201573623,0.49022339827650807,0.005737167478456373,0.02241148925780856,False,0.025280072997036718,,134,2068,0.1855336416581765
jhr_se15,age,B,0.95,40-49,turnout,M1_lpm,0.5154253098888908,0.48735481453727986,0.49309198201573623,0.49022339827650807,0.005737167478456373,0.022333327873154563,False,0.02520191161238272,,134,2068,0.1855336416581765
jhr_se15,age,B,0.95,40-49,turnout,bivariate,0.5165269449234166,0.48735481453727986,0.49309198201573623,0.49022339827650807,0.005737167478456373,0.023434962907680323,False,0.026303546646908482,,134,2068,0.1855336416581765
jhr_se15,age,B,0.95,40-49,BN,reconciled,0.19832048125688925,0.16438741101536156,0.1701245784938179,0.16725599475458974,0.005737167478456345,0.02819590276307135,False,0.03106448650229951,0.011222705922000703,134,2068,0.1855336416581765
jhr_se15,age,B,0.95,40-49,BN,M2_logit,0.1985505821958806,0.16438741101536156,0.1701245784938179,0.16725599475458974,0.005737167478456345,0.02842600370206269,False,0.03129458744129085,,134,2068,0.1855336416581765
jhr_se15,age,B,0.95,40-49,BN,M3_probit,0.19854984502222817,0.16438741101536156,0.1701245784938179,0.16725599475458974,0.005737167478456345,0.028425266528410265,False,0.03129385026763842,,134,2068,0.1855336416581765
jhr_se15,age,B,0.95,40-49,BN,M1_lpm,0.19903665578475346,0.16438741101536156,0.1701245784938179,0.16725599475458974,0.005737167478456345,0.02891207729093556,False,0.03178066103016372,,134,2068,0.1855336416581765
jhr_se15,age,B,0.95,40-49,BN,bivariate,0.18677732609692083,0.16438741101536156,0.1701245784938179,0.16725599475458974,0.005737167478456345,0.016652747603102924,False,0.019521331342331083,,134,2068,0.1855336416581765
jhr_se15,age,B,0.95,40-49,PH,reconciled,0.14468392705197733,0.15105142375421507,0.15580507680779318,0.15342825028100412,0.004753653053578111,0.0063674967022377404,False,-0.008744323229026796,0.01314910010523554,134,2068,0.1855336416581765
jhr_se15,age,B,0.95,40-49,PH,M2_logit,0.14471623106646825,0.15105142375421507,0.15580507680779318,0.15342825028100412,0.004753653053578111,0.006335192687746821,False,-0.008712019214535877,,134,2068,0.1855336416581765
jhr_se15,age,B,0.95,40-49,PH,M3_probit,0.14471511707114598,0.15105142375421507,0.15580507680779318,0.15342825028100412,0.004753653053578111,0.006336306683069087,False,-0.008713133209858143,,134,2068,0.1855336416581765
jhr_se15,age,B,0.95,40-49,PH,M1_lpm,0.14345758064387962,0.15105142375421507,0.15580507680779318,0.15342825028100412,0.004753653053578111,0.007593843110335452,False,-0.009970669637124507,,134,2068,0.1855336416581765
jhr_se15,age,B,0.95,40-49,PH,bivariate,0.14536013505734385,0.15105142375421507,0.15580507680779318,0.15342825028100412,0.004753653053578111,0.005691288696871216,False,-0.008068115223660272,,134,2068,0.1855336416581765
jhr_se15,age,B,0.95,40-49,PN,reconciled,0.1327788949505164,0.10716794679655302,0.11290511427500936,0.11003653053578119,0.005737167478456345,0.019873780675507033,False,0.022742364414735206,0.008688666507659187,134,2068,0.1855336416581765
jhr_se15,age,B,0.95,40-49,PN,M2_logit,0.13310333077590805,0.10716794679655302,0.11290511427500936,0.11003653053578119,0.005737167478456345,0.02019821650089869,False,0.02306680024012686,,134,2068,0.1855336416581765
jhr_se15,age,B,0.95,40-49,PN,M3_probit,0.13310283219846147,0.10716794679655302,0.11290511427500936,0.11003653053578119,0.005737167478456345,0.02019771792345211,False,0.023066301662680283,,134,2068,0.1855336416581765
jhr_se15,age,B,0.95,40-49,PN,M1_lpm,0.1329594159257311,0.10716794679655302,0.11290511427500936,0.11003653053578119,0.005737167478456345,0.020054301650721737,False,0.02292288538994991,,134,2068,0.1855336416581765
jhr_se15,age,B,0.95,40-49,PN,bivariate,0.1430297261829467,0.10716794679655302,0.11290511427500936,0.11003653053578119,0.005737167478456345,0.030124611907937346,False,0.03299319564716552,,134,2068,0.1855336416581765
jhr_se15,age,B,0.95,50-59,turnout,reconciled,0.6160591300786492,0.5743623048843303,0.5819765749221777,0.578169439903254,0.007614270037847426,0.03408255515647152,False,0.03788969017539523,0.009110219269693059,78,2068,0.11616134025311846
jhr_se15,age,B,0.95,50-59,turnout,M2_logit,0.6165683045898921,0.5743623048843303,0.5819765749221777,0.578169439903254,0.007614270037847426,0.0345917296677144,False,0.03839886468663811,,78,2068,0.11616134025311846
jhr_se15,age,B,0.95,50-59,turnout,M3_probit,0.616568421524876,0.5743623048843303,0.5819765749221777,0.578169439903254,0.007614270037847426,0.03459184660269832,False,0.03839898162162203,,78,2068,0.11616134025311846
jhr_se15,age,B,0.95,50-59,turnout,M1_lpm,0.6165431721851572,0.5743623048843303,0.5819765749221777,0.578169439903254,0.007614270037847426,0.034566597262979504,False,0.03837373228190322,,78,2068,0.11616134025311846
jhr_se15,age,B,0.95,50-59,turnout,bivariate,0.6638130295768183,0.5743623048843303,0.5819765749221777,0.578169439903254,0.007614270037847426,0.08183645465464062,False,0.08564358967356434,,78,2068,0.11616134025311846
jhr_se15,age,B,0.95,50-59,BN,reconciled,0.23346466246665853,0.1773677020580924,0.1855866347165924,0.1814771683873424,0.008218932658499989,0.04787802775006614,False,0.05198749407931613,0.0119525426030522,78,2068,0.11616134025311846
jhr_se15,age,B,0.95,50-59,BN,M2_logit,0.2322746486601749,0.1773677020580924,0.1855866347165924,0.1814771683873424,0.008218932658499989,0.04668801394358249,False,0.050797480272832485,,78,2068,0.11616134025311846
jhr_se15,age,B,0.95,50-59,BN,M3_probit,0.23227420202752386,0.1773677020580924,0.1855866347165924,0.1814771683873424,0.008218932658499989,0.04668756731093146,False,0.050797033640181455,,78,2068,0.11616134025311846
jhr_se15,age,B,0.95,50-59,BN,M1_lpm,0.23336295441599283,0.1773677020580924,0.1855866347165924,0.1814771683873424,0.008218932658499989,0.04777631969940044,False,0.05188578602865043,,78,2068,0.11616134025311846
jhr_se15,age,B,0.95,50-59,BN,bivariate,0.2519298399360798,0.1773677020580924,0.1855866347165924,0.1814771683873424,0.008218932658499989,0.06634320521948742,False,0.07045267154873741,,78,2068,0.11616134025311846
jhr_se15,age,B,0.95,50-59,PH,reconciled,0.20287902905427047,0.21904463305936892,0.22650213871408417,0.22277338588672654,0.007457505654715257,0.01616560400509845,False,-0.019894356832456078,0.019685198932344574,78,2068,0.11616134025311846
jhr_se15,age,B,0.95,50-59,PH,M2_logit,0.20339512070302876,0.21904463305936892,0.22650213871408417,0.22277338588672654,0.007457505654715257,0.015649512356340156,False,-0.019378265183697785,,78,2068,0.11616134025311846
jhr_se15,age,B,0.95,50-59,PH,M3_probit,0.20339500845868297,0.21904463305936892,0.22650213871408417,0.22277338588672654,0.007457505654715257,0.015649624600685946,False,-0.019378377428043575,,78,2068,0.11616134025311846
jhr_se15,age,B,0.95,50-59,PH,M1_lpm,0.20387651429444772,0.21904463305936892,0.22650213871408417,0.22277338588672654,0.007457505654715257,0.01516811876492119,False,-0.01889687159227882,,78,2068,0.11616134025311846
jhr_se15,age,B,0.95,50-59,PH,bivariate,0.22812142885523276,0.21904463305936892,0.22650213871408417,0.22277338588672654,0.007457505654715257,0.0016192901411485883,False,0.005348042968506217,,78,2068,0.11616134025311846
jhr_se15,age,B,0.95,50-59,PN,reconciled,0.12471008934911436,0.08467516180323831,0.09253577587172195,0.08860546883748013,0.007860614068483637,0.03217431347739241,False,0.036104620511634225,0.0081280266441398,78,2068,0.11616134025311846
jhr_se15,age,B,0.95,50-59,PN,M2_logit,0.12409004034579481,0.08467516180323831,0.09253577587172195,0.08860546883748013,0.007860614068483637,0.03155426447407286,False,0.035484571508314675,,78,2068,0.11616134025311846
jhr_se15,age,B,0.95,50-59,PN,M3_probit,0.12408851652615605,0.08467516180323831,0.09253577587172195,0.08860546883748013,0.007860614068483637,0.0315527406544341,False,0.03548304768867591,,78,2068,0.11616134025311846
jhr_se15,age,B,0.95,50-59,PN,M1_lpm,0.12387151100649234,0.08467516180323831,0.09253577587172195,0.08860546883748013,0.007860614068483637,0.03133573513477039,False,0.035266042169012204,,78,2068,0.11616134025311846
jhr_se15,age,B,0.95,50-59,PN,bivariate,0.12436642321305978,0.08467516180323831,0.09253577587172195,0.08860546883748013,0.007860614068483637,0.03183064734133784,False,0.03576095437557965,,78,2068,0.11616134025311846
jhr_se15,age,B,0.95,60-69,turnout,reconciled,0.654989610662252,0.6092075375115974,0.6144543622228621,0.6118309498672297,0.005246824711264697,0.04053524843938994,False,0.043158660795022286,0.00990910403373962,71,2068,0.10874761243724494
jhr_se15,age,B,0.95,60-69,turnout,M2_logit,0.6554802539126899,0.6092075375115974,0.6144543622228621,0.6118309498672297,0.005246824711264697,0.04102589168982784,False,0.04364930404546019,,71,2068,0.10874761243724494
jhr_se15,age,B,0.95,60-69,turnout,M3_probit,0.6554811908725764,0.6092075375115974,0.6144543622228621,0.6118309498672297,0.005246824711264697,0.0410268286497143,False,0.043650241005346646,,71,2068,0.10874761243724494
jhr_se15,age,B,0.95,60-69,turnout,M1_lpm,0.6560244229462787,0.6092075375115974,0.6144543622228621,0.6118309498672297,0.005246824711264697,0.041570060723416624,False,0.04419347307904897,,71,2068,0.10874761243724494
jhr_se15,age,B,0.95,60-69,turnout,bivariate,0.6897354129443557,0.6092075375115974,0.6144543622228621,0.6118309498672297,0.005246824711264697,0.0752810507214936,False,0.07790446307712595,,71,2068,0.10874761243724494
jhr_se15,age,B,0.95,60-69,BN,reconciled,0.29231849687493594,0.20996896695140288,0.21521579166266755,0.21259237930703523,0.005246824711264669,0.07710270521226839,False,0.07972611756790071,0.018139873554181753,71,2068,0.10874761243724494
jhr_se15,age,B,0.95,60-69,BN,M2_logit,0.2950204060536524,0.20996896695140288,0.21521579166266755,0.21259237930703523,0.005246824711264669,0.07980461439098482,False,0.08242802674661714,,71,2068,0.10874761243724494
jhr_se15,age,B,0.95,60-69,BN,M3_probit,0.29502032273836615,0.20996896695140288,0.21521579166266755,0.21259237930703523,0.005246824711264669,0.0798045310756986,False,0.08242794343133092,,71,2068,0.10874761243724494
jhr_se15,age,B,0.95,60-69,BN,M1_lpm,0.29229719616919597,0.20996896695140288,0.21521579166266755,0.21259237930703523,0.005246824711264669,0.07708140450652842,False,0.07970481686216074,,71,2068,0.10874761243724494
jhr_se15,age,B,0.95,60-69,BN,bivariate,0.3243003341809031,0.20996896695140288,0.21521579166266755,0.21259237930703523,0.005246824711264669,0.10908454251823554,False,0.11170795487386787,,71,2068,0.10874761243724494
jhr_se15,age,B,0.95,60-69,PH,reconciled,0.20802294598754958,0.27453050516684263,0.27977732987810733,0.277153917522475,0.005246824711264697,0.06650755917929305,False,-0.0691309715349254,0.020120073453200278,71,2068,0.10874761243724494
jhr_se15,age,B,0.95,60-69,PH,M2_logit,0.20824528182307345,0.27453050516684263,0.27977732987810733,0.277153917522475,0.005246824711264697,0.06628522334376918,False,-0.06890863569940153,,71,2068,0.10874761243724494
jhr_se15,age,B,0.95,60-69,PH,M3_probit,0.2082449153055178,0.27453050516684263,0.27977732987810733,0.277153917522475,0.005246824711264697,0.06628558986132482,False,-0.06890900221695717,,71,2068,0.10874761243724494
jhr_se15,age,B,0.95,60-69,PH,M1_lpm,0.21079110248017477,0.27453050516684263,0.27977732987810733,0.277153917522475,0.005246824711264697,0.06373940268666786,False,-0.06636281504230021,,71,2068,0.10874761243724494
jhr_se15,age,B,0.95,60-69,PH,bivariate,0.23489601695347606,0.27453050516684263,0.27977732987810733,0.277153917522475,0.005246824711264697,0.03963448821336657,False,-0.04225790056899892,,71,2068,0.10874761243724494
jhr_se15,age,B,0.95,60-69,PN,reconciled,0.09798004361428486,0.06718495057107209,0.07198387561186294,0.06958441309146751,0.004798925040790852,0.025996168002421924,False,0.02839563052281735,0.006390390654599137,71,2068,0.10874761243724494
jhr_se15,age,B,0.95,60-69,PN,M2_logit,0.09863326866263815,0.06718495057107209,0.07198387561186294,0.06958441309146751,0.004798925040790852,0.02664939305077521,False,0.029048855571170637,,71,2068,0.10874761243724494
jhr_se15,age,B,0.95,60-69,PN,M3_probit,0.09863474682496903,0.06718495057107209,0.07198387561186294,0.06958441309146751,0.004798925040790852,0.026650871213106095,False,0.02905033373350152,,71,2068,0.10874761243724494
jhr_se15,age,B,0.95,60-69,PN,M1_lpm,0.09827322194185509,0.06718495057107209,0.07198387561186294,0.06958441309146751,0.004798925040790852,0.02628934632999215,False,0.028688808850387576,,71,2068,0.10874761243724494
jhr_se15,age,B,0.95,60-69,PN,bivariate,0.07139890621964445,0.06718495057107209,0.07198387561186294,0.06958441309146751,0.004798925040790852,0.0,True,0.0018144931281769416,,71,2068,0.10874761243724494
jhr_se15,age,B,0.95,70+,turnout,reconciled,0.47149613489083125,0.3476148409893993,0.3706934628975265,0.3591541519434629,0.023078621908127206,0.10080267199330473,False,0.11234198294736836,0.015197342976587374,23,2068,0.043660416837416054
jhr_se15,age,B,0.95,70+,turnout,M2_logit,0.47120560694645686,0.3476148409893993,0.3706934628975265,0.3591541519434629,0.023078621908127206,0.10051214404893033,False,0.11205145500299396,,23,2068,0.043660416837416054
jhr_se15,age,B,0.95,70+,turnout,M3_probit,0.4712050148838578,0.3476148409893993,0.3706934628975265,0.3591541519434629,0.023078621908127206,0.10051155198633127,False,0.1120508629403949,,23,2068,0.043660416837416054
jhr_se15,age,B,0.95,70+,turnout,M1_lpm,0.4710483801908204,0.3476148409893993,0.3706934628975265,0.3591541519434629,0.023078621908127206,0.10035491729329388,False,0.11189422824735751,,23,2068,0.043660416837416054
jhr_se15,age,B,0.95,70+,turnout,bivariate,0.5308514456582454,0.3476148409893993,0.3706934628975265,0.3591541519434629,0.023078621908127206,0.16015798276071885,False,0.17169729371478248,,23,2068,0.043660416837416054
jhr_se15,age,B,0.95,70+,BN,reconciled,0.2546753373063173,0.06724823321554771,0.09032685512367492,0.07878754416961131,0.023078621908127206,0.1643484821826424,False,0.175887793136706,0.021400538782348322,23,2068,0.043660416837416054
jhr_se15,age,B,0.95,70+,BN,M2_logit,0.252773204169213,0.06724823321554771,0.09032685512367492,0.07878754416961131,0.023078621908127206,0.1624463490455381,False,0.1739856599996017,,23,2068,0.043660416837416054
jhr_se15,age,B,0.95,70+,BN,M3_probit,0.2527717061863459,0.06724823321554771,0.09032685512367492,0.07878754416961131,0.023078621908127206,0.162444851062671,False,0.1739841620167346,,23,2068,0.043660416837416054
jhr_se15,age,B,0.95,70+,BN,M1_lpm,0.2532355859312215,0.06724823321554771,0.09032685512367492,0.07878754416961131,0.023078621908127206,0.16290873080754656,False,0.17444804176161016,,23,2068,0.043660416837416054
jhr_se15,age,B,0.95,70+,BN,bivariate,0.2906450181846694,0.06724823321554771,0.09032685512367492,0.07878754416961131,0.023078621908127206,0.2003181630609945,False,0.2118574740150581,,23,2068,0.043660416837416054
jhr_se15,age,B,0.95,70+,PH,reconciled,0.13290209792295646,0.21135159010600707,0.23443021201413428,0.22289090106007067,0.023078621908127206,0.07844949218305061,False,-0.08998880313711421,0.015481734003542535,23,2068,0.043660416837416054
jhr_se15,age,B,0.95,70+,PH,M2_logit,0.132885396285587,0.21135159010600707,0.23443021201413428,0.22289090106007067,0.023078621908127206,0.07846619382042008,False,-0.09000550477448369,,23,2068,0.043660416837416054
jhr_se15,age,B,0.95,70+,PH,M3_probit,0.1328820036307205,0.21135159010600707,0.23443021201413428,0.22289090106007067,0.023078621908127206,0.07846958647528657,False,-0.09000889742935017,,23,2068,0.043660416837416054
jhr_se15,age,B,0.95,70+,PH,M1_lpm,0.13061185830035738,0.21135159010600707,0.23443021201413428,0.22289090106007067,0.023078621908127206,0.0807397318056497,False,-0.0922790427597133,,23,2068,0.043660416837416054
jhr_se15,age,B,0.95,70+,PH,bivariate,0.15950899891176692,0.21135159010600707,0.23443021201413428,0.22289090106007067,0.023078621908127206,0.051842591194240145,False,-0.06338190214830375,,23,2068,0.043660416837416054
jhr_se15,age,B,0.95,70+,PN,reconciled,0.04819730358259712,0.007840106007067138,0.020207597173144878,0.014023851590106008,0.01236749116607774,0.027989706409452243,False,0.03417345199249111,0.004481197678234706,23,2068,0.043660416837416054
jhr_se15,age,B,0.95,70+,PN,M2_logit,0.0476809675363349,0.007840106007067138,0.020207597173144878,0.014023851590106008,0.01236749116607774,0.02747337036319002,False,0.03365711594622889,,23,2068,0.043660416837416054
jhr_se15,age,B,0.95,70+,PN,M3_probit,0.04767291815125767,0.007840106007067138,0.020207597173144878,0.014023851590106008,0.01236749116607774,0.02746532097811279,False,0.03364906656115166,,23,2068,0.043660416837416054
jhr_se15,age,B,0.95,70+,PN,M1_lpm,0.049733511154462735,0.007840106007067138,0.020207597173144878,0.014023851590106008,0.01236749116607774,0.029525913981317858,False,0.035709659564356726,,23,2068,0.043660416837416054
jhr_se15,age,B,0.95,70+,PN,bivariate,0.03791342808990422,0.007840106007067138,0.020207597173144878,0.014023851590106008,0.01236749116607774,0.017705830916759344,False,0.023889576499798212,,23,2068,0.043660416837416054
jhr_se15,age,A,0.99,18-29,turnout,reconciled,0.5416308365368107,0.5019930344183258,0.5020786987586702,0.502035866588498,8.566434034440462e-05,0.039552137778140484,False,0.039594969948312686,0.011561772938131331,535,3700,0.5509991857830643
jhr_se15,age,A,0.99,18-29,turnout,M2_logit,0.5436900801300598,0.5019930344183258,0.5020786987586702,0.502035866588498,8.566434034440462e-05,0.041611381371389644,False,0.041654213541561846,,535,3700,0.5509991857830643
jhr_se15,age,A,0.99,18-29,turnout,M3_probit,0.5436902401591464,0.5019930344183258,0.5020786987586702,0.502035866588498,8.566434034440462e-05,0.04161154140047618,False,0.041654373570648384,,535,3700,0.5509991857830643
jhr_se15,age,A,0.99,18-29,turnout,M1_lpm,0.5436779415018964,0.5019930344183258,0.5020786987586702,0.502035866588498,8.566434034440462e-05,0.04159924274322624,False,0.04164207491339844,,535,3700,0.5509991857830643
jhr_se15,age,A,0.99,18-29,turnout,bivariate,0.49487428122122473,0.5019930344183258,0.5020786987586702,0.502035866588498,8.566434034440462e-05,0.007118753197101035,False,-0.007161585367273238,,535,3700,0.5509991857830643
jhr_se15,age,A,0.99,18-29,BN,reconciled,0.25280449505069474,0.19417696646508775,0.19426263080543218,0.19421979863525995,8.566434034443238e-05,0.05854186424526256,False,0.05858469641543479,0.0125626161258836,535,3700,0.5509991857830643
jhr_se15,age,A,0.99,18-29,BN,M2_logit,0.256001258970741,0.19417696646508775,0.19426263080543218,0.19421979863525995,8.566434034443238e-05,0.06173862816530881,False,0.06178146033548104,,535,3700,0.5509991857830643
jhr_se15,age,A,0.99,18-29,BN,M3_probit,0.2560009881785717,0.19417696646508775,0.19426263080543218,0.19421979863525995,8.566434034443238e-05,0.06173835737313951,False,0.06178118954331174,,535,3700,0.5509991857830643
jhr_se15,age,A,0.99,18-29,BN,M1_lpm,0.25592578313184405,0.19417696646508775,0.19426263080543218,0.19421979863525995,8.566434034443238e-05,0.06166315232641187,False,0.0617059844965841,,535,3700,0.5509991857830643
jhr_se15,age,A,0.99,18-29,BN,bivariate,0.23254906167352796,0.19417696646508775,0.19426263080543218,0.19421979863525995,8.566434034443238e-05,0.03828643086809577,False,0.038329263038268,,535,3700,0.5509991857830643
jhr_se15,age,A,0.99,18-29,PH,reconciled,0.09278157951359232,0.12610861702953546,0.1261942813698799,0.12615144919970767,8.566434034443238e-05,0.03332703751594314,False,-0.03336986968611534,0.008756663368451495,535,3700,0.5509991857830643
jhr_se15,age,A,0.99,18-29,PH,M2_logit,0.09091907461031318,0.12610861702953546,0.1261942813698799,0.12615144919970767,8.566434034443238e-05,0.035189542419222286,False,-0.03523237458939449,,535,3700,0.5509991857830643
jhr_se15,age,A,0.99,18-29,PH,M3_probit,0.09091786171595961,0.12610861702953546,0.1261942813698799,0.12615144919970767,8.566434034443238e-05,0.03519075531357585,False,-0.03523358748374805,,535,3700,0.5509991857830643
jhr_se15,age,A,0.99,18-29,PH,M1_lpm,0.09046661155922012,0.12610861702953546,0.1261942813698799,0.12615144919970767,8.566434034443238e-05,0.03564200547031535,False,-0.03568483764048755,,535,3700,0.5509991857830643
jhr_se15,age,A,0.99,18-29,PH,bivariate,0.0637021066698515,0.12610861702953546,0.1261942813698799,0.12615144919970767,8.566434034443238e-05,0.06240651035968396,False,-0.062449342529856164,,535,3700,0.5509991857830643
jhr_se15,age,A,0.99,18-29,PN,reconciled,0.1610898419270246,0.13233802077895657,0.13242368511930097,0.13238085294912877,8.566434034440462e-05,0.028666156807723636,False,0.02870898897789584,0.009510439115855297,535,3700,0.5509991857830643
jhr_se15,age,A,0.99,18-29,PN,M2_logit,0.1629270014752574,0.13233802077895657,0.13242368511930097,0.13238085294912877,8.566434034440462e-05,0.030503316355956434,False,0.030546148526128636,,535,3700,0.5509991857830643
jhr_se15,age,A,0.99,18-29,PN,M3_probit,0.162926650295329,0.13233802077895657,0.13242368511930097,0.13238085294912877,8.566434034440462e-05,0.03050296517602802,False,0.03054579734620022,,535,3700,0.5509991857830643
jhr_se15,age,A,0.99,18-29,PN,M1_lpm,0.16247854850416682,0.13233802077895657,0.13242368511930097,0.13238085294912877,8.566434034440462e-05,0.03005486338486585,False,0.03009769555503805,,535,3700,0.5509991857830643
jhr_se15,age,A,0.99,18-29,PN,bivariate,0.1697356985852342,0.13233802077895657,0.13242368511930097,0.13238085294912877,8.566434034440462e-05,0.03731201346593324,False,0.037354845636105444,,535,3700,0.5509991857830643
jhr_se15,age,A,0.99,30-39,turnout,reconciled,0.45804888798198196,0.45121951219512196,0.451529933481153,0.4513747228381375,0.00031042128603103736,0.006518954500828955,False,0.006674165143844446,0.007574219369479269,168,3700,0.20231654689168213
jhr_se15,age,A,0.99,30-39,turnout,M2_logit,0.45565998354935744,0.45121951219512196,0.451529933481153,0.4513747228381375,0.00031042128603103736,0.004130050068204438,False,0.004285260711219929,,168,3700,0.20231654689168213
jhr_se15,age,A,0.99,30-39,turnout,M3_probit,0.455659831918805,0.45121951219512196,0.451529933481153,0.4513747228381375,0.00031042128603103736,0.004129898437651991,False,0.004285109080667482,,168,3700,0.20231654689168213
jhr_se15,age,A,0.99,30-39,turnout,M1_lpm,0.45568396069020484,0.45121951219512196,0.451529933481153,0.4513747228381375,0.00031042128603103736,0.004154027209051836,False,0.004309237852067327,,168,3700,0.20231654689168213
jhr_se15,age,A,0.99,30-39,turnout,bivariate,0.4303475307774509,0.45121951219512196,0.451529933481153,0.4513747228381375,0.00031042128603103736,0.02087198141767105,False,-0.021027192060686595,,168,3700,0.20231654689168213
jhr_se15,age,A,0.99,30-39,BN,reconciled,0.1887240603375703,0.18246563192904655,0.18277605321507762,0.18262084257206207,0.0003104212860310651,0.005948007122492688,False,0.006103217765508234,0.008521203368691803,168,3700,0.20231654689168213
jhr_se15,age,A,0.99,30-39,BN,M2_logit,0.18693475711002036,0.18246563192904655,0.18277605321507762,0.18262084257206207,0.0003104212860310651,0.004158703894942745,False,0.004313914537958291,,168,3700,0.20231654689168213
jhr_se15,age,A,0.99,30-39,BN,M3_probit,0.18693432467680704,0.18246563192904655,0.18277605321507762,0.18262084257206207,0.0003104212860310651,0.004158271461729424,False,0.00431348210474497,,168,3700,0.20231654689168213
jhr_se15,age,A,0.99,30-39,BN,M1_lpm,0.18745745468266584,0.18246563192904655,0.18277605321507762,0.18262084257206207,0.0003104212860310651,0.00468140146758822,False,0.004836612110603766,,168,3700,0.20231654689168213
jhr_se15,age,A,0.99,30-39,BN,bivariate,0.1780556913848923,0.18246563192904655,0.18277605321507762,0.18262084257206207,0.0003104212860310651,0.0044099405441542505,False,-0.004565151187169769,,168,3700,0.20231654689168213
jhr_se15,age,A,0.99,30-39,PH,reconciled,0.10207423192609977,0.105490022172949,0.10572062084257207,0.10560532150776053,0.00023059866962306386,0.0034157902468492374,False,-0.0035310895816607624,0.009444171965781392,168,3700,0.20231654689168213
jhr_se15,age,A,0.99,30-39,PH,M2_logit,0.10275041924115119,0.105490022172949,0.10572062084257207,0.10560532150776053,0.00023059866962306386,0.0027396029317978132,False,-0.002854902266609338,,168,3700,0.20231654689168213
jhr_se15,age,A,0.99,30-39,PH,M3_probit,0.10275012061707356,0.105490022172949,0.10572062084257207,0.10560532150776053,0.00023059866962306386,0.002739901555875446,False,-0.002855200890686971,,168,3700,0.20231654689168213
jhr_se15,age,A,0.99,30-39,PH,M1_lpm,0.10173878134636742,0.105490022172949,0.10572062084257207,0.10560532150776053,0.00023059866962306386,0.003751240826581584,False,-0.003866540161393109,,168,3700,0.20231654689168213
jhr_se15,age,A,0.99,30-39,PH,bivariate,0.0676624108695871,0.105490022172949,0.10572062084257207,0.10560532150776053,0.00023059866962306386,0.0378276113033619,False,-0.03794291063817343,,168,3700,0.20231654689168213
jhr_se15,age,A,0.99,30-39,PN,reconciled,0.13455754082691282,0.1241330376940133,0.12444345898004434,0.12428824833702883,0.00031042128603103736,0.010114081846868475,False,0.010269292489883994,0.007226038541560445,168,3700,0.20231654689168213
jhr_se15,age,A,0.99,30-39,PN,M2_logit,0.1335562220917195,0.1241330376940133,0.12444345898004434,0.12428824833702883,0.00031042128603103736,0.009112763111675151,False,0.00926797375469067,,168,3700,0.20231654689168213
jhr_se15,age,A,0.99,30-39,PN,M3_probit,0.13355575290899258,0.1241330376940133,0.12444345898004434,0.12428824833702883,0.00031042128603103736,0.009112293928948231,False,0.00926750457196375,,168,3700,0.20231654689168213
jhr_se15,age,A,0.99,30-39,PN,M1_lpm,0.13352149566535654,0.1241330376940133,0.12444345898004434,0.12428824833702883,0.00031042128603103736,0.009078036685312194,False,0.009233247328327712,,168,3700,0.20231654689168213
jhr_se15,age,A,0.99,30-39,PN,bivariate,0.15817552578322405,0.1241330376940133,0.12444345898004434,0.12428824833702883,0.00031042128603103736,0.03373206680317971,False,0.03388727744619523,,168,3700,0.20231654689168213
jhr_se15,age,A,0.99,40-49,turnout,reconciled,0.53191975937913,0.4875963579886294,0.4878385887918382,0.4877174733902338,0.00024223080320884272,0.04408117058729183,False,0.04420228598889625,0.01021690116802465,109,3700,0.1524557009321432
jhr_se15,age,A,0.99,40-49,turnout,M2_logit,0.5314301889141044,0.4875963579886294,0.4878385887918382,0.4877174733902338,0.00024223080320884272,0.043591600122266205,False,0.04371271552387063,,109,3700,0.1524557009321432
jhr_se15,age,A,0.99,40-49,turnout,M3_probit,0.5314302640086763,0.4875963579886294,0.4878385887918382,0.4877174733902338,0.00024223080320884272,0.0435916752168381,False,0.04371279061844252,,109,3700,0.1524557009321432
jhr_se15,age,A,0.99,40-49,turnout,M1_lpm,0.5312596930684109,0.4875963579886294,0.4878385887918382,0.4877174733902338,0.00024223080320884272,0.0434211042765727,False,0.04354221967817712,,109,3700,0.1524557009321432
jhr_se15,age,A,0.99,40-49,turnout,bivariate,0.52660932992279,0.4875963579886294,0.4878385887918382,0.4877174733902338,0.00024223080320884272,0.03877074113095175,False,0.03889185653255617,,109,3700,0.1524557009321432
jhr_se15,age,A,0.99,40-49,BN,reconciled,0.21307292287055357,0.16588535358572834,0.16612758438893718,0.16600646898733276,0.00024223080320884272,0.04694533848161639,False,0.04706645388322081,0.01064611950181688,109,3700,0.1524557009321432
jhr_se15,age,A,0.99,40-49,BN,M2_logit,0.21348553633746786,0.16588535358572834,0.16612758438893718,0.16600646898733276,0.00024223080320884272,0.04735795194853068,False,0.0474790673501351,,109,3700,0.1524557009321432
jhr_se15,age,A,0.99,40-49,BN,M3_probit,0.21348523546780612,0.16588535358572834,0.16612758438893718,0.16600646898733276,0.00024223080320884272,0.04735765107886894,False,0.04747876648047336,,109,3700,0.1524557009321432
jhr_se15,age,A,0.99,40-49,BN,M1_lpm,0.21380463416251017,0.16588535358572834,0.16612758438893718,0.16600646898733276,0.00024223080320884272,0.04767704977357298,False,0.047798165175177404,,109,3700,0.1524557009321432
jhr_se15,age,A,0.99,40-49,BN,bivariate,0.19675720447252748,0.16588535358572834,0.16612758438893718,0.16600646898733276,0.00024223080320884272,0.030629620083590298,False,0.03075073548519472,,109,3700,0.1524557009321432
jhr_se15,age,A,0.99,40-49,PH,reconciled,0.13595244242191684,0.15679457403000813,0.15695131160855502,0.15687294281928157,0.00015673757854689496,0.020842131608091286,False,-0.020920500397364733,0.011931343900627616,109,3700,0.1524557009321432
jhr_se15,age,A,0.99,40-49,PH,M2_logit,0.13578784611117448,0.15679457403000813,0.15695131160855502,0.15687294281928157,0.00015673757854689496,0.02100672791883365,False,-0.0210850967081071,,109,3700,0.1524557009321432
jhr_se15,age,A,0.99,40-49,PH,M3_probit,0.13578712772029256,0.15679457403000813,0.15695131160855502,0.15687294281928157,0.00015673757854689496,0.02100744630971557,False,-0.02108581509898902,,109,3700,0.1524557009321432
jhr_se15,age,A,0.99,40-49,PH,M1_lpm,0.1353549958017744,0.15679457403000813,0.15695131160855502,0.15687294281928157,0.00015673757854689496,0.021439578228233724,False,-0.021517947017507172,,109,3700,0.1524557009321432
jhr_se15,age,A,0.99,40-49,PH,bivariate,0.13889892724808464,0.15679457403000813,0.15695131160855502,0.15687294281928157,0.00015673757854689496,0.017895646781923485,False,-0.017974015571196933,,109,3700,0.1524557009321432
jhr_se15,age,A,0.99,40-49,PN,reconciled,0.14301747499188683,0.10817742693891509,0.10841965774212393,0.10829854234051951,0.00024223080320884272,0.034597817249762894,False,0.034718932651367315,0.008722341045196223,109,3700,0.1524557009321432
jhr_se15,age,A,0.99,40-49,PN,M2_logit,0.14339529514511382,0.10817742693891509,0.10841965774212393,0.10829854234051951,0.00024223080320884272,0.03497563740298988,False,0.0350967528045943,,109,3700,0.1524557009321432
jhr_se15,age,A,0.99,40-49,PN,M3_probit,0.14339514678872417,0.10817742693891509,0.10841965774212393,0.10829854234051951,0.00024223080320884272,0.034975489046600236,False,0.03509660444820466,,109,3700,0.1524557009321432
jhr_se15,age,A,0.99,40-49,PN,M1_lpm,0.14275760360731699,0.10817742693891509,0.10841965774212393,0.10829854234051951,0.00024223080320884272,0.03433794586519305,False,0.03445906126679747,,109,3700,0.1524557009321432
jhr_se15,age,A,0.99,40-49,PN,bivariate,0.15033200753261652,0.10817742693891509,0.10841965774212393,0.10829854234051951,0.00024223080320884272,0.04191234979049259,False,0.04203346519209701,,109,3700,0.1524557009321432
jhr_se15,age,A,0.99,50-59,turnout,reconciled,0.6244491654680274,0.5792145649763669,0.5796813911419735,0.5794479780591701,0.00046682616560655976,0.044767774326053944,False,0.04500118740885728,0.01057095990322807,60,3700,0.08916117116062486
jhr_se15,age,A,0.99,50-59,turnout,M2_logit,0.6257582045038363,0.5792145649763669,0.5796813911419735,0.5794479780591701,0.00046682616560655976,0.04607681336186287,False,0.0463102264446662,,60,3700,0.08916117116062486
jhr_se15,age,A,0.99,50-59,turnout,M3_probit,0.6257582761038886,0.5792145649763669,0.5796813911419735,0.5794479780591701,0.00046682616560655976,0.04607688496191509,False,0.04631029804471842,,60,3700,0.08916117116062486
jhr_se15,age,A,0.99,50-59,turnout,M1_lpm,0.6260096423800363,0.5792145649763669,0.5796813911419735,0.5794479780591701,0.00046682616560655976,0.046328251238062834,False,0.04656166432086617,,60,3700,0.08916117116062486
jhr_se15,age,A,0.99,50-59,turnout,bivariate,0.6696514722517284,0.5792145649763669,0.5796813911419735,0.5794479780591701,0.00046682616560655976,0.0899700811097549,False,0.09020349419255824,,60,3700,0.08916117116062486
jhr_se15,age,A,0.99,50-59,BN,reconciled,0.248284951854323,0.19017330921398146,0.19064013537958802,0.19040672229678474,0.00046682616560655976,0.05764481647473499,False,0.05787822955753827,0.012008133697138065,60,3700,0.08916117116062486
jhr_se15,age,A,0.99,50-59,BN,M2_logit,0.24718629665199446,0.19017330921398146,0.19064013537958802,0.19040672229678474,0.00046682616560655976,0.05654616127240644,False,0.05677957435520972,,60,3700,0.08916117116062486
jhr_se15,age,A,0.99,50-59,BN,M3_probit,0.24718588713560014,0.19017330921398146,0.19064013537958802,0.19040672229678474,0.00046682616560655976,0.05654575175601212,False,0.0567791648388154,,60,3700,0.08916117116062486
jhr_se15,age,A,0.99,50-59,BN,M1_lpm,0.24821797518679653,0.19017330921398146,0.19064013537958802,0.19040672229678474,0.00046682616560655976,0.057577839807208514,False,0.057811252890011794,,60,3700,0.08916117116062486
jhr_se15,age,A,0.99,50-59,BN,bivariate,0.2632415880818628,0.19017330921398146,0.19064013537958802,0.19040672229678474,0.00046682616560655976,0.0726014527022748,False,0.07283486578507808,,60,3700,0.08916117116062486
jhr_se15,age,A,0.99,50-59,PH,reconciled,0.19206450391090116,0.21689910719495828,0.21707416700706075,0.21698663710100952,0.0001750598121024738,0.024834603284057122,False,-0.02492213319010836,0.015596090192598324,60,3700,0.08916117116062486
jhr_se15,age,A,0.99,50-59,PH,M2_logit,0.19271215552915885,0.21689910719495828,0.21707416700706075,0.21698663710100952,0.0001750598121024738,0.024186951665799428,False,-0.024274481571850665,,60,3700,0.08916117116062486
jhr_se15,age,A,0.99,50-59,PH,M3_probit,0.19271198268177836,0.21689910719495828,0.21707416700706075,0.21698663710100952,0.0001750598121024738,0.02418712451317992,False,-0.024274654419231156,,60,3700,0.08916117116062486
jhr_se15,age,A,0.99,50-59,PH,M1_lpm,0.19345424797460686,0.21689910719495828,0.21707416700706075,0.21698663710100952,0.0001750598121024738,0.023444859220351416,False,-0.023532389126402653,,60,3700,0.08916117116062486
jhr_se15,age,A,0.99,50-59,PH,bivariate,0.22314846225476478,0.21689910719495828,0.21707416700706075,0.21698663710100952,0.0001750598121024738,0.006074295247704031,False,0.006161825153755268,,60,3700,0.08916117116062486
jhr_se15,age,A,0.99,50-59,PN,reconciled,0.1290801979124013,0.09768337515317733,0.09815020131878392,0.09791678823598063,0.0004668261656065875,0.03092999659361738,False,0.031163409676420673,0.008072523433966637,60,3700,0.08916117116062486
jhr_se15,age,A,0.99,50-59,PN,M2_logit,0.12840715903518848,0.09768337515317733,0.09815020131878392,0.09791678823598063,0.0004668261656065875,0.03025695771640456,False,0.030490370799207855,,60,3700,0.08916117116062486
jhr_se15,age,A,0.99,50-59,PN,M3_probit,0.1284061699358533,0.09768337515317733,0.09815020131878392,0.09791678823598063,0.0004668261656065875,0.030255968617069376,False,0.03048938169987267,,60,3700,0.08916117116062486
jhr_se15,age,A,0.99,50-59,PN,M1_lpm,0.12792270519122406,0.09768337515317733,0.09815020131878392,0.09791678823598063,0.0004668261656065875,0.02977250387244014,False,0.030005916955243433,,60,3700,0.08916117116062486
jhr_se15,age,A,0.99,50-59,PN,bivariate,0.12170446073456515,0.09768337515317733,0.09815020131878392,0.09791678823598063,0.0004668261656065875,0.023554259415781223,False,0.023787672498584517,,60,3700,0.08916117116062486
jhr_se15,age,A,0.99,60-69,turnout,reconciled,0.6637263588323954,0.6115207373271889,0.6116359447004608,0.6115783410138249,0.00011520737327186392,0.052090414131934604,False,0.05214801781857048,0.007942340431378305,59,3700,0.09059691678234821
jhr_se15,age,A,0.99,60-69,turnout,M2_logit,0.6637032189064758,0.6115207373271889,0.6116359447004608,0.6115783410138249,0.00011520737327186392,0.05206727420601498,False,0.052124877892650856,,59,3700,0.09059691678234821
jhr_se15,age,A,0.99,60-69,turnout,M3_probit,0.6637039155079061,0.6115207373271889,0.6116359447004608,0.6115783410138249,0.00011520737327186392,0.052067970807445296,False,0.05212557449408117,,59,3700,0.09059691678234821
jhr_se15,age,A,0.99,60-69,turnout,M1_lpm,0.6654079089575096,0.6115207373271889,0.6116359447004608,0.6115783410138249,0.00011520737327186392,0.05377196425704878,False,0.05382956794368465,,59,3700,0.09059691678234821
jhr_se15,age,A,0.99,60-69,turnout,bivariate,0.680486614366643,0.6115207373271889,0.6116359447004608,0.6115783410138249,0.00011520737327186392,0.06885066966618225,False,0.06890827335281813,,59,3700,0.09059691678234821
jhr_se15,age,A,0.99,60-69,BN,reconciled,0.3021832411642922,0.21831797235023043,0.2184331797235023,0.21837557603686636,0.00011520737327186392,0.08375006144078989,False,0.08380766512742582,0.01504127364550794,59,3700,0.09059691678234821
jhr_se15,age,A,0.99,60-69,BN,M2_logit,0.3064912232828546,0.21831797235023043,0.2184331797235023,0.21837557603686636,0.00011520737327186392,0.08805804355935232,False,0.08811564724598825,,59,3700,0.09059691678234821
jhr_se15,age,A,0.99,60-69,BN,M3_probit,0.3064914157949412,0.21831797235023043,0.2184331797235023,0.21837557603686636,0.00011520737327186392,0.08805823607143892,False,0.08811583975807485,,59,3700,0.09059691678234821
jhr_se15,age,A,0.99,60-69,BN,M1_lpm,0.301293038770715,0.21831797235023043,0.2184331797235023,0.21837557603686636,0.00011520737327186392,0.08285985904721271,False,0.08291746273384865,,59,3700,0.09059691678234821
jhr_se15,age,A,0.99,60-69,BN,bivariate,0.3184674391764478,0.21831797235023043,0.2184331797235023,0.21837557603686636,0.00011520737327186392,0.10003425945294553,False,0.10009186313958146,,59,3700,0.09059691678234821
jhr_se15,age,A,0.99,60-69,PH,reconciled,0.2034717143746858,0.27791858678955456,0.2780337941628264,0.2779761904761905,0.00011520737327186392,0.07444687241486875,False,-0.07450447610150468,0.017470613236133404,59,3700,0.09059691678234821
jhr_se15,age,A,0.99,60-69,PH,M2_logit,0.20421975419665647,0.27791858678955456,0.2780337941628264,0.2779761904761905,0.00011520737327186392,0.07369883259289808,False,-0.07375643627953402,,59,3700,0.09059691678234821
jhr_se15,age,A,0.99,60-69,PH,M3_probit,0.20421962460969373,0.27791858678955456,0.2780337941628264,0.2779761904761905,0.00011520737327186392,0.07369896217986083,False,-0.07375656586649676,,59,3700,0.09059691678234821
jhr_se15,age,A,0.99,60-69,PH,M1_lpm,0.21050632964838165,0.27791858678955456,0.2780337941628264,0.2779761904761905,0.00011520737327186392,0.06741225714117291,False,-0.06746986082780884,,59,3700,0.09059691678234821
jhr_se15,age,A,0.99,60-69,PH,bivariate,0.24095970544826958,0.27791858678955456,0.2780337941628264,0.2779761904761905,0.00011520737327186392,0.03695888134128497,False,-0.0370164850279209,,59,3700,0.09059691678234821
jhr_se15,age,A,0.99,60-69,PN,reconciled,0.10193025686260179,0.07108294930875576,0.07119815668202766,0.07114055299539171,0.00011520737327189168,0.030732100180574137,False,0.030789703867210083,0.006739998020432376,59,3700,0.09059691678234821
jhr_se15,age,A,0.99,60-69,PN,M2_logit,0.10273658949357958,0.07108294930875576,0.07119815668202766,0.07114055299539171,0.00011520737327189168,0.03153843281155193,False,0.031596036498187874,,59,3700,0.09059691678234821
jhr_se15,age,A,0.99,60-69,PN,M3_probit,0.10273863011557938,0.07108294930875576,0.07119815668202766,0.07114055299539171,0.00011520737327189168,0.03154047343355172,False,0.03159807712018767,,59,3700,0.09059691678234821
jhr_se15,age,A,0.99,60-69,PN,M1_lpm,0.09916637834731909,0.07108294930875576,0.07119815668202766,0.07114055299539171,0.00011520737327189168,0.027968221665291434,False,0.02802582535192738,,59,3700,0.09059691678234821
jhr_se15,age,A,0.99,60-69,PN,bivariate,0.05999696318515879,0.07108294930875576,0.07119815668202766,0.07114055299539171,0.00011520737327189168,0.011085986123596972,False,-0.011143589810232918,,59,3700,0.09059691678234821
jhr_se15,age,A,0.9,18-29,turnout,reconciled,0.5413686760702233,0.5025354684818196,0.5078163720217096,0.5051759202517646,0.0052809035398899695,0.033552304048513726,False,0.03619275581845871,0.012155034269964482,594,3370,0.6041563414519022
jhr_se15,age,A,0.9,18-29,turnout,M2_logit,0.5443563088511295,0.5025354684818196,0.5078163720217096,0.5051759202517646,0.0052809035398899695,0.03653993682941992,False,0.0391803885993649,,594,3370,0.6041563414519022
jhr_se15,age,A,0.9,18-29,turnout,M3_probit,0.544356551721819,0.5025354684818196,0.5078163720217096,0.5051759202517646,0.0052809035398899695,0.036540179700109365,False,0.03918063147005435,,594,3370,0.6041563414519022
jhr_se15,age,A,0.9,18-29,turnout,M1_lpm,0.5443642124544879,0.5025354684818196,0.5078163720217096,0.5051759202517646,0.0052809035398899695,0.036547840432778256,False,0.03918829220272324,,594,3370,0.6041563414519022
jhr_se15,age,A,0.9,18-29,turnout,bivariate,0.48228908040533885,0.5025354684818196,0.5078163720217096,0.5051759202517646,0.0052809035398899695,0.02024638807648077,False,-0.022886839846425755,,594,3370,0.6041563414519022
jhr_se15,age,A,0.9,18-29,BN,reconciled,0.25450392068288746,0.19438022017192844,0.1996391504654666,0.1970096853186975,0.005258930293538161,0.054864770217420866,False,0.05749423536418996,0.013995292048261903,594,3370,0.6041563414519022
jhr_se15,age,A,0.9,18-29,BN,M2_logit,0.25790377608780995,0.19438022017192844,0.1996391504654666,0.1970096853186975,0.005258930293538161,0.05826462562234336,False,0.06089409076911245,,594,3370,0.6041563414519022
jhr_se15,age,A,0.9,18-29,BN,M3_probit,0.2579035131572781,0.19438022017192844,0.1996391504654666,0.1970096853186975,0.005258930293538161,0.05826436269181151,False,0.060893827838580605,,594,3370,0.6041563414519022
jhr_se15,age,A,0.9,18-29,BN,M1_lpm,0.2579926755477819,0.19438022017192844,0.1996391504654666,0.1970096853186975,0.005258930293538161,0.05835352508231528,False,0.06098299022908438,,594,3370,0.6041563414519022
jhr_se15,age,A,0.9,18-29,BN,bivariate,0.2262531524889309,0.19438022017192844,0.1996391504654666,0.1970096853186975,0.005258930293538161,0.02661400202346431,False,0.029243467170233406,,594,3370,0.6041563414519022
jhr_se15,age,A,0.9,18-29,PH,reconciled,0.09333548826171717,0.12039629970531435,0.12409757097968939,0.12224693534250186,0.0037012712743750426,0.027060811443597177,False,-0.02891144708078469,0.008873123011206114,594,3370,0.6041563414519022
jhr_se15,age,A,0.9,18-29,PH,M2_logit,0.09134906812554451,0.12039629970531435,0.12409757097968939,0.12224693534250186,0.0037012712743750426,0.029047231579769836,False,-0.03089786721695735,,594,3370,0.6041563414519022
jhr_se15,age,A,0.9,18-29,PH,M3_probit,0.09134754690391461,0.12039629970531435,0.12409757097968939,0.12224693534250186,0.0037012712743750426,0.029048752801399735,False,-0.03089938843858725,,594,3370,0.6041563414519022
jhr_se15,age,A,0.9,18-29,PH,M1_lpm,0.0912823753500779,0.12039629970531435,0.12409757097968939,0.12224693534250186,0.0037012712743750426,0.02911392435523645,False,-0.030964559992423965,,594,3370,0.6041563414519022
jhr_se15,age,A,0.9,18-29,PH,bivariate,0.05921990600419473,0.12039629970531435,0.12409757097968939,0.12224693534250186,0.0037012712743750426,0.061176393701119616,False,-0.06302702933830713,,594,3370,0.6041563414519022
jhr_se15,age,A,0.9,18-29,PN,reconciled,0.1623880799057004,0.13040145121084795,0.13542844168178345,0.13291494644631568,0.005026990470935494,0.02695963822391695,False,0.02947313345938471,0.009984014752622433,594,3370,0.6041563414519022
jhr_se15,age,A,0.9,18-29,PN,M2_logit,0.16436459181928326,0.13040145121084795,0.13542844168178345,0.13291494644631568,0.005026990470935494,0.02893615013749981,False,0.03144964537296757,,594,3370,0.6041563414519022
jhr_se15,age,A,0.9,18-29,PN,M3_probit,0.16436435989607173,0.13040145121084795,0.13542844168178345,0.13291494644631568,0.005026990470935494,0.028935918214288286,False,0.03144941344975605,,594,3370,0.6041563414519022
jhr_se15,age,A,0.9,18-29,PN,M1_lpm,0.16408263073692086,0.13040145121084795,0.13542844168178345,0.13291494644631568,0.005026990470935494,0.02865418905513742,False,0.03116768429060518,,594,3370,0.6041563414519022
jhr_se15,age,A,0.9,18-29,PN,bivariate,0.17075662677153022,0.13040145121084795,0.13542844168178345,0.13291494644631568,0.005026990470935494,0.03532818508974678,False,0.03784168032521454,,594,3370,0.6041563414519022
jhr_se15,age,A,0.9,30-39,turnout,reconciled,0.45757535468034477,0.44370638921308136,0.46321174045839436,0.45345906483573784,0.019505351245312996,0.0,True,0.004116289844606935,0.010139893356775898,246,3370,0.28904619635919937
jhr_se15,age,A,0.9,30-39,turnout,M2_logit,0.4543721069207581,0.44370638921308136,0.46321174045839436,0.45345906483573784,0.019505351245312996,0.0,True,0.0009130420850202436,,246,3370,0.28904619635919937
jhr_se15,age,A,0.9,30-39,turnout,M3_probit,0.45437182651139185,0.44370638921308136,0.46321174045839436,0.45345906483573784,0.019505351245312996,0.0,True,0.0009127616756540169,,246,3370,0.28904619635919937
jhr_se15,age,A,0.9,30-39,turnout,M1_lpm,0.45437509537294946,0.44370638921308136,0.46321174045839436,0.45345906483573784,0.019505351245312996,0.0,True,0.0009160305372116206,,246,3370,0.28904619635919937
jhr_se15,age,A,0.9,30-39,turnout,bivariate,0.4199672760306674,0.44370638921308136,0.46321174045839436,0.45345906483573784,0.019505351245312996,0.02373911318241395,False,-0.03349178880507042,,246,3370,0.28904619635919937
jhr_se15,age,A,0.9,30-39,BN,reconciled,0.1880403326973548,0.1684773161828611,0.1875915671326761,0.1780344416577686,0.019114250949815004,0.00044876556467868256,False,0.010005891039586184,0.011326447268048023,246,3370,0.28904619635919937
jhr_se15,age,A,0.9,30-39,BN,M2_logit,0.18595842038788712,0.1684773161828611,0.1875915671326761,0.1780344416577686,0.019114250949815004,0.0,True,0.00792397873011852,,246,3370,0.28904619635919937
jhr_se15,age,A,0.9,30-39,BN,M3_probit,0.18595786803651004,0.1684773161828611,0.1875915671326761,0.1780344416577686,0.019114250949815004,0.0,True,0.007923426378741438,,246,3370,0.28904619635919937
jhr_se15,age,A,0.9,30-39,BN,M1_lpm,0.186540486405232,0.1684773161828611,0.1875915671326761,0.1780344416577686,0.019114250949815004,0.0,True,0.008506044747463387,,246,3370,0.28904619635919937
jhr_se15,age,A,0.9,30-39,BN,bivariate,0.1710692995598092,0.1684773161828611,0.1875915671326761,0.1780344416577686,0.019114250949815004,0.0,True,-0.006965142097959398,,246,3370,0.28904619635919937
jhr_se15,age,A,0.9,30-39,PH,reconciled,0.09975286671834024,0.09487596533485634,0.11005438156489782,0.10246517344987707,0.015178416230041472,0.0,True,-0.0027123067315368288,0.010936664559212295,246,3370,0.28904619635919937
jhr_se15,age,A,0.9,30-39,PH,M2_logit,0.10045934588792953,0.09487596533485634,0.11005438156489782,0.10246517344987707,0.015178416230041472,0.0,True,-0.0020058275619475457,,246,3370,0.28904619635919937
jhr_se15,age,A,0.9,30-39,PH,M3_probit,0.10045911776895866,0.09487596533485634,0.11005438156489782,0.10246517344987707,0.015178416230041472,0.0,True,-0.0020060556809184116,,246,3370,0.28904619635919937
jhr_se15,age,A,0.9,30-39,PH,M1_lpm,0.09908445745041712,0.09487596533485634,0.11005438156489782,0.10246517344987707,0.015178416230041472,0.0,True,-0.0033807159994599517,,246,3370,0.28904619635919937
jhr_se15,age,A,0.9,30-39,PH,bivariate,0.05963915409428834,0.09487596533485634,0.11005438156489782,0.10246517344987707,0.015178416230041472,0.035236811240568,False,-0.04282601935558873,,246,3370,0.28904619635919937
jhr_se15,age,A,0.9,30-39,PN,reconciled,0.13276401587490774,0.11225199274912467,0.13077028134389512,0.1215111370465099,0.01851828859477045,0.0019937345310126198,False,0.011252878828397844,0.008944495324464412,246,3370,0.28904619635919937
jhr_se15,age,A,0.9,30-39,PN,M2_logit,0.13164735302304337,0.11225199274912467,0.13077028134389512,0.1215111370465099,0.01851828859477045,0.0008770716791482447,False,0.01013621597653347,,246,3370,0.28904619635919937
jhr_se15,age,A,0.9,30-39,PN,M3_probit,0.13164678030702254,0.11225199274912467,0.13077028134389512,0.1215111370465099,0.01851828859477045,0.0008764989631274145,False,0.010135643260512639,,246,3370,0.28904619635919937
jhr_se15,age,A,0.9,30-39,PN,M1_lpm,0.13161019082040443,0.11225199274912467,0.13077028134389512,0.1215111370465099,0.01851828859477045,0.000839909476509304,False,0.010099053773894529,,246,3370,0.28904619635919937
jhr_se15,age,A,0.9,30-39,PN,bivariate,0.1615045754962137,0.11225199274912467,0.13077028134389512,0.1215111370465099,0.01851828859477045,0.03073429415231857,False,0.039993438449703794,,246,3370,0.28904619635919937
jhr_se15,age,A,0.9,40-49,turnout,reconciled,0.5329995253862965,0.48470963243350934,0.5009961151509115,0.49285287379221043,0.01628648271740213,0.032003410235385,False,0.040146651594086036,0.010503784568250381,159,3370,0.2180793635966694
jhr_se15,age,A,0.9,40-49,turnout,M2_logit,0.5332539196728201,0.48470963243350934,0.5009961151509115,0.49285287379221043,0.01628648271740213,0.03225780452190863,False,0.040401045880609665,,159,3370,0.2180793635966694
jhr_se15,age,A,0.9,40-49,turnout,M3_probit,0.5332540310863164,0.48470963243350934,0.5009961151509115,0.49285287379221043,0.01628648271740213,0.032257915935404946,False,0.04040115729410598,,159,3370,0.2180793635966694
jhr_se15,age,A,0.9,40-49,turnout,M1_lpm,0.5331368052882401,0.48470963243350934,0.5009961151509115,0.49285287379221043,0.01628648271740213,0.032140690137328676,False,0.04028393149602971,,159,3370,0.2180793635966694
jhr_se15,age,A,0.9,40-49,turnout,bivariate,0.5264853039282725,0.48470963243350934,0.5009961151509115,0.49285287379221043,0.01628648271740213,0.02548918877736106,False,0.0336324301360621,,159,3370,0.2180793635966694
jhr_se15,age,A,0.9,40-49,BN,reconciled,0.21505177485713756,0.1589899392369758,0.17473851977288574,0.16686422950493077,0.01574858053590994,0.04031325508425182,False,0.04818754535220679,0.011794678144210567,159,3370,0.2180793635966694
jhr_se15,age,A,0.9,40-49,BN,M2_logit,0.215131076009442,0.1589899392369758,0.17473851977288574,0.16686422950493077,0.01574858053590994,0.04039255623655627,False,0.04826684650451124,,159,3370,0.2180793635966694
jhr_se15,age,A,0.9,40-49,BN,M3_probit,0.2151307760985443,0.1589899392369758,0.17473851977288574,0.16686422950493077,0.01574858053590994,0.04039225632565857,False,0.04826654659361354,,159,3370,0.2180793635966694
jhr_se15,age,A,0.9,40-49,BN,M1_lpm,0.21525982420826892,0.1589899392369758,0.17473851977288574,0.16686422950493077,0.01574858053590994,0.04052130443538318,False,0.04839559470333815,,159,3370,0.2180793635966694
jhr_se15,age,A,0.9,40-49,BN,bivariate,0.1936554546712307,0.1589899392369758,0.17473851977288574,0.16686422950493077,0.01574858053590994,0.01891693489834495,False,0.02679122516629992,,159,3370,0.2180793635966694
jhr_se15,age,A,0.9,40-49,PH,reconciled,0.13482682397076856,0.1465185775475645,0.1593286183882857,0.1529235979679251,0.012810040840721182,0.011691753576795944,False,-0.018096773997156534,0.010897557315537296,159,3370,0.2180793635966694
jhr_se15,age,A,0.9,40-49,PH,M2_logit,0.134759993763001,0.1465185775475645,0.1593286183882857,0.1529235979679251,0.012810040840721182,0.011758583784563514,False,-0.018163604204924105,,159,3370,0.2180793635966694
jhr_se15,age,A,0.9,40-49,PH,M3_probit,0.1347592915737767,0.1465185775475645,0.1593286183882857,0.1529235979679251,0.012810040840721182,0.011759285973787809,False,-0.0181643063941484,,159,3370,0.2180793635966694
jhr_se15,age,A,0.9,40-49,PH,M1_lpm,0.1347805788673209,0.1465185775475645,0.1593286183882857,0.1529235979679251,0.012810040840721182,0.011737998680243611,False,-0.018143019100604202,,159,3370,0.2180793635966694
jhr_se15,age,A,0.9,40-49,PH,bivariate,0.13791470967210365,0.1465185775475645,0.1593286183882857,0.1529235979679251,0.012810040840721182,0.008603867875460858,False,-0.015008888295821449,,159,3370,0.2180793635966694
jhr_se15,age,A,0.9,40-49,PN,reconciled,0.1445354493601972,0.10019922303018229,0.11463293156688913,0.10741607729853571,0.014433708536706835,0.02990251779330806,False,0.03711937206166148,0.008596896299624953,159,3370,0.2180793635966694
jhr_se15,age,A,0.9,40-49,PN,M2_logit,0.14482986078262103,0.10019922303018229,0.11463293156688913,0.10741607729853571,0.014433708536706835,0.030196929215731902,False,0.03741378348408532,,159,3370,0.2180793635966694
jhr_se15,age,A,0.9,40-49,PN,M3_probit,0.14482978464971968,0.10019922303018229,0.11463293156688913,0.10741607729853571,0.014433708536706835,0.030196853082830558,False,0.037413707351183975,,159,3370,0.2180793635966694
jhr_se15,age,A,0.9,40-49,PN,M1_lpm,0.1445362415924246,0.10019922303018229,0.11463293156688913,0.10741607729853571,0.014433708536706835,0.029903310025535465,False,0.03712016429388888,,159,3370,0.2180793635966694
jhr_se15,age,A,0.9,40-49,PN,bivariate,0.15435528383224198,0.10019922303018229,0.11463293156688913,0.10741607729853571,0.014433708536706835,0.03972235226535285,False,0.04693920653370627,,159,3370,0.2180793635966694
jhr_se15,age,A,0.9,50-59,turnout,reconciled,0.6322191505299395,0.5699666713608412,0.6001971553302352,0.5850819133455383,0.030230483969393984,0.03202199519970428,False,0.047137237184401215,0.011044898077375584,116,3370,0.16625434112459514
jhr_se15,age,A,0.9,50-59,turnout,M2_logit,0.6330178059978845,0.5699666713608412,0.6001971553302352,0.5850819133455383,0.030230483969393984,0.032820650667649276,False,0.04793589265234621,,116,3370,0.16625434112459514
jhr_se15,age,A,0.9,50-59,turnout,M3_probit,0.6330178463385021,0.5699666713608412,0.6001971553302352,0.5850819133455383,0.030230483969393984,0.0328206910082669,False,0.04793593299296384,,116,3370,0.16625434112459514
jhr_se15,age,A,0.9,50-59,turnout,M1_lpm,0.6333034522706809,0.5699666713608412,0.6001971553302352,0.5850819133455383,0.030230483969393984,0.033106296940445645,False,0.04822153892514258,,116,3370,0.16625434112459514
jhr_se15,age,A,0.9,50-59,turnout,bivariate,0.681071030084942,0.5699666713608412,0.6001971553302352,0.5850819133455383,0.030230483969393984,0.08087387475470675,False,0.09598911673940369,,116,3370,0.16625434112459514
jhr_se15,age,A,0.9,50-59,BN,reconciled,0.25583026132799885,0.1707584221314682,0.20141138180850898,0.1860849019699886,0.030652959677040792,0.05441887951948987,False,0.06974535935801027,0.014926104570494522,116,3370,0.16625434112459514
jhr_se15,age,A,0.9,50-59,BN,M2_logit,0.2557490615215793,0.1707584221314682,0.20141138180850898,0.1860849019699886,0.030652959677040792,0.0543376797130703,False,0.0696641595515907,,116,3370,0.16625434112459514
jhr_se15,age,A,0.9,50-59,BN,M3_probit,0.25574866586128364,0.1707584221314682,0.20141138180850898,0.1860849019699886,0.030652959677040792,0.05433728405277466,False,0.06966376389129506,,116,3370,0.16625434112459514
jhr_se15,age,A,0.9,50-59,BN,M1_lpm,0.2566372944283138,0.1707584221314682,0.20141138180850898,0.1860849019699886,0.030652959677040792,0.05522591261980481,False,0.0705523924583252,,116,3370,0.16625434112459514
jhr_se15,age,A,0.9,50-59,BN,bivariate,0.27093651416281844,0.1707584221314682,0.20141138180850898,0.1860849019699886,0.030652959677040792,0.06952513235430946,False,0.08485161219282986,,116,3370,0.16625434112459514
jhr_se15,age,A,0.9,50-59,PH,reconciled,0.18814014684693753,0.2010514950945876,0.22663474627986668,0.21384312068722716,0.02558325118527907,0.012911348247650084,False,-0.025702973840289634,0.015413533754462801,116,3370,0.16625434112459514
jhr_se15,age,A,0.9,50-59,PH,M2_logit,0.18868245188710597,0.2010514950945876,0.22663474627986668,0.21384312068722716,0.02558325118527907,0.01236904320748164,False,-0.02516066880012119,,116,3370,0.16625434112459514
jhr_se15,age,A,0.9,50-59,PH,M3_probit,0.1886820253191211,0.2010514950945876,0.22663474627986668,0.21384312068722716,0.02558325118527907,0.012369469775466518,False,-0.025161095368106068,,116,3370,0.16625434112459514
jhr_se15,age,A,0.9,50-59,PH,M1_lpm,0.18901876922644054,0.2010514950945876,0.22663474627986668,0.21384312068722716,0.02558325118527907,0.012032725868147076,False,-0.024824351460786626,,116,3370,0.16625434112459514
jhr_se15,age,A,0.9,50-59,PH,bivariate,0.22422551533152568,0.2010514950945876,0.22663474627986668,0.21384312068722716,0.02558325118527907,0.0,True,0.01038239464429852,,116,3370,0.16625434112459514
jhr_se15,age,A,0.9,50-59,PN,reconciled,0.1347512997238978,0.07396454333505453,0.10051792392307812,0.08724123362906633,0.02655338058802359,0.03423337580081967,False,0.047510066094831466,0.008755296426786916,116,3370,0.16625434112459514
jhr_se15,age,A,0.9,50-59,PN,M2_logit,0.13459113971284914,0.07396454333505453,0.10051792392307812,0.08724123362906633,0.02655338058802359,0.034073215789771016,False,0.04734990608378281,,116,3370,0.16625434112459514
jhr_se15,age,A,0.9,50-59,PN,M3_probit,0.13459017750417746,0.07396454333505453,0.10051792392307812,0.08724123362906633,0.02655338058802359,0.03407225358109933,False,0.04734894387511113,,116,3370,0.16625434112459514
jhr_se15,age,A,0.9,50-59,PN,M1_lpm,0.13345007608817674,0.07396454333505453,0.10051792392307812,0.08724123362906633,0.02655338058802359,0.03293215216509862,False,0.046208842459110416,,116,3370,0.16625434112459514
jhr_se15,age,A,0.9,50-59,PN,bivariate,0.12614522652109117,0.07396454333505453,0.10051792392307812,0.08724123362906633,0.02655338058802359,0.025627302598013046,False,0.03890399289202484,,116,3370,0.16625434112459514
jhr_se15,age,A,0.9,60-69,turnout,reconciled,0.6546188800176593,0.602451461540303,0.627013957051543,0.6147327092959229,0.0245624955112399,0.027604922966116385,False,0.03988617072173639,0.009308379094981296,97,3370,0.1453273352886124
jhr_se15,age,A,0.9,60-69,turnout,M2_logit,0.6557219291801474,0.602451461540303,0.627013957051543,0.6147327092959229,0.0245624955112399,0.02870797212860443,False,0.04098921988422444,,97,3370,0.1453273352886124
jhr_se15,age,A,0.9,60-69,turnout,M3_probit,0.6557228006992708,0.602451461540303,0.627013957051543,0.6147327092959229,0.0245624955112399,0.028708843647727855,False,0.04099009140334786,,97,3370,0.1453273352886124
jhr_se15,age,A,0.9,60-69,turnout,M1_lpm,0.6567929926776238,0.602451461540303,0.627013957051543,0.6147327092959229,0.0245624955112399,0.029779035626080863,False,0.04206028338170087,,97,3370,0.1453273352886124
jhr_se15,age,A,0.9,60-69,turnout,bivariate,0.684910357653844,0.602451461540303,0.627013957051543,0.6147327092959229,0.0245624955112399,0.05789640060230106,False,0.07017764835792106,,97,3370,0.1453273352886124
jhr_se15,age,A,0.9,60-69,BN,reconciled,0.2967350442196067,0.1968830049555912,0.22144550046683106,0.20916425271121114,0.024562495511239874,0.07528954375277566,False,0.08757079150839558,0.018221390655351926,97,3370,0.1453273352886124
jhr_se15,age,A,0.9,60-69,BN,M2_logit,0.29683712538558027,0.1968830049555912,0.22144550046683106,0.20916425271121114,0.024562495511239874,0.0753916249187492,False,0.08767287267436913,,97,3370,0.1453273352886124
jhr_se15,age,A,0.9,60-69,BN,M3_probit,0.29683713252729155,0.1968830049555912,0.22144550046683106,0.20916425271121114,0.024562495511239874,0.07539163206046048,False,0.0876728798160804,,97,3370,0.1453273352886124
jhr_se15,age,A,0.9,60-69,BN,M1_lpm,0.29421173347183094,0.1968830049555912,0.22144550046683106,0.20916425271121114,0.024562495511239874,0.07276623300499988,False,0.0850474807606198,,97,3370,0.1453273352886124
jhr_se15,age,A,0.9,60-69,BN,bivariate,0.3290100916876469,0.1968830049555912,0.22144550046683106,0.20916425271121114,0.024562495511239874,0.10756459122081583,False,0.11984583897643575,,97,3370,0.1453273352886124
jhr_se15,age,A,0.9,60-69,PH,reconciled,0.20299634928276122,0.2599650475210074,0.2817504967561227,0.27085777213856504,0.021785449235115273,0.056968698238246185,False,-0.06786142285580382,0.017221283198308564,97,3370,0.1453273352886124
jhr_se15,age,A,0.9,60-69,PH,M2_logit,0.20416853571553686,0.2599650475210074,0.2817504967561227,0.27085777213856504,0.021785449235115273,0.055796511805470544,False,-0.06668923642302818,,97,3370,0.1453273352886124
jhr_se15,age,A,0.9,60-69,PH,M3_probit,0.20416887295303698,0.2599650475210074,0.2817504967561227,0.27085777213856504,0.021785449235115273,0.055796174567970425,False,-0.06668889918552806,,97,3370,0.1453273352886124
jhr_se15,age,A,0.9,60-69,PH,M1_lpm,0.21134468726410668,0.2599650475210074,0.2817504967561227,0.27085777213856504,0.021785449235115273,0.048620360256900724,False,-0.05951308487445836,,97,3370,0.1453273352886124
jhr_se15,age,A,0.9,60-69,PH,bivariate,0.23775591568197055,0.2599650475210074,0.2817504967561227,0.27085777213856504,0.021785449235115273,0.02220913183903686,False,-0.0331018564565945,,97,3370,0.1453273352886124
jhr_se15,age,A,0.9,60-69,PN,reconciled,0.09754182394841242,0.056474587632568046,0.07622513226879893,0.06634985995068349,0.019750544636230882,0.02131669167961349,False,0.03119196399772893,0.007376700594417179,97,3370,0.1453273352886124
jhr_se15,age,A,0.9,60-69,PN,M2_logit,0.09713841242111708,0.056474587632568046,0.07622513226879893,0.06634985995068349,0.019750544636230882,0.02091328015231815,False,0.03078855247043359,,97,3370,0.1453273352886124
jhr_se15,age,A,0.9,60-69,PN,M3_probit,0.09713998305180183,0.056474587632568046,0.07622513226879893,0.06634985995068349,0.019750544636230882,0.020914850783002897,False,0.03079012310111834,,97,3370,0.1453273352886124
jhr_se15,age,A,0.9,60-69,PN,M1_lpm,0.09558045207980663,0.056474587632568046,0.07622513226879893,0.06634985995068349,0.019750544636230882,0.0193553198110077,False,0.029230592129123142,,97,3370,0.1453273352886124
jhr_se15,age,A,0.9,60-69,PN,bivariate,0.056062071767617946,0.056474587632568046,0.07622513226879893,0.06634985995068349,0.019750544636230882,0.00041251586495009984,False,-0.010287788183065541,,97,3370,0.1453273352886124
jhr_se15,age,A,0.9,70+,turnout,reconciled,0.4831202904316005,0.33604028672534253,0.3928863079575356,0.36446329734143906,0.05684602123219307,0.09023398247406489,False,0.11865699309016142,0.011987476514245716,56,3370,0.10626798894990333
jhr_se15,age,A,0.9,70+,turnout,M2_logit,0.48158423198156364,0.33604028672534253,0.3928863079575356,0.36446329734143906,0.05684602123219307,0.08869792402402804,False,0.11712093464012457,,56,3370,0.10626798894990333
jhr_se15,age,A,0.9,70+,turnout,M3_probit,0.481583626730243,0.33604028672534253,0.3928863079575356,0.36446329734143906,0.05684602123219307,0.08869731877270742,False,0.11712032938880396,,56,3370,0.10626798894990333
jhr_se15,age,A,0.9,70+,turnout,M1_lpm,0.48059740942160606,0.33604028672534253,0.3928863079575356,0.36446329734143906,0.05684602123219307,0.08771110146407046,False,0.116134112080167,,56,3370,0.10626798894990333
jhr_se15,age,A,0.9,70+,turnout,bivariate,0.5510949383410559,0.33604028672534253,0.3928863079575356,0.36446329734143906,0.05684602123219307,0.15820863038352034,False,0.18663164099961688,,56,3370,0.10626798894990333
jhr_se15,age,A,0.9,70+,BN,reconciled,0.2672047270971069,0.04446057526540241,0.094773614009618,0.0696170946375102,0.050313038744215596,0.1724311130874889,False,0.1975876324595967,0.016956894462625143,56,3370,0.10626798894990333
jhr_se15,age,A,0.9,70+,BN,M2_logit,0.2663216047285484,0.04446057526540241,0.094773614009618,0.0696170946375102,0.050313038744215596,0.17154799071893037,False,0.19670451009103818,,56,3370,0.10626798894990333
jhr_se15,age,A,0.9,70+,BN,M3_probit,0.26632065736542304,0.04446057526540241,0.094773614009618,0.0696170946375102,0.050313038744215596,0.17154704335580503,False,0.19670356272791284,,56,3370,0.10626798894990333
jhr_se15,age,A,0.9,70+,BN,M1_lpm,0.26690325606319854,0.04446057526540241,0.094773614009618,0.0696170946375102,0.050313038744215596,0.17212964205358053,False,0.19728616142568833,,56,3370,0.10626798894990333
jhr_se15,age,A,0.9,70+,BN,bivariate,0.3050309863738534,0.04446057526540241,0.094773614009618,0.0696170946375102,0.050313038744215596,0.2102573723642354,False,0.2354138917363432,,56,3370,0.10626798894990333
jhr_se15,age,A,0.9,70+,PH,reconciled,0.12423308627277461,0.18451138735142,0.23899827601851012,0.21175483168496506,0.054486888667090116,0.06027830107864539,False,-0.08752174541219045,0.01155176445393533,56,3370,0.10626798894990333
jhr_se15,age,A,0.9,70+,PH,M2_logit,0.12379666925474443,0.18451138735142,0.23899827601851012,0.21175483168496506,0.054486888667090116,0.06071471809667557,False,-0.08795816243022063,,56,3370,0.10626798894990333
jhr_se15,age,A,0.9,70+,PH,M3_probit,0.12379439190021085,0.18451138735142,0.23899827601851012,0.21175483168496506,0.054486888667090116,0.06071699545120915,False,-0.08796043978475421,,56,3370,0.10626798894990333
jhr_se15,age,A,0.9,70+,PH,M1_lpm,0.11616035056498285,0.18451138735142,0.23899827601851012,0.21175483168496506,0.054486888667090116,0.06835103678643716,False,-0.09559448111998221,,56,3370,0.10626798894990333
jhr_se15,age,A,0.9,70+,PH,bivariate,0.16282509401293307,0.18451138735142,0.23899827601851012,0.21175483168496506,0.054486888667090116,0.02168629333848693,False,-0.04892973767203199,,56,3370,0.10626798894990333
jhr_se15,age,A,0.9,70+,PN,reconciled,0.053944018136518584,0.0032211233100444604,0.021322928953815445,0.012272026131929953,0.018101805643770983,0.032621089182703136,False,0.04167199200458863,0.0035243905767161285,56,3370,0.10626798894990333
jhr_se15,age,A,0.9,70+,PN,M2_logit,0.05346946383766812,0.0032211233100444604,0.021322928953815445,0.012272026131929953,0.018101805643770983,0.032146534883852676,False,0.041197437705738166,,56,3370,0.10626798894990333
jhr_se15,age,A,0.9,70+,PN,M3_probit,0.05346375388576027,0.0032211233100444604,0.021322928953815445,0.012272026131929953,0.018101805643770983,0.032140824931944825,False,0.04119172775383032,,56,3370,0.10626798894990333
jhr_se15,age,A,0.9,70+,PN,M1_lpm,0.05878789992323532,0.0032211233100444604,0.021322928953815445,0.012272026131929953,0.018101805643770983,0.03746497096941988,False,0.04651587379130537,,56,3370,0.10626798894990333
jhr_se15,age,A,0.9,70+,PN,bivariate,0.03567217411685847,0.0032211233100444604,0.021322928953815445,0.012272026131929953,0.018101805643770983,0.014349245163043024,False,0.023400147984928517,,56,3370,0.10626798894990333
jhr_se15,age,A,0.85,18-29,turnout,reconciled,0.547073232075661,0.4988854181952859,0.5103480243833696,0.5046167212893278,0.011462606188083646,0.036725207692291484,False,0.04245651078633328,0.011579170884219267,630,3153,0.6332439464740867
jhr_se15,age,A,0.85,18-29,turnout,M2_logit,0.5515909039377926,0.4988854181952859,0.5103480243833696,0.5046167212893278,0.011462606188083646,0.04124287955442307,False,0.04697418264846487,,630,3153,0.6332439464740867
jhr_se15,age,A,0.85,18-29,turnout,M3_probit,0.5515911355886897,0.4988854181952859,0.5103480243833696,0.5046167212893278,0.011462606188083646,0.04124311120532009,False,0.04697441429936189,,630,3153,0.6332439464740867
jhr_se15,age,A,0.85,18-29,turnout,M1_lpm,0.5516051659523679,0.4988854181952859,0.5103480243833696,0.5046167212893278,0.011462606188083646,0.04125714156899829,False,0.046988444663040085,,630,3153,0.6332439464740867
jhr_se15,age,A,0.85,18-29,turnout,bivariate,0.4807616365655318,0.4988854181952859,0.5103480243833696,0.5046167212893278,0.011462606188083646,0.018123781629754143,False,-0.023855084723795994,,630,3153,0.6332439464740867
jhr_se15,age,A,0.85,18-29,BN,reconciled,0.25970925974457315,0.19051545623315608,0.2014632816922077,0.19598936896268188,0.010947825459051624,0.05824597805236545,False,0.06371989078189128,0.013632767526516647,630,3153,0.6332439464740867
jhr_se15,age,A,0.85,18-29,BN,M2_logit,0.263283726921949,0.19051545623315608,0.2014632816922077,0.19598936896268188,0.010947825459051624,0.06182044522974131,False,0.06729435795926714,,630,3153,0.6332439464740867
jhr_se15,age,A,0.85,18-29,BN,M3_probit,0.26328351896598656,0.19051545623315608,0.2014632816922077,0.19598936896268188,0.010947825459051624,0.06182023727377886,False,0.06729415000330469,,630,3153,0.6332439464740867
jhr_se15,age,A,0.85,18-29,BN,M1_lpm,0.2639453287478078,0.19051545623315608,0.2014632816922077,0.19598936896268188,0.010947825459051624,0.06248204705560009,False,0.06795595978512592,,630,3153,0.6332439464740867
jhr_se15,age,A,0.85,18-29,BN,bivariate,0.2267673351103187,0.19051545623315608,0.2014632816922077,0.19598936896268188,0.010947825459051624,0.02530405341811101,False,0.030777966147636837,,630,3153,0.6332439464740867
jhr_se15,age,A,0.85,18-29,PH,reconciled,0.09001872444046803,0.11665723290217536,0.12412737678455378,0.12039230484336458,0.007470143882378419,0.02663850846170733,False,-0.030373580402896547,0.009705947080908212,630,3153,0.6332439464740867
jhr_se15,age,A,0.85,18-29,PH,M2_logit,0.08741902561192245,0.11665723290217536,0.12412737678455378,0.12039230484336458,0.007470143882378419,0.029238207290252907,False,-0.032973279231442124,,630,3153,0.6332439464740867
jhr_se15,age,A,0.85,18-29,PH,M3_probit,0.08741716512103709,0.11665723290217536,0.12412737678455378,0.12039230484336458,0.007470143882378419,0.029240067781138274,False,-0.03297513972232749,,630,3153,0.6332439464740867
jhr_se15,age,A,0.85,18-29,PH,M1_lpm,0.08766473854211418,0.11665723290217536,0.12412737678455378,0.12039230484336458,0.007470143882378419,0.028992494360061183,False,-0.0327275663012504,,630,3153,0.6332439464740867
jhr_se15,age,A,0.85,18-29,PH,bivariate,0.05475084071918221,0.11665723290217536,0.12412737678455378,0.12039230484336458,0.007470143882378419,0.06190639218299315,False,-0.06564146412418237,,630,3153,0.6332439464740867
jhr_se15,age,A,0.85,18-29,PN,reconciled,0.1669919595165727,0.1261119613145776,0.13626781642127234,0.131189888867925,0.010155855106694728,0.03072414309530036,False,0.03580207064864771,0.010786150451039747,630,3153,0.6332439464740867
jhr_se15,age,A,0.85,18-29,PN,M2_logit,0.16909335873436296,0.1261119613145776,0.13626781642127234,0.131189888867925,0.010155855106694728,0.03282554231309062,False,0.03790346986643797,,630,3153,0.6332439464740867
jhr_se15,age,A,0.85,18-29,PN,M3_probit,0.1690930625892504,0.1261119613145776,0.13626781642127234,0.131189888867925,0.010155855106694728,0.03282524616797805,False,0.0379031737213254,,630,3153,0.6332439464740867
jhr_se15,age,A,0.85,18-29,PN,M1_lpm,0.16926867664328835,0.1261119613145776,0.13626781642127234,0.131189888867925,0.010155855106694728,0.03300086022201601,False,0.03807878777536336,,630,3153,0.6332439464740867
jhr_se15,age,A,0.85,18-29,PN,bivariate,0.17455098220481763,0.1261119613145776,0.13626781642127234,0.131189888867925,0.010155855106694728,0.03828316578354529,False,0.04336109333689264,,630,3153,0.6332439464740867
jhr_se15,age,A,0.85,30-39,turnout,reconciled,0.4562423984721561,0.4333181635097741,0.4721110640323483,0.4527146137710612,0.038792900522574225,0.0,True,0.0035277847010948826,0.009421687821793596,298,3153,0.34303017252980916
jhr_se15,age,A,0.85,30-39,turnout,M2_logit,0.45163997339353357,0.4333181635097741,0.4721110640323483,0.4527146137710612,0.038792900522574225,0.0,True,-0.0010746403775276359,,298,3153,0.34303017252980916
jhr_se15,age,A,0.85,30-39,turnout,M3_probit,0.4516393803536687,0.4333181635097741,0.4721110640323483,0.4527146137710612,0.038792900522574225,0.0,True,-0.0010752334173925182,,298,3153,0.34303017252980916
jhr_se15,age,A,0.85,30-39,turnout,M1_lpm,0.45160551423658757,0.4333181635097741,0.4721110640323483,0.4527146137710612,0.038792900522574225,0.0,True,-0.0011090995344736343,,298,3153,0.34303017252980916
jhr_se15,age,A,0.85,30-39,turnout,bivariate,0.41461918438327394,0.4333181635097741,0.4721110640323483,0.4527146137710612,0.038792900522574225,0.018698979126500148,False,-0.03809542938778726,,298,3153,0.34303017252980916
jhr_se15,age,A,0.85,30-39,BN,reconciled,0.18796090127510148,0.15273919934717448,0.18991049804100038,0.17132484869408743,0.037171298693825905,0.0,True,0.016636052581014055,0.01070027448294212,298,3153,0.34303017252980916
jhr_se15,age,A,0.85,30-39,BN,M2_logit,0.18573865493625077,0.15273919934717448,0.18991049804100038,0.17132484869408743,0.037171298693825905,0.0,True,0.014413806242163346,,298,3153,0.34303017252980916
jhr_se15,age,A,0.85,30-39,BN,M3_probit,0.18573795918721187,0.15273919934717448,0.18991049804100038,0.17132484869408743,0.037171298693825905,0.0,True,0.014413110493124437,,298,3153,0.34303017252980916
jhr_se15,age,A,0.85,30-39,BN,M1_lpm,0.18584300692370617,0.15273919934717448,0.18991049804100038,0.17132484869408743,0.037171298693825905,0.0,True,0.014518158229618744,,298,3153,0.34303017252980916
jhr_se15,age,A,0.85,30-39,BN,bivariate,0.1679597514343923,0.15273919934717448,0.18991049804100038,0.17132484869408743,0.037171298693825905,0.0,True,-0.003365097259695138,,298,3153,0.34303017252980916
jhr_se15,age,A,0.85,30-39,PH,reconciled,0.10129491939832967,0.08455345793512546,0.11143020050321967,0.09799182921917257,0.026876742568094206,0.0,True,0.0033030901791571005,0.010965626226869913,298,3153,0.34303017252980916
jhr_se15,age,A,0.85,30-39,PH,M2_logit,0.10259753716733169,0.08455345793512546,0.11143020050321967,0.09799182921917257,0.026876742568094206,0.0,True,0.004605707948159121,,298,3153,0.34303017252980916
jhr_se15,age,A,0.85,30-39,PH,M3_probit,0.10259760343055818,0.08455345793512546,0.11143020050321967,0.09799182921917257,0.026876742568094206,0.0,True,0.00460577421138561,,298,3153,0.34303017252980916
jhr_se15,age,A,0.85,30-39,PH,M1_lpm,0.10095573990806986,0.08455345793512546,0.11143020050321967,0.09799182921917257,0.026876742568094206,0.0,True,0.0029639106888972866,,298,3153,0.34303017252980916
jhr_se15,age,A,0.85,30-39,PH,bivariate,0.056436229925718215,0.08455345793512546,0.11143020050321967,0.09799182921917257,0.026876742568094206,0.028117228009407247,False,-0.04155559929345436,,298,3153,0.34303017252980916
jhr_se15,age,A,0.85,30-39,PN,reconciled,0.13037858170642014,0.1008531718008673,0.1343627889459065,0.1176079803733869,0.03350961714503921,0.0,True,0.012770601333033232,0.008661204253840978,298,3153,0.34303017252980916
jhr_se15,age,A,0.85,30-39,PN,M2_logit,0.12918106886407196,0.1008531718008673,0.1343627889459065,0.1176079803733869,0.03350961714503921,0.0,True,0.011573088490685057,,298,3153,0.34303017252980916
jhr_se15,age,A,0.85,30-39,PN,M3_probit,0.12918023247318705,0.1008531718008673,0.1343627889459065,0.1176079803733869,0.03350961714503921,0.0,True,0.011572252099800145,,298,3153,0.34303017252980916
jhr_se15,age,A,0.85,30-39,PN,M1_lpm,0.12880969610057458,0.1008531718008673,0.1343627889459065,0.1176079803733869,0.03350961714503921,0.0,True,0.011201715727187672,,298,3153,0.34303017252980916
jhr_se15,age,A,0.85,30-39,PN,bivariate,0.1641839835506046,0.1008531718008673,0.1343627889459065,0.1176079803733869,0.03350961714503921,0.029821194604698092,False,0.04657600317721769,,298,3153,0.34303017252980916
jhr_se15,age,A,0.85,40-49,turnout,reconciled,0.5355628875812831,0.4778714303685998,0.5136327420639912,0.4957520862162955,0.03576131169539143,0.021930145517291888,False,0.0398108013649876,0.010155248431662309,193,3153,0.25901676380564675
jhr_se15,age,A,0.85,40-49,turnout,M2_logit,0.5364898983648442,0.4778714303685998,0.5136327420639912,0.4957520862162955,0.03576131169539143,0.022857156300852943,False,0.04073781214854866,,193,3153,0.25901676380564675
jhr_se15,age,A,0.85,40-49,turnout,M3_probit,0.5364901943976477,0.4778714303685998,0.5136327420639912,0.4957520862162955,0.03576131169539143,0.022857452333656436,False,0.04073810818135215,,193,3153,0.25901676380564675
jhr_se15,age,A,0.85,40-49,turnout,M1_lpm,0.5364394671829434,0.4778714303685998,0.5136327420639912,0.4957520862162955,0.03576131169539143,0.02280672511895221,False,0.040687380966647924,,193,3153,0.25901676380564675
jhr_se15,age,A,0.85,40-49,turnout,bivariate,0.5255405199985284,0.4778714303685998,0.5136327420639912,0.4957520862162955,0.03576131169539143,0.011907777934537123,False,0.029788433782232837,,193,3153,0.25901676380564675
jhr_se15,age,A,0.85,40-49,BN,reconciled,0.2166281581033497,0.14805216589088774,0.18029940873065795,0.16417578731077284,0.03224724283977021,0.03632874937269176,False,0.05245237079257686,0.011587596557879377,193,3153,0.25901676380564675
jhr_se15,age,A,0.85,40-49,BN,M2_logit,0.21636840233462173,0.14805216589088774,0.18029940873065795,0.16417578731077284,0.03224724283977021,0.03606899360396379,False,0.05219261502384889,,193,3153,0.25901676380564675
jhr_se15,age,A,0.85,40-49,BN,M3_probit,0.21636812054840526,0.14805216589088774,0.18029940873065795,0.16417578731077284,0.03224724283977021,0.03606871181774732,False,0.05219233323763242,,193,3153,0.25901676380564675
jhr_se15,age,A,0.85,40-49,BN,M1_lpm,0.2165970152000566,0.14805216589088774,0.18029940873065795,0.16417578731077284,0.03224724283977021,0.03629760646939864,False,0.052421227889283745,,193,3153,0.25901676380564675
jhr_se15,age,A,0.85,40-49,BN,bivariate,0.19176231141866806,0.14805216589088774,0.18029940873065795,0.16417578731077284,0.03224724283977021,0.011462902688010118,False,0.02758652410789522,,193,3153,0.25901676380564675
jhr_se15,age,A,0.85,40-49,PH,reconciled,0.13316585876855877,0.1363106470415566,0.1627122908541955,0.14951146894787604,0.026401643812638903,0.0031447882729978283,False,-0.016345610179317266,0.011480817167382487,193,3153,0.25901676380564675
jhr_se15,age,A,0.85,40-49,PH,M2_logit,0.13278325579040007,0.1363106470415566,0.1627122908541955,0.14951146894787604,0.026401643812638903,0.003527391251156531,False,-0.01672821315747597,,193,3153,0.25901676380564675
jhr_se15,age,A,0.85,40-49,PH,M3_probit,0.13278247508835705,0.1363106470415566,0.1627122908541955,0.14951146894787604,0.026401643812638903,0.0035281719531995437,False,-0.01672899385951898,,193,3153,0.25901676380564675
jhr_se15,age,A,0.85,40-49,PH,M1_lpm,0.13307366186093628,0.1363106470415566,0.1627122908541955,0.14951146894787604,0.026401643812638903,0.003236985180620322,False,-0.01643780708693976,,193,3153,0.25901676380564675
jhr_se15,age,A,0.85,40-49,PH,bivariate,0.13732022045004694,0.1363106470415566,0.1627122908541955,0.14951146894787604,0.026401643812638903,0.0,True,-0.0121912484978291,,193,3153,0.25901676380564675
jhr_se15,age,A,0.85,40-49,PN,reconciled,0.14581044446991065,0.09261542332368851,0.12043443619742525,0.10652492976055689,0.02781901287373674,0.0253760082724854,False,0.039285514709353764,0.008362323823455909,193,3153,0.25901676380564675
jhr_se15,age,A,0.85,40-49,PN,M2_logit,0.14594553604534513,0.09261542332368851,0.12043443619742525,0.10652492976055689,0.02781901287373674,0.025511099847919882,False,0.039420606284788245,,193,3153,0.25901676380564675
jhr_se15,age,A,0.85,40-49,PN,M3_probit,0.14594544961911332,0.09261542332368851,0.12043443619742525,0.10652492976055689,0.02781901287373674,0.025511013421688072,False,0.039420519858556435,,193,3153,0.25901676380564675
jhr_se15,age,A,0.85,40-49,PN,M1_lpm,0.14595722004991196,0.09261542332368851,0.12043443619742525,0.10652492976055689,0.02781901287373674,0.025522783852486713,False,0.039432290289355076,,193,3153,0.25901676380564675
jhr_se15,age,A,0.85,40-49,PN,bivariate,0.15554487770479972,0.09261542332368851,0.12043443619742525,0.10652492976055689,0.02781901287373674,0.03511044150737447,False,0.04901994794424283,,193,3153,0.25901676380564675
jhr_se15,age,A,0.85,50-59,turnout,reconciled,0.6337079855766152,0.5652173913043478,0.6170826428508178,0.5911500170775827,0.05186525154647004,0.01662534272579741,False,0.042557968499032484,0.011458461005915051,148,3153,0.2056450878630611
jhr_se15,age,A,0.85,50-59,turnout,M2_logit,0.6341317368578995,0.5652173913043478,0.6170826428508178,0.5911500170775827,0.05186525154647004,0.017049094007081655,False,0.04298171978031673,,148,3153,0.2056450878630611
jhr_se15,age,A,0.85,50-59,turnout,M3_probit,0.6341316015111451,0.5652173913043478,0.6170826428508178,0.5911500170775827,0.05186525154647004,0.017048958660327296,False,0.04298158443356237,,148,3153,0.2056450878630611
jhr_se15,age,A,0.85,50-59,turnout,M1_lpm,0.6343538512458213,0.5652173913043478,0.6170826428508178,0.5911500170775827,0.05186525154647004,0.017271208395003512,False,0.043203834168238586,,148,3153,0.2056450878630611
jhr_se15,age,A,0.85,50-59,turnout,bivariate,0.6849573008948464,0.5652173913043478,0.6170826428508178,0.5911500170775827,0.05186525154647004,0.06787465804402859,False,0.09380728381726366,,148,3153,0.2056450878630611
jhr_se15,age,A,0.85,50-59,BN,reconciled,0.26113914233819213,0.1535464447002568,0.20422259047956381,0.1788845175899103,0.050676145779307014,0.05691655185862832,False,0.08225462474828182,0.014431519889126474,148,3153,0.2056450878630611
jhr_se15,age,A,0.85,50-59,BN,M2_logit,0.261793792130373,0.1535464447002568,0.20422259047956381,0.1788845175899103,0.050676145779307014,0.0575712016508092,False,0.08290927454046271,,148,3153,0.2056450878630611
jhr_se15,age,A,0.85,50-59,BN,M3_probit,0.26179337463934094,0.1535464447002568,0.20422259047956381,0.1788845175899103,0.050676145779307014,0.05757078415977712,False,0.08290885704943063,,148,3153,0.2056450878630611
jhr_se15,age,A,0.85,50-59,BN,M1_lpm,0.2626135309895592,0.1535464447002568,0.20422259047956381,0.1788845175899103,0.050676145779307014,0.05839094050999538,False,0.08372901339964889,,148,3153,0.2056450878630611
jhr_se15,age,A,0.85,50-59,BN,bivariate,0.27670383280968935,0.1535464447002568,0.20422259047956381,0.1788845175899103,0.050676145779307014,0.07248124233012554,False,0.09781931521977905,,148,3153,0.2056450878630611
jhr_se15,age,A,0.85,50-59,PH,reconciled,0.18559841176942593,0.19076292520018723,0.23164792349242894,0.21120542434630807,0.04088499829224171,0.005164513430761297,False,-0.025607012576882138,0.016800285435613904,148,3153,0.2056450878630611
jhr_se15,age,A,0.85,50-59,PH,M2_logit,0.18642325128725817,0.19076292520018723,0.23164792349242894,0.21120542434630807,0.04088499829224171,0.004339673912929054,False,-0.024782173059049895,,148,3153,0.2056450878630611
jhr_se15,age,A,0.85,50-59,PH,M3_probit,0.18642266659095524,0.19076292520018723,0.23164792349242894,0.21120542434630807,0.04088499829224171,0.004340258609231984,False,-0.024782757755352824,,148,3153,0.2056450878630611
jhr_se15,age,A,0.85,50-59,PH,M1_lpm,0.18656950410437625,0.19076292520018723,0.23164792349242894,0.21120542434630807,0.04088499829224171,0.004193421095810973,False,-0.024635920241931814,,148,3153,0.2056450878630611
jhr_se15,age,A,0.85,50-59,PH,bivariate,0.22414412657744281,0.19076292520018723,0.23164792349242894,0.21120542434630807,0.04088499829224171,0.0,True,0.012938702231134747,,148,3153,0.2056450878630611
jhr_se15,age,A,0.85,50-59,PN,reconciled,0.1366515239623053,0.06774107854423093,0.10665266726543624,0.08719687290483358,0.0389115887212053,0.029998856696869053,False,0.04945465105747171,0.01023529614358715,148,3153,0.2056450878630611
jhr_se15,age,A,0.85,50-59,PN,M2_logit,0.13684506964727386,0.06774107854423093,0.10665266726543624,0.08719687290483358,0.0389115887212053,0.030192402381837624,False,0.04964819674244028,,148,3153,0.2056450878630611
jhr_se15,age,A,0.85,50-59,PN,M3_probit,0.13684406372148328,0.06774107854423093,0.10665266726543624,0.08719687290483358,0.0389115887212053,0.030191396456047043,False,0.0496471908166497,,148,3153,0.2056450878630611
jhr_se15,age,A,0.85,50-59,PN,M1_lpm,0.13512866544240706,0.06774107854423093,0.10665266726543624,0.08719687290483358,0.0389115887212053,0.02847599817697083,False,0.04793179253757349,,148,3153,0.2056450878630611
jhr_se15,age,A,0.85,50-59,PN,bivariate,0.12659956899509922,0.06774107854423093,0.10665266726543624,0.08719687290483358,0.0389115887212053,0.019946901729662986,False,0.03940269609026564,,148,3153,0.2056450878630611
jhr_se15,age,A,0.85,60-69,turnout,reconciled,0.654613713270317,0.5934323690383112,0.6392494136043784,0.6163408913213448,0.04581704456606717,0.015364299665938663,False,0.03827282194897219,0.010762628858399313,121,3153,0.17799302083659502
jhr_se15,age,A,0.85,60-69,turnout,M2_logit,0.6562544042075449,0.5934323690383112,0.6392494136043784,0.6163408913213448,0.04581704456606717,0.017004990603166514,False,0.03991351288620004,,121,3153,0.17799302083659502
jhr_se15,age,A,0.85,60-69,turnout,M3_probit,0.6562552311485261,0.5934323690383112,0.6392494136043784,0.6163408913213448,0.04581704456606717,0.01700581754414776,False,0.03991433982718129,,121,3153,0.17799302083659502
jhr_se15,age,A,0.85,60-69,turnout,M1_lpm,0.6572887944471961,0.5934323690383112,0.6392494136043784,0.6163408913213448,0.04581704456606717,0.018039380842817754,False,0.04094790312585128,,121,3153,0.17799302083659502
jhr_se15,age,A,0.85,60-69,turnout,bivariate,0.6872567652425042,0.5934323690383112,0.6392494136043784,0.6163408913213448,0.04581704456606717,0.04800735163812586,False,0.07091587392115939,,121,3153,0.17799302083659502
jhr_se15,age,A,0.85,60-69,BN,reconciled,0.29841961623477525,0.18189992181391712,0.22492181391712276,0.20341086786551993,0.043021892103205644,0.07349780231765249,False,0.09500874836925532,0.02083828521737146,121,3153,0.17799302083659502
jhr_se15,age,A,0.85,60-69,BN,M2_logit,0.2966740666699184,0.18189992181391712,0.22492181391712276,0.20341086786551993,0.043021892103205644,0.07175225275279565,False,0.09326319880439848,,121,3153,0.17799302083659502
jhr_se15,age,A,0.85,60-69,BN,M3_probit,0.2966741045628447,0.18189992181391712,0.22492181391712276,0.20341086786551993,0.043021892103205644,0.07175229064572194,False,0.09326323669732478,,121,3153,0.17799302083659502
jhr_se15,age,A,0.85,60-69,BN,M1_lpm,0.2944560740608673,0.18189992181391712,0.22492181391712276,0.20341086786551993,0.043021892103205644,0.06953426014374456,False,0.0910452061953474,,121,3153,0.17799302083659502
jhr_se15,age,A,0.85,60-69,BN,bivariate,0.33640898213766324,0.18189992181391712,0.22492181391712276,0.20341086786551993,0.043021892103205644,0.11148716822054047,False,0.1329981142721433,,121,3153,0.17799302083659502
jhr_se15,age,A,0.85,60-69,PH,reconciled,0.20257388818661418,0.2491985926505082,0.28715793588741206,0.26817826426896013,0.037959343236903864,0.04662470446389402,False,-0.06560437608234596,0.02065226578156555,121,3153,0.17799302083659502
jhr_se15,age,A,0.85,60-69,PH,M2_logit,0.20387329981716026,0.2491985926505082,0.28715793588741206,0.26817826426896013,0.037959343236903864,0.045325292833347935,False,-0.06430496445179987,,121,3153,0.17799302083659502
jhr_se15,age,A,0.85,60-69,PH,M3_probit,0.2038742215831318,0.2491985926505082,0.28715793588741206,0.26817826426896013,0.037959343236903864,0.04532437106737641,False,-0.06430404268582834,,121,3153,0.17799302083659502
jhr_se15,age,A,0.85,60-69,PH,M1_lpm,0.21139969439339654,0.2491985926505082,0.28715793588741206,0.26817826426896013,0.037959343236903864,0.03779889825711166,False,-0.056778569875563595,,121,3153,0.17799302083659502
jhr_se15,age,A,0.85,60-69,PH,bivariate,0.23357565778555273,0.2491985926505082,0.28715793588741206,0.26817826426896013,0.037959343236903864,0.015622934864955473,False,-0.034602606483407405,,121,3153,0.17799302083659502
jhr_se15,age,A,0.85,60-69,PN,reconciled,0.09461044640149123,0.05076231430805317,0.07926114151681,0.0650117279124316,0.028498827208756836,0.015349304884681225,False,0.029598718489059636,0.006375000009933912,121,3153,0.17799302083659502
jhr_se15,age,A,0.85,60-69,PN,M2_logit,0.09364746211294979,0.05076231430805317,0.07926114151681,0.0650117279124316,0.028498827208756836,0.014386320596139784,False,0.028635734200518195,,121,3153,0.17799302083659502
jhr_se15,age,A,0.85,60-69,PN,M3_probit,0.0936489950596931,0.05076231430805317,0.07926114151681,0.0650117279124316,0.028498827208756836,0.014387853542883092,False,0.028637267147261503,,121,3153,0.17799302083659502
jhr_se15,age,A,0.85,60-69,PN,M1_lpm,0.09325749334899883,0.05076231430805317,0.07926114151681,0.0650117279124316,0.028498827208756836,0.013996351832188822,False,0.028245765436567233,,121,3153,0.17799302083659502
jhr_se15,age,A,0.85,60-69,PN,bivariate,0.05337132105354683,0.05076231430805317,0.07926114151681,0.0650117279124316,0.028498827208756836,0.0,True,-0.011640406858884761,,121,3153,0.17799302083659502
jhr_se15,age,A,0.85,70+,turnout,reconciled,0.4885151976908284,0.3553410237530339,0.4463988655267392,0.40086994463988657,0.0910578417737053,0.04211633216408922,False,0.08764525305094184,0.010651727130475921,95,3153,0.17678708315053104
jhr_se15,age,A,0.85,70+,turnout,M2_logit,0.486289034438332,0.3553410237530339,0.4463988655267392,0.40086994463988657,0.0910578417737053,0.039890168911592805,False,0.08541908979844542,,95,3153,0.17678708315053104
jhr_se15,age,A,0.85,70+,turnout,M3_probit,0.48628815290306177,0.3553410237530339,0.4463988655267392,0.40086994463988657,0.0910578417737053,0.03988928737632258,False,0.0854182082631752,,95,3153,0.17678708315053104
jhr_se15,age,A,0.85,70+,turnout,M1_lpm,0.485235411331253,0.3553410237530339,0.4463988655267392,0.40086994463988657,0.0910578417737053,0.03883654580451379,False,0.08436546669136641,,95,3153,0.17678708315053104
jhr_se15,age,A,0.85,70+,turnout,bivariate,0.5639390236000656,0.3553410237530339,0.4463988655267392,0.40086994463988657,0.0910578417737053,0.11754015807332646,False,0.16306907896017908,,95,3153,0.17678708315053104
jhr_se15,age,A,0.85,70+,BN,reconciled,0.274931834258213,0.0691046933376967,0.15113583681038478,0.11012026507404074,0.08203114347268808,0.12379599744782821,False,0.16481156918417225,0.01507203433516421,95,3153,0.17678708315053104
jhr_se15,age,A,0.85,70+,BN,M2_logit,0.2760125957731037,0.0691046933376967,0.15113583681038478,0.11012026507404074,0.08203114347268808,0.12487675896271894,False,0.16589233069906298,,95,3153,0.17678708315053104
jhr_se15,age,A,0.85,70+,BN,M3_probit,0.27601156267512433,0.0691046933376967,0.15113583681038478,0.11012026507404074,0.08203114347268808,0.12487572586473955,False,0.1658912976010836,,95,3153,0.17678708315053104
jhr_se15,age,A,0.85,70+,BN,M1_lpm,0.2762072632402285,0.0691046933376967,0.15113583681038478,0.11012026507404074,0.08203114347268808,0.1250714264298437,False,0.16608699816618774,,95,3153,0.17678708315053104
jhr_se15,age,A,0.85,70+,BN,bivariate,0.31832140083965854,0.0691046933376967,0.15113583681038478,0.11012026507404074,0.08203114347268808,0.16718556402927376,False,0.2082011357656178,,95,3153,0.17678708315053104
jhr_se15,age,A,0.85,70+,PH,reconciled,0.11449338872238479,0.1514358177206905,0.2283400147263356,0.18988791622351306,0.0769041970056451,0.036942428998305715,False,-0.07539452750112827,0.012383386824402865,95,3153,0.17678708315053104
jhr_se15,age,A,0.85,70+,PH,M2_logit,0.11353035341170785,0.1514358177206905,0.2283400147263356,0.18988791622351306,0.0769041970056451,0.03790546430898266,False,-0.07635756281180521,,95,3153,0.17678708315053104
jhr_se15,age,A,0.85,70+,PH,M3_probit,0.11352696146168956,0.1514358177206905,0.2283400147263356,0.18988791622351306,0.0769041970056451,0.03790885625900095,False,-0.0763609547618235,,95,3153,0.17678708315053104
jhr_se15,age,A,0.85,70+,PH,M1_lpm,0.10490773580884598,0.1514358177206905,0.2283400147263356,0.18988791622351306,0.0769041970056451,0.04652808191184453,False,-0.08498018041466708,,95,3153,0.17678708315053104
jhr_se15,age,A,0.85,70+,PH,bivariate,0.15794062017368554,0.1514358177206905,0.2283400147263356,0.18988791622351306,0.0769041970056451,0.0,True,-0.03194729604982752,,95,3153,0.17678708315053104
jhr_se15,age,A,0.85,70+,PN,reconciled,0.06016795016238652,0.001936240421064114,0.03138891161471543,0.01666257601788977,0.029452671193651317,0.02877903854767109,False,0.04350537414449675,0.005181414783576042,95,3153,0.17678708315053104
jhr_se15,age,A,0.85,70+,PN,M2_logit,0.06018441187195732,0.001936240421064114,0.03138891161471543,0.01666257601788977,0.029452671193651317,0.02879550025724189,False,0.04352183585406755,,95,3153,0.17678708315053104
jhr_se15,age,A,0.85,70+,PN,M3_probit,0.060178427935555015,0.001936240421064114,0.03138891161471543,0.01666257601788977,0.029452671193651317,0.028789516320839585,False,0.043515851917665244,,95,3153,0.17678708315053104
jhr_se15,age,A,0.85,70+,PN,M1_lpm,0.06448923542943309,0.001936240421064114,0.03138891161471543,0.01666257601788977,0.029452671193651317,0.03310032381471766,False,0.04782665941154332,,95,3153,0.17678708315053104
jhr_se15,age,A,0.85,70+,PN,bivariate,0.03665221323869702,0.001936240421064114,0.03138891161471543,0.01666257601788977,0.029452671193651317,0.005263301623981594,False,0.019989637220807252,,95,3153,0.17678708315053104
ge15,ethnicity,A,0.95,Malay,turnout,reconciled,0.7731276179549732,0.7891665379726535,0.8088329630905571,0.7989997505316053,0.01966642511790362,0.016038920017680258,False,-0.025872132576632123,0.006322591053202269,655,3960,0.24409031564952702
ge15,ethnicity,A,0.95,Malay,turnout,M2_logit,0.7789507805293893,0.7891665379726535,0.8088329630905571,0.7989997505316053,0.01966642511790362,0.010215757443264195,False,-0.02004897000221606,,655,3960,0.24409031564952702
ge15,ethnicity,A,0.95,Malay,turnout,M3_probit,0.778950571645127,0.7891665379726535,0.8088329630905571,0.7989997505316053,0.01966642511790362,0.010215966327526416,False,-0.02004917888647828,,655,3960,0.24409031564952702
ge15,ethnicity,A,0.95,Malay,turnout,M1_lpm,0.7785359102221018,0.7891665379726535,0.8088329630905571,0.7989997505316053,0.01966642511790362,0.01063062775055168,False,-0.020463840309503545,,655,3960,0.24409031564952702
ge15,ethnicity,A,0.95,Malay,turnout,bivariate,0.7756752362268793,0.7891665379726535,0.8088329630905571,0.7989997505316053,0.01966642511790362,0.013491301745774176,False,-0.02332451430472604,,655,3960,0.24409031564952702
ge15,ethnicity,A,0.95,Malay,BN,reconciled,0.3357856769801625,0.40194704142363297,0.4216134665415365,0.4117802539825847,0.019666425117903508,0.06616136444347048,False,-0.07599457700242224,0.014453632669390953,655,3960,0.24409031564952702
ge15,ethnicity,A,0.95,Malay,BN,M2_logit,0.3377313148138519,0.40194704142363297,0.4216134665415365,0.4117802539825847,0.019666425117903508,0.06421572660978109,False,-0.07404893916873284,,655,3960,0.24409031564952702
ge15,ethnicity,A,0.95,Malay,BN,M3_probit,0.33773532116635624,0.40194704142363297,0.4216134665415365,0.4117802539825847,0.019666425117903508,0.06421172025727673,False,-0.07404493281622848,,655,3960,0.24409031564952702
ge15,ethnicity,A,0.95,Malay,BN,M1_lpm,0.3441470794273273,0.40194704142363297,0.4216134665415365,0.4117802539825847,0.019666425117903508,0.05779996199630566,False,-0.06763317455525741,,655,3960,0.24409031564952702
ge15,ethnicity,A,0.95,Malay,BN,bivariate,0.34508296702683006,0.40194704142363297,0.4216134665415365,0.4117802539825847,0.019666425117903508,0.05686407439680291,False,-0.06669728695575466,,655,3960,0.24409031564952702
ge15,ethnicity,A,0.95,Malay,PH,reconciled,0.07964267301874807,0.03657384858456385,0.05581558345905748,0.04619471602181066,0.019241734874493634,0.023827089559690588,False,0.03344795699693741,0.0074891545408995635,655,3960,0.24409031564952702
ge15,ethnicity,A,0.95,Malay,PH,M2_logit,0.074459554764639,0.03657384858456385,0.05581558345905748,0.04619471602181066,0.019241734874493634,0.01864397130558152,False,0.02826483874282834,,655,3960,0.24409031564952702
ge15,ethnicity,A,0.95,Malay,PH,M3_probit,0.07446336189832331,0.03657384858456385,0.05581558345905748,0.04619471602181066,0.019241734874493634,0.01864777843926583,False,0.02826864587651265,,655,3960,0.24409031564952702
ge15,ethnicity,A,0.95,Malay,PH,M1_lpm,0.07399238695654356,0.03657384858456385,0.05581558345905748,0.04619471602181066,0.019241734874493634,0.01817680349748608,False,0.0277976709347329,,655,3960,0.24409031564952702
ge15,ethnicity,A,0.95,Malay,PH,bivariate,0.05316915164578484,0.03657384858456385,0.05581558345905748,0.04619471602181066,0.019241734874493634,0.0,True,0.006974435623974179,,655,3960,0.24409031564952702
ge15,ethnicity,A,0.95,Malay,PN,reconciled,0.3480795266338347,0.3024982477815132,0.3221646728994167,0.31233146034046494,0.019666425117903508,0.025914853734417986,False,0.03574806629336974,0.01595893910769075,655,3960,0.24409031564952702
ge15,ethnicity,A,0.95,Malay,PN,M2_logit,0.34788563846691384,0.3024982477815132,0.3221646728994167,0.31233146034046494,0.019666425117903508,0.025720965567497145,False,0.0355541781264489,,655,3960,0.24409031564952702
ge15,ethnicity,A,0.95,Malay,PN,M3_probit,0.34800084496334577,0.3024982477815132,0.3221646728994167,0.31233146034046494,0.019666425117903508,0.025836172063929075,False,0.03566938462288083,,655,3960,0.24409031564952702
ge15,ethnicity,A,0.95,Malay,PN,M1_lpm,0.35028936534872857,0.3024982477815132,0.3221646728994167,0.31233146034046494,0.019666425117903508,0.028124692449311872,False,0.037957905008263626,,655,3960,0.24409031564952702
ge15,ethnicity,A,0.95,Malay,PN,bivariate,0.3680669901473717,0.3024982477815132,0.3221646728994167,0.31233146034046494,0.019666425117903508,0.045902317247955016,False,0.05573552980690677,,655,3960,0.24409031564952702
ge15,ethnicity,A,0.95,Chinese,turnout,reconciled,0.693195466435902,0.7008321430789294,0.7345836179593864,0.7177078805191579,0.033751474880457044,0.0076366766430273625,False,-0.024512414083255885,0.009154520712504326,75,3960,0.0335765266654295
ge15,ethnicity,A,0.95,Chinese,turnout,M2_logit,0.6891413854126701,0.7008321430789294,0.7345836179593864,0.7177078805191579,0.033751474880457044,0.011690757666259266,False,-0.028566495106487788,,75,3960,0.0335765266654295
ge15,ethnicity,A,0.95,Chinese,turnout,M3_probit,0.6891410385168356,0.7008321430789294,0.7345836179593864,0.7177078805191579,0.033751474880457044,0.011691104562093768,False,-0.02856684200232229,,75,3960,0.0335765266654295
ge15,ethnicity,A,0.95,Chinese,turnout,M1_lpm,0.689361684356219,0.7008321430789294,0.7345836179593864,0.7177078805191579,0.033751474880457044,0.011470458722710353,False,-0.028346196162938875,,75,3960,0.0335765266654295
ge15,ethnicity,A,0.95,Chinese,turnout,bivariate,0.6822767783839221,0.7008321430789294,0.7345836179593864,0.7177078805191579,0.033751474880457044,0.018555364695007293,False,-0.035431102135235815,,75,3960,0.0335765266654295
ge15,ethnicity,A,0.95,Chinese,BN,reconciled,0.06049908563216416,0.06697509780786189,0.1006644724585481,0.08381978513320498,0.03368937465068621,0.0064760121756977235,False,-0.02332069950104082,0.009165296929478914,75,3960,0.0335765266654295
ge15,ethnicity,A,0.95,Chinese,BN,M2_logit,0.05896848740128278,0.06697509780786189,0.1006644724585481,0.08381978513320498,0.03368937465068621,0.008006610406579108,False,-0.024851297731922205,,75,3960,0.0335765266654295
ge15,ethnicity,A,0.95,Chinese,BN,M3_probit,0.058968424288208796,0.06697509780786189,0.1006644724585481,0.08381978513320498,0.03368937465068621,0.00800667351965309,False,-0.024851360844996187,,75,3960,0.0335765266654295
ge15,ethnicity,A,0.95,Chinese,BN,M1_lpm,0.05302343492188729,0.06697509780786189,0.1006644724585481,0.08381978513320498,0.03368937465068621,0.013951662885974596,False,-0.030796350211317693,,75,3960,0.0335765266654295
ge15,ethnicity,A,0.95,Chinese,BN,bivariate,0.034067944519947824,0.06697509780786189,0.1006644724585481,0.08381978513320498,0.03368937465068621,0.03290715328791406,False,-0.04975184061325716,,75,3960,0.0335765266654295
ge15,ethnicity,A,0.95,Chinese,PH,reconciled,0.6233977231161542,0.5768179842265416,0.6105694591069987,0.5936937216667701,0.033751474880457044,0.012828264009155488,False,0.02970400144938401,0.010376347323768598,75,3960,0.0335765266654295
ge15,ethnicity,A,0.95,Chinese,PH,M2_logit,0.6242254293904949,0.5768179842265416,0.6105694591069987,0.5936937216667701,0.033751474880457044,0.013655970283496188,False,0.03053170772372471,,75,3960,0.0335765266654295
ge15,ethnicity,A,0.95,Chinese,PH,M3_probit,0.624224964237903,0.5768179842265416,0.6105694591069987,0.5936937216667701,0.033751474880457044,0.0136555051309043,False,0.03053124257113282,,75,3960,0.0335765266654295
ge15,ethnicity,A,0.95,Chinese,PH,M1_lpm,0.6246629089195493,0.5768179842265416,0.6105694591069987,0.5936937216667701,0.033751474880457044,0.014093449812550674,False,0.030969187252779196,,75,3960,0.0335765266654295
ge15,ethnicity,A,0.95,Chinese,PH,bivariate,0.66943099139619,0.5768179842265416,0.6105694591069987,0.5936937216667701,0.033751474880457044,0.05886153228919133,False,0.07573726972941985,,75,3960,0.0335765266654295
ge15,ethnicity,A,0.95,Chinese,PN,reconciled,0.0004369807693477378,0.000403651493510526,0.011364342048065577,0.005883996770788051,0.010960690554555052,0.0,True,-0.005447016001440314,0.0010284206325498443,75,3960,0.0335765266654295
ge15,ethnicity,A,0.95,Chinese,PN,M2_logit,0.00016922576330423582,0.000403651493510526,0.011364342048065577,0.005883996770788051,0.010960690554555052,0.00023442573020629017,False,-0.005714771007483815,,75,3960,0.0335765266654295
ge15,ethnicity,A,0.95,Chinese,PN,M3_probit,2.5205146217533693e-05,0.000403651493510526,0.011364342048065577,0.005883996770788051,0.010960690554555052,0.0003784463472929923,False,-0.005858791624570517,,75,3960,0.0335765266654295
ge15,ethnicity,A,0.95,Chinese,PN,M1_lpm,0.002209828721649175,0.000403651493510526,0.011364342048065577,0.005883996770788051,0.010960690554555052,0.0,True,-0.0036741680491388764,,75,3960,0.0335765266654295
ge15,ethnicity,A,0.95,Chinese,PN,bivariate,-0.03025736168677351,0.000403651493510526,0.011364342048065577,0.005883996770788051,0.010960690554555052,0.030661013180284035,False,-0.03614135845756156,,75,3960,0.0335765266654295
ge15,ethnicity,B,0.95,Malay,turnout,reconciled,0.7781169957385058,0.7793945936419114,0.8138067017690732,0.7966006477054923,0.03441210812716178,0.0012775979034056473,False,-0.018483651966986536,0.0077993656859364656,173,283,0.06580918945133395
ge15,ethnicity,B,0.95,Malay,turnout,M2_logit,0.7796688555405452,0.7793945936419114,0.8138067017690732,0.7966006477054923,0.03441210812716178,0.0,True,-0.016931792164947113,,173,283,0.06580918945133395
ge15,ethnicity,B,0.95,Malay,turnout,M3_probit,0.779670634084852,0.7793945936419114,0.8138067017690732,0.7966006477054923,0.03441210812716178,0.0,True,-0.016930013620640283,,173,283,0.06580918945133395
ge15,ethnicity,B,0.95,Malay,turnout,M1_lpm,0.7785869468685865,0.7793945936419114,0.8138067017690732,0.7966006477054923,0.03441210812716178,0.0008076467733248993,False,-0.01801370083690579,,173,283,0.06580918945133395
ge15,ethnicity,B,0.95,Malay,turnout,bivariate,0.7710259893266868,0.7793945936419114,0.8138067017690732,0.7966006477054923,0.03441210812716178,0.008368604315224681,False,-0.02557465837880557,,173,283,0.06580918945133395
ge15,ethnicity,B,0.95,Malay,BN,reconciled,0.36377261558162166,0.3397039060606728,0.3741160141878346,0.3569099601242537,0.03441210812716178,0.0,True,0.006862655457367972,0.014267839054022983,173,283,0.06580918945133395
ge15,ethnicity,B,0.95,Malay,BN,M2_logit,0.36373190727734755,0.3397039060606728,0.3741160141878346,0.3569099601242537,0.03441210812716178,0.0,True,0.006821947153093866,,173,283,0.06580918945133395
ge15,ethnicity,B,0.95,Malay,BN,M3_probit,0.3637357106653373,0.3397039060606728,0.3741160141878346,0.3569099601242537,0.03441210812716178,0.0,True,0.006825750541083586,,173,283,0.06580918945133395
ge15,ethnicity,B,0.95,Malay,BN,M1_lpm,0.3647209620934622,0.3397039060606728,0.3741160141878346,0.3569099601242537,0.03441210812716178,0.0,True,0.007811001969208531,,173,283,0.06580918945133395
ge15,ethnicity,B,0.95,Malay,BN,bivariate,0.37702614705362875,0.3397039060606728,0.3741160141878346,0.3569099601242537,0.03441210812716178,0.0029101328657941683,False,0.020116186929375057,,173,283,0.06580918945133395
ge15,ethnicity,B,0.95,Malay,PH,reconciled,0.07753144466358788,0.04825846533453768,0.08196558789187283,0.06511202661320525,0.03370712255733515,0.0,True,0.01241941805038263,0.0064311272733440636,173,283,0.06580918945133395
ge15,ethnicity,B,0.95,Malay,PH,M2_logit,0.07649698522368663,0.04825846533453768,0.08196558789187283,0.06511202661320525,0.03370712255733515,0.0,True,0.011384958610481374,,173,283,0.06580918945133395
ge15,ethnicity,B,0.95,Malay,PH,M3_probit,0.07657579645613559,0.04825846533453768,0.08196558789187283,0.06511202661320525,0.03370712255733515,0.0,True,0.011463769842930335,,173,283,0.06580918945133395
ge15,ethnicity,B,0.95,Malay,PH,M1_lpm,0.07464441608282482,0.04825846533453768,0.08196558789187283,0.06511202661320525,0.03370712255733515,0.0,True,0.009532389469619568,,173,283,0.06580918945133395
ge15,ethnicity,B,0.95,Malay,PH,bivariate,0.04910168474008747,0.04825846533453768,0.08196558789187283,0.06511202661320525,0.03370712255733515,0.0,True,-0.016010341873117784,,173,283,0.06580918945133395
ge15,ethnicity,B,0.95,Malay,PN,reconciled,0.3238191167025031,0.3112070674803375,0.3456191756074993,0.3284131215439184,0.03441210812716178,0.0,True,-0.004594004841415311,0.014616370031103727,173,283,0.06580918945133395
ge15,ethnicity,B,0.95,Malay,PN,M2_logit,0.32429813602800045,0.3112070674803375,0.3456191756074993,0.3284131215439184,0.03441210812716178,0.0,True,-0.004114985515917935,,173,283,0.06580918945133395
ge15,ethnicity,B,0.95,Malay,PN,M3_probit,0.3244722005513133,0.3112070674803375,0.3456191756074993,0.3284131215439184,0.03441210812716178,0.0,True,-0.003940920992605068,,173,283,0.06580918945133395
ge15,ethnicity,B,0.95,Malay,PN,M1_lpm,0.32604341617341887,0.3112070674803375,0.3456191756074993,0.3284131215439184,0.03441210812716178,0.0,True,-0.0023697053704995197,,173,283,0.06580918945133395
ge15,ethnicity,B,0.95,Malay,PN,bivariate,0.3315849217117775,0.3112070674803375,0.3456191756074993,0.3284131215439184,0.03441210812716178,0.0,True,0.003171800167859118,,173,283,0.06580918945133395
ge15,ethnicity,B,0.95,Chinese,turnout,reconciled,0.6867106631997455,0.7021319307825109,0.7359778375557072,0.7190548841691091,0.03384590677319632,0.015421267582765408,False,-0.032344220969363624,0.018155950342873626,59,283,0.025966917644409507
ge15,ethnicity,B,0.95,Chinese,turnout,M2_logit,0.6880459119325586,0.7021319307825109,0.7359778375557072,0.7190548841691091,0.03384590677319632,0.014086018849952309,False,-0.031008972236550525,,59,283,0.025966917644409507
ge15,ethnicity,B,0.95,Chinese,turnout,M3_probit,0.6880487762921488,0.7021319307825109,0.7359778375557072,0.7190548841691091,0.03384590677319632,0.014083154490362126,False,-0.031006107876960343,,59,283,0.025966917644409507
ge15,ethnicity,B,0.95,Chinese,turnout,M1_lpm,0.6881961630152496,0.7021319307825109,0.7359778375557072,0.7190548841691091,0.03384590677319632,0.013935767767261353,False,-0.03085872115385957,,59,283,0.025966917644409507
ge15,ethnicity,B,0.95,Chinese,turnout,bivariate,0.6732517511163157,0.7021319307825109,0.7359778375557072,0.7190548841691091,0.03384590677319632,0.02888017966619516,False,-0.04580313305279338,,59,283,0.025966917644409507
ge15,ethnicity,B,0.95,Chinese,BN,reconciled,0.05487944027552058,0.06688882643433573,0.10065443449632633,0.08377163046533104,0.033765608061990596,0.012009386158815152,False,-0.028892190189810457,0.012038443309576506,59,283,0.025966917644409507
ge15,ethnicity,B,0.95,Chinese,BN,M2_logit,0.05192655802738163,0.06688882643433573,0.10065443449632633,0.08377163046533104,0.033765608061990596,0.014962268406954103,False,-0.03184507243794941,,59,283,0.025966917644409507
ge15,ethnicity,B,0.95,Chinese,BN,M3_probit,0.051908369018201735,0.06688882643433573,0.10065443449632633,0.08377163046533104,0.033765608061990596,0.014980457416133998,False,-0.0318632614471293,,59,283,0.025966917644409507
ge15,ethnicity,B,0.95,Chinese,BN,M1_lpm,0.0525687977054138,0.06688882643433573,0.10065443449632633,0.08377163046533104,0.033765608061990596,0.014320028728921935,False,-0.03120283275991724,,59,283,0.025966917644409507
ge15,ethnicity,B,0.95,Chinese,BN,bivariate,0.05227181042264317,0.06688882643433573,0.10065443449632633,0.08377163046533104,0.033765608061990596,0.01461701601169256,False,-0.031499820042687865,,59,283,0.025966917644409507
ge15,ethnicity,B,0.95,Chinese,PH,reconciled,0.6238501689834958,0.5777893764805074,0.6116352832537038,0.5947123298671055,0.03384590677319632,0.012214885729792013,False,0.02913783911639023,0.01838398527545933,59,283,0.025966917644409507
ge15,ethnicity,B,0.95,Chinese,PH,M2_logit,0.6258080612613308,0.5777893764805074,0.6116352832537038,0.5947123298671055,0.03384590677319632,0.014172778007627063,False,0.03109573139422528,,59,283,0.025966917644409507
ge15,ethnicity,B,0.95,Chinese,PH,M3_probit,0.625849906788849,0.5777893764805074,0.6116352832537038,0.5947123298671055,0.03384590677319632,0.014214623535145243,False,0.03113757692174346,,59,283,0.025966917644409507
ge15,ethnicity,B,0.95,Chinese,PH,M1_lpm,0.6231818794404461,0.5777893764805074,0.6116352832537038,0.5947123298671055,0.03384590677319632,0.011546596186742364,False,0.02846954957334058,,59,283,0.025966917644409507
ge15,ethnicity,B,0.95,Chinese,PH,bivariate,0.6326995598307118,0.5777893764805074,0.6116352832537038,0.5947123298671055,0.03384590677319632,0.021064276577008045,False,0.03798722996360626,,59,283,0.025966917644409507
ge15,ethnicity,B,0.95,Chinese,PN,reconciled,0.0017870834177656375,0.0004416429116312683,0.011442566346810134,0.005942104629220701,0.011000923435178866,0.0,True,-0.004155021211455064,0.0016932376054537316,59,283,0.025966917644409507
ge15,ethnicity,B,0.95,Chinese,PN,M2_logit,0.001704802168043196,0.0004416429116312683,0.011442566346810134,0.005942104629220701,0.011000923435178866,0.0,True,-0.004237302461177505,,59,283,0.025966917644409507
ge15,ethnicity,B,0.95,Chinese,PN,M3_probit,0.001465596032730035,0.0004416429116312683,0.011442566346810134,0.005942104629220701,0.011000923435178866,0.0,True,-0.004476508596490666,,59,283,0.025966917644409507
ge15,ethnicity,B,0.95,Chinese,PN,M1_lpm,0.005835721001295996,0.0004416429116312683,0.011442566346810134,0.005942104629220701,0.011000923435178866,0.0,True,-0.00010638362792470511,,59,283,0.025966917644409507
ge15,ethnicity,B,0.95,Chinese,PN,bivariate,-0.017737804310543337,0.0004416429116312683,0.011442566346810134,0.005942104629220701,0.011000923435178866,0.018179447222174606,False,-0.023679908939764037,,59,283,0.025966917644409507
ge15,ethnicity,A,0.99,Malay,turnout,reconciled,0.7771899932124495,0.7910315569450964,0.7966556546538301,0.7938436057994633,0.005624097708733733,0.013841563732646889,False,-0.01665361258701381,0.006952544437696327,216,4476,0.08184792308367035
ge15,ethnicity,A,0.99,Malay,turnout,M2_logit,0.7848889173252521,0.7910315569450964,0.7966556546538301,0.7938436057994633,0.005624097708733733,0.006142639619844292,False,-0.008954688474211214,,216,4476,0.08184792308367035
ge15,ethnicity,A,0.99,Malay,turnout,M3_probit,0.7848886993337242,0.7910315569450964,0.7966556546538301,0.7938436057994633,0.005624097708733733,0.006142857611372232,False,-0.008954906465739154,,216,4476,0.08184792308367035
ge15,ethnicity,A,0.99,Malay,turnout,M1_lpm,0.7840932210706701,0.7910315569450964,0.7966556546538301,0.7938436057994633,0.005624097708733733,0.006938335874426271,False,-0.009750384728793193,,216,4476,0.08184792308367035
ge15,ethnicity,A,0.99,Malay,turnout,bivariate,0.7817755075939659,0.7910315569450964,0.7966556546538301,0.7938436057994633,0.005624097708733733,0.009256049351130557,False,-0.01206809820549748,,216,4476,0.08184792308367035
ge15,ethnicity,A,0.99,Malay,BN,reconciled,0.35255394543426105,0.4441708662881841,0.4497949639969178,0.44698291514255095,0.005624097708733733,0.09161692085392303,False,-0.0944289697082899,0.012708086205798967,216,4476,0.08184792308367035
ge15,ethnicity,A,0.99,Malay,BN,M2_logit,0.3545774356205846,0.4441708662881841,0.4497949639969178,0.44698291514255095,0.005624097708733733,0.0895934306675995,False,-0.09240547952196637,,216,4476,0.08184792308367035
ge15,ethnicity,A,0.99,Malay,BN,M3_probit,0.3545800426555228,0.4441708662881841,0.4497949639969178,0.44698291514255095,0.005624097708733733,0.0895908236326613,False,-0.09240287248702816,,216,4476,0.08184792308367035
ge15,ethnicity,A,0.99,Malay,BN,M1_lpm,0.36305919231390227,0.4441708662881841,0.4497949639969178,0.44698291514255095,0.005624097708733733,0.08111167397428182,False,-0.08392372282864868,,216,4476,0.08184792308367035
ge15,ethnicity,A,0.99,Malay,BN,bivariate,0.3635182019224734,0.4441708662881841,0.4497949639969178,0.44698291514255095,0.005624097708733733,0.08065266436571067,False,-0.08346471322007754,,216,4476,0.08184792308367035
ge15,ethnicity,A,0.99,Malay,PH,reconciled,0.06912587268175252,0.03186693473389604,0.037482175595844366,0.034674555164870204,0.005615240861948326,0.031643697085908154,False,0.03445131751688232,0.006553943776823459,216,4476,0.08184792308367035
ge15,ethnicity,A,0.99,Malay,PH,M2_logit,0.06345317176098754,0.03186693473389604,0.037482175595844366,0.034674555164870204,0.005615240861948326,0.025970996165143173,False,0.028778616596117336,,216,4476,0.08184792308367035
ge15,ethnicity,A,0.99,Malay,PH,M3_probit,0.06345313448666016,0.03186693473389604,0.037482175595844366,0.034674555164870204,0.005615240861948326,0.0259709588908158,False,0.02877857932178996,,216,4476,0.08184792308367035
ge15,ethnicity,A,0.99,Malay,PH,M1_lpm,0.06675876134525917,0.03186693473389604,0.037482175595844366,0.034674555164870204,0.005615240861948326,0.029276585749414802,False,0.032084206180388965,,216,4476,0.08184792308367035
ge15,ethnicity,A,0.99,Malay,PH,bivariate,0.05218556439258348,0.03186693473389604,0.037482175595844366,0.034674555164870204,0.005615240861948326,0.014703388796739117,False,0.01751100922771328,,216,4476,0.08184792308367035
ge15,ethnicity,A,0.99,Malay,PN,reconciled,0.34583647363763326,0.29598696272153185,0.30161106043026564,0.2987990115758987,0.0056240977087337884,0.044225413207367614,False,0.047037462061734536,0.013793241535519578,216,4476,0.08184792308367035
ge15,ethnicity,A,0.99,Malay,PN,M2_logit,0.34411094708080425,0.29598696272153185,0.30161106043026564,0.2987990115758987,0.0056240977087337884,0.04249988665053861,False,0.04531193550490553,,216,4476,0.08184792308367035
ge15,ethnicity,A,0.99,Malay,PN,M3_probit,0.34414125038092636,0.29598696272153185,0.30161106043026564,0.2987990115758987,0.0056240977087337884,0.04253018995066071,False,0.045342238805027635,,216,4476,0.08184792308367035
ge15,ethnicity,A,0.99,Malay,PN,M1_lpm,0.34441299811881027,0.29598696272153185,0.30161106043026564,0.2987990115758987,0.0056240977087337884,0.04280193768854462,False,0.045613986542911544,,216,4476,0.08184792308367035
ge15,ethnicity,A,0.99,Malay,PN,bivariate,0.35666038985253634,0.29598696272153185,0.30161106043026564,0.2987990115758987,0.0056240977087337884,0.0550493294222707,False,0.05786137827663762,,216,4476,0.08184792308367035
ge15,ethnicity,A,0.9,Malay,turnout,reconciled,0.7707564476673766,0.7790494429184921,0.8167295735060743,0.7978895082122832,0.03768013058758224,0.008292995251115487,False,-0.027133060544906606,0.007571013079565885,953,3571,0.3512783505005172
ge15,ethnicity,A,0.9,Malay,turnout,M2_logit,0.7771092431150595,0.7790494429184921,0.8167295735060743,0.7978895082122832,0.03768013058758224,0.0019401998034326295,False,-0.02078026509722375,,953,3571,0.3512783505005172
ge15,ethnicity,A,0.9,Malay,turnout,M3_probit,0.7771089425632771,0.7790494429184921,0.8167295735060743,0.7978895082122832,0.03768013058758224,0.0019405003552149802,False,-0.0207805656490061,,953,3571,0.3512783505005172
ge15,ethnicity,A,0.9,Malay,turnout,M1_lpm,0.776668949616221,0.7790494429184921,0.8167295735060743,0.7978895082122832,0.03768013058758224,0.0023804933022710806,False,-0.0212205585960622,,953,3571,0.3512783505005172
ge15,ethnicity,A,0.9,Malay,turnout,bivariate,0.773554271384515,0.7790494429184921,0.8167295735060743,0.7978895082122832,0.03768013058758224,0.00549517153397705,False,-0.02433523682776817,,953,3571,0.3512783505005172
ge15,ethnicity,A,0.9,Malay,BN,reconciled,0.33302424405226677,0.36788635083237203,0.4055664814199542,0.3867264161261631,0.037680130587582183,0.03486210678010526,False,-0.053702172073896326,0.012718683448630872,953,3571,0.3512783505005172
ge15,ethnicity,A,0.9,Malay,BN,M2_logit,0.3344307782801619,0.36788635083237203,0.4055664814199542,0.3867264161261631,0.037680130587582183,0.033455572552210155,False,-0.05229563784600122,,953,3571,0.3512783505005172
ge15,ethnicity,A,0.9,Malay,BN,M3_probit,0.33444898651559096,0.36788635083237203,0.4055664814199542,0.3867264161261631,0.037680130587582183,0.03343736431678107,False,-0.052277429610572135,,953,3571,0.3512783505005172
ge15,ethnicity,A,0.9,Malay,BN,M1_lpm,0.33938267817503354,0.36788635083237203,0.4055664814199542,0.3867264161261631,0.037680130587582183,0.028503672657338497,False,-0.04734373795112956,,953,3571,0.3512783505005172
ge15,ethnicity,A,0.9,Malay,BN,bivariate,0.3388697142110139,0.36788635083237203,0.4055664814199542,0.3867264161261631,0.037680130587582183,0.029016636621358116,False,-0.04785670191514918,,953,3571,0.3512783505005172
ge15,ethnicity,A,0.9,Malay,PH,reconciled,0.08034636839839512,0.0360354039279457,0.07184380668580355,0.053939605306874625,0.03580840275785785,0.008502561712591575,False,0.0264067630915205,0.007958630006541267,953,3571,0.3512783505005172
ge15,ethnicity,A,0.9,Malay,PH,M2_logit,0.07458869046217985,0.0360354039279457,0.07184380668580355,0.053939605306874625,0.03580840275785785,0.0027448837763763,False,0.020649085155305225,,953,3571,0.3512783505005172
ge15,ethnicity,A,0.9,Malay,PH,M3_probit,0.0745937674721748,0.0360354039279457,0.07184380668580355,0.053939605306874625,0.03580840275785785,0.0027499607863712555,False,0.02065416216530018,,953,3571,0.3512783505005172
ge15,ethnicity,A,0.9,Malay,PH,M1_lpm,0.07315640776604775,0.0360354039279457,0.07184380668580355,0.053939605306874625,0.03580840275785785,0.0013126010802441967,False,0.01921680245917312,,953,3571,0.3512783505005172
ge15,ethnicity,A,0.9,Malay,PH,bivariate,0.048699974897114195,0.0360354039279457,0.07184380668580355,0.053939605306874625,0.03580840275785785,0.0,True,-0.005239630409760429,,953,3571,0.3512783505005172
ge15,ethnicity,A,0.9,Malay,PN,reconciled,0.347872644508328,0.2919235047329744,0.3296036353205566,0.31076357002676547,0.037680130587582183,0.018269009187771412,False,0.03710907448156253,0.012749866934758937,953,3571,0.3512783505005172
ge15,ethnicity,A,0.9,Malay,PN,M2_logit,0.3488637048902105,0.2919235047329744,0.3296036353205566,0.31076357002676547,0.037680130587582183,0.019260069569653926,False,0.038100134863445045,,953,3571,0.3512783505005172
ge15,ethnicity,A,0.9,Malay,PN,M3_probit,0.34894459059256955,0.2919235047329744,0.3296036353205566,0.31076357002676547,0.037680130587582183,0.01934095527201296,False,0.03818102056580408,,953,3571,0.3512783505005172
ge15,ethnicity,A,0.9,Malay,PN,M1_lpm,0.3539143943278753,0.2919235047329744,0.3296036353205566,0.31076357002676547,0.037680130587582183,0.024310759007318716,False,0.043150824301109836,,953,3571,0.3512783505005172
ge15,ethnicity,A,0.9,Malay,PN,bivariate,0.37684554517158203,0.2919235047329744,0.3296036353205566,0.31076357002676547,0.037680130587582183,0.04724190985102544,False,0.06608197514481656,,953,3571,0.3512783505005172
ge15,ethnicity,A,0.9,Chinese,turnout,reconciled,0.6943344962686405,0.6811418335211349,0.7420762185432377,0.7116090260321863,0.0609343850221028,0.0,True,-0.01727452976354582,0.009392824933685656,162,3571,0.07216774293095575
ge15,ethnicity,A,0.9,Chinese,turnout,M2_logit,0.6900362019107885,0.6811418335211349,0.7420762185432377,0.7116090260321863,0.0609343850221028,0.0,True,-0.021572824121397827,,162,3571,0.07216774293095575
ge15,ethnicity,A,0.9,Chinese,turnout,M3_probit,0.6900359185301636,0.6811418335211349,0.7420762185432377,0.7116090260321863,0.0609343850221028,0.0,True,-0.021573107502022792,,162,3571,0.07216774293095575
ge15,ethnicity,A,0.9,Chinese,turnout,M1_lpm,0.6902842943058384,0.6811418335211349,0.7420762185432377,0.7116090260321863,0.0609343850221028,0.0,True,-0.021324731726347967,,162,3571,0.07216774293095575
ge15,ethnicity,A,0.9,Chinese,turnout,bivariate,0.6848189675566461,0.6811418335211349,0.7420762185432377,0.7116090260321863,0.0609343850221028,0.0,True,-0.02679005847554028,,162,3571,0.07216774293095575
ge15,ethnicity,A,0.9,Chinese,BN,reconciled,0.05935971059305834,0.047846060500996795,0.10125393660974835,0.07454999855537257,0.053407876108751556,0.0,True,-0.015190287962314232,0.009344323923622102,162,3571,0.07216774293095575
ge15,ethnicity,A,0.9,Chinese,BN,M2_logit,0.057875343206470156,0.047846060500996795,0.10125393660974835,0.07454999855537257,0.053407876108751556,0.0,True,-0.016674655348902417,,162,3571,0.07216774293095575
ge15,ethnicity,A,0.9,Chinese,BN,M3_probit,0.05787355520943261,0.047846060500996795,0.10125393660974835,0.07454999855537257,0.053407876108751556,0.0,True,-0.016676443345939963,,162,3571,0.07216774293095575
ge15,ethnicity,A,0.9,Chinese,BN,M1_lpm,0.05304817315835375,0.047846060500996795,0.10125393660974835,0.07454999855537257,0.053407876108751556,0.0,True,-0.021501825397018823,,162,3571,0.07216774293095575
ge15,ethnicity,A,0.9,Chinese,BN,bivariate,0.03925081330098712,0.047846060500996795,0.10125393660974835,0.07454999855537257,0.053407876108751556,0.008595247200009676,False,-0.035299185254385454,,162,3571,0.07216774293095575
ge15,ethnicity,A,0.9,Chinese,PH,reconciled,0.6257878225392455,0.5519054635809425,0.6128398486030453,0.582372656091994,0.0609343850221028,0.012947973936200174,False,0.04341516644725152,0.010620728048301047,162,3571,0.07216774293095575
ge15,ethnicity,A,0.9,Chinese,PH,M2_logit,0.6264766911454748,0.5519054635809425,0.6128398486030453,0.582372656091994,0.0609343850221028,0.013636842542429473,False,0.04410403505348082,,162,3571,0.07216774293095575
ge15,ethnicity,A,0.9,Chinese,PH,M3_probit,0.6264758495514877,0.5519054635809425,0.6128398486030453,0.582372656091994,0.0609343850221028,0.013636000948442417,False,0.04410319345949376,,162,3571,0.07216774293095575
ge15,ethnicity,A,0.9,Chinese,PH,M1_lpm,0.6272819837362896,0.5519054635809425,0.6128398486030453,0.582372656091994,0.0609343850221028,0.014442135133244327,False,0.04490932764429567,,162,3571,0.07216774293095575
ge15,ethnicity,A,0.9,Chinese,PH,bivariate,0.6670512252557618,0.5519054635809425,0.6128398486030453,0.582372656091994,0.0609343850221028,0.05421137665271647,False,0.08467856916376781,,162,3571,0.07216774293095575
ge15,ethnicity,A,0.9,Chinese,PN,reconciled,0.0003478154449159096,0.00018780156597613475,0.01643986016006472,0.008313830863020427,0.016252058594088584,0.0,True,-0.007966015418104518,0.0009653165915623322,162,3571,0.07216774293095575
ge15,ethnicity,A,0.9,Chinese,PN,M2_logit,8.593345559671219e-05,0.00018780156597613475,0.01643986016006472,0.008313830863020427,0.016252058594088584,0.00010186811037942256,False,-0.008227897407423714,,162,3571,0.07216774293095575
ge15,ethnicity,A,0.9,Chinese,PN,M3_probit,9.070006284118841e-06,0.00018780156597613475,0.01643986016006472,0.008313830863020427,0.016252058594088584,0.0001787315596920159,False,-0.008304760856736308,,162,3571,0.07216774293095575
ge15,ethnicity,A,0.9,Chinese,PN,M1_lpm,0.0005667064715753149,0.00018780156597613475,0.01643986016006472,0.008313830863020427,0.016252058594088584,0.0,True,-0.007747124391445113,,162,3571,0.07216774293095575
ge15,ethnicity,A,0.9,Chinese,PN,bivariate,-0.030649269966149417,0.00018780156597613475,0.01643986016006472,0.008313830863020427,0.016252058594088584,0.030837071532125553,False,-0.038963100829169844,,162,3571,0.07216774293095575
ge15,ethnicity,A,0.85,Malay,turnout,reconciled,0.7657784263729129,0.7718205226612204,0.8279262113401626,0.7998733670006914,0.05610568867894228,0.00604209628830743,False,-0.034094940627778514,0.00826834856941315,1171,3205,0.42876736260876436
ge15,ethnicity,A,0.85,Malay,turnout,M2_logit,0.773251413590581,0.7718205226612204,0.8279262113401626,0.7998733670006914,0.05610568867894228,0.0,True,-0.02662195341011042,,1171,3205,0.42876736260876436
ge15,ethnicity,A,0.85,Malay,turnout,M3_probit,0.7732508903290949,0.7718205226612204,0.8279262113401626,0.7998733670006914,0.05610568867894228,0.0,True,-0.026622476671596562,,1171,3205,0.42876736260876436
ge15,ethnicity,A,0.85,Malay,turnout,M1_lpm,0.7729461866404489,0.7718205226612204,0.8279262113401626,0.7998733670006914,0.05610568867894228,0.0,True,-0.026927180360242553,,1171,3205,0.42876736260876436
ge15,ethnicity,A,0.85,Malay,turnout,bivariate,0.7702937596511978,0.7718205226612204,0.8279262113401626,0.7998733670006914,0.05610568867894228,0.001526763010022525,False,-0.02957960734949361,,1171,3205,0.42876736260876436
ge15,ethnicity,A,0.85,Malay,BN,reconciled,0.33092030790050786,0.3412615622353007,0.39734189050049623,0.3693017263678985,0.056080328265195545,0.010341254334792827,False,-0.03838141846739063,0.01514253030919045,1171,3205,0.42876736260876436
ge15,ethnicity,A,0.85,Malay,BN,M2_logit,0.3318644991333274,0.3412615622353007,0.39734189050049623,0.3693017263678985,0.056080328265195545,0.009397063101973302,False,-0.0374372272345711,,1171,3205,0.42876736260876436
ge15,ethnicity,A,0.85,Malay,BN,M3_probit,0.3318797360790646,0.3412615622353007,0.39734189050049623,0.3693017263678985,0.056080328265195545,0.009381826156236062,False,-0.03742199028883386,,1171,3205,0.42876736260876436
ge15,ethnicity,A,0.85,Malay,BN,M1_lpm,0.33554329193642163,0.3412615622353007,0.39734189050049623,0.3693017263678985,0.056080328265195545,0.005718270298879058,False,-0.03375843443147686,,1171,3205,0.42876736260876436
ge15,ethnicity,A,0.85,Malay,BN,bivariate,0.33665375849358503,0.3412615622353007,0.39734189050049623,0.3693017263678985,0.056080328265195545,0.004607803741715655,False,-0.032647967874313455,,1171,3205,0.42876736260876436
ge15,ethnicity,A,0.85,Malay,PH,reconciled,0.07584451022240621,0.03426022827753761,0.08521944366015016,0.059739835968843885,0.050959215382612555,0.0,True,0.016104674253562323,0.009315865511157588,1171,3205,0.42876736260876436
ge15,ethnicity,A,0.85,Malay,PH,M2_logit,0.06967076004185256,0.03426022827753761,0.08521944366015016,0.059739835968843885,0.050959215382612555,0.0,True,0.009930924073008676,,1171,3205,0.42876736260876436
ge15,ethnicity,A,0.85,Malay,PH,M3_probit,0.06967518011777529,0.03426022827753761,0.08521944366015016,0.059739835968843885,0.050959215382612555,0.0,True,0.009935344148931408,,1171,3205,0.42876736260876436
ge15,ethnicity,A,0.85,Malay,PH,M1_lpm,0.06903327619081781,0.03426022827753761,0.08521944366015016,0.059739835968843885,0.050959215382612555,0.0,True,0.009293440221973925,,1171,3205,0.42876736260876436
ge15,ethnicity,A,0.85,Malay,PH,bivariate,0.04220465240518101,0.03426022827753761,0.08521944366015016,0.059739835968843885,0.050959215382612555,0.0,True,-0.017535183563662876,,1171,3205,0.42876736260876436
ge15,ethnicity,A,0.85,Malay,PN,reconciled,0.3490389268093621,0.2796644986330737,0.33570763162477407,0.3076860651289239,0.056043132991700384,0.013331295184588032,False,0.041352861680438224,0.016403506095800012,1171,3205,0.42876736260876436
ge15,ethnicity,A,0.85,Malay,PN,M2_logit,0.35019522275474546,0.2796644986330737,0.33570763162477407,0.3076860651289239,0.056043132991700384,0.014487591129971389,False,0.04250915762582158,,1171,3205,0.42876736260876436
ge15,ethnicity,A,0.85,Malay,PN,M3_probit,0.35028730541020425,0.2796644986330737,0.33570763162477407,0.3076860651289239,0.056043132991700384,0.01457967378543018,False,0.04260124028128037,,1171,3205,0.42876736260876436
ge15,ethnicity,A,0.85,Malay,PN,M1_lpm,0.3575193499352601,0.2796644986330737,0.33570763162477407,0.3076860651289239,0.056043132991700384,0.021811718310486006,False,0.0498332848063362,,1171,3205,0.42876736260876436
ge15,ethnicity,A,0.85,Malay,PN,bivariate,0.38170634331776376,0.2796644986330737,0.33570763162477407,0.3076860651289239,0.056043132991700384,0.04599871169298969,False,0.07402027818883988,,1171,3205,0.42876736260876436
ge15,ethnicity,A,0.85,Chinese,turnout,reconciled,0.6955614324240468,0.6680187776309193,0.7691004664023213,0.7185596220166204,0.101081688771402,0.0,True,-0.022998189592573604,0.009258871353098387,307,3205,0.13724819690110948
ge15,ethnicity,A,0.85,Chinese,turnout,M2_logit,0.6910331899812484,0.6680187776309193,0.7691004664023213,0.7185596220166204,0.101081688771402,0.0,True,-0.027526432035371973,,307,3205,0.13724819690110948
ge15,ethnicity,A,0.85,Chinese,turnout,M3_probit,0.6910328859757688,0.6680187776309193,0.7691004664023213,0.7185596220166204,0.101081688771402,0.0,True,-0.02752673604085154,,307,3205,0.13724819690110948
ge15,ethnicity,A,0.85,Chinese,turnout,M1_lpm,0.6912372443076459,0.6680187776309193,0.7691004664023213,0.7185596220166204,0.101081688771402,0.0,True,-0.0273223777089745,,307,3205,0.13724819690110948
ge15,ethnicity,A,0.85,Chinese,turnout,bivariate,0.6873138311832735,0.6680187776309193,0.7691004664023213,0.7185596220166204,0.101081688771402,0.0,True,-0.031245790833346887,,307,3205,0.13724819690110948
ge15,ethnicity,A,0.85,Chinese,BN,reconciled,0.05453837101118696,0.034410464427327835,0.1098704100390441,0.07214043723318597,0.07545994561171626,0.0,True,-0.01760206622199901,0.008970126814542173,307,3205,0.13724819690110948
ge15,ethnicity,A,0.85,Chinese,BN,M2_logit,0.053066526142475215,0.034410464427327835,0.1098704100390441,0.07214043723318597,0.07545994561171626,0.0,True,-0.019073911090710757,,307,3205,0.13724819690110948
ge15,ethnicity,A,0.85,Chinese,BN,M3_probit,0.05306369747356585,0.034410464427327835,0.1098704100390441,0.07214043723318597,0.07545994561171626,0.0,True,-0.01907673975962012,,307,3205,0.13724819690110948
ge15,ethnicity,A,0.85,Chinese,BN,M1_lpm,0.0494764526060494,0.034410464427327835,0.1098704100390441,0.07214043723318597,0.07545994561171626,0.0,True,-0.02266398462713657,,307,3205,0.13724819690110948
ge15,ethnicity,A,0.85,Chinese,BN,bivariate,0.03914631175595906,0.034410464427327835,0.1098704100390441,0.07214043723318597,0.07545994561171626,0.0,True,-0.03299412547722691,,307,3205,0.13724819690110948
ge15,ethnicity,A,0.85,Chinese,PH,reconciled,0.6323795833089646,0.5217325251052064,0.6228142138766085,0.5722733694909075,0.10108168877140211,0.009565369432356086,False,0.06010621381805714,0.0109807006609329,307,3205,0.13724819690110948
ge15,ethnicity,A,0.85,Chinese,PH,M2_logit,0.6327243534777748,0.5217325251052064,0.6228142138766085,0.5722733694909075,0.10108168877140211,0.009910139601166268,False,0.060450983986867324,,307,3205,0.13724819690110948
ge15,ethnicity,A,0.85,Chinese,PH,M3_probit,0.6327236412380469,0.5217325251052064,0.6228142138766085,0.5722733694909075,0.10108168877140211,0.009909427361438405,False,0.06045027174713946,,307,3205,0.13724819690110948
ge15,ethnicity,A,0.85,Chinese,PH,M1_lpm,0.6330301401591816,0.5217325251052064,0.6228142138766085,0.5722733694909075,0.10108168877140211,0.010215926282573062,False,0.06075677066827412,,307,3205,0.13724819690110948
ge15,ethnicity,A,0.85,Chinese,PH,bivariate,0.6696017900767924,0.5217325251052064,0.6228142138766085,0.5722733694909075,0.10108168877140211,0.04678757620018392,False,0.09732842058588498,,307,3205,0.13724819690110948
ge15,ethnicity,A,0.85,Chinese,PN,reconciled,0.0003584161700905488,9.874967716451696e-05,0.024512708323838173,0.012305729000501345,0.024413958646673655,0.0,True,-0.011947312830410796,0.0009588632655436928,307,3205,0.13724819690110948
ge15,ethnicity,A,0.85,Chinese,PN,M2_logit,8.622945565532177e-05,9.874967716451696e-05,0.024512708323838173,0.012305729000501345,0.024413958646673655,1.2520221509195191e-05,False,-0.012219499544846024,,307,3205,0.13724819690110948
ge15,ethnicity,A,0.85,Chinese,PN,M3_probit,9.002190710868956e-06,9.874967716451696e-05,0.024512708323838173,0.012305729000501345,0.024413958646673655,8.974748645364801e-05,False,-0.012296726809790477,,307,3205,0.13724819690110948
ge15,ethnicity,A,0.85,Chinese,PN,M1_lpm,-0.00014688519927058636,9.874967716451696e-05,0.024512708323838173,0.012305729000501345,0.024413958646673655,0.0002456348764351033,False,-0.01245261419977193,,307,3205,0.13724819690110948
ge15,ethnicity,A,0.85,Chinese,PN,bivariate,-0.030170667091979853,9.874967716451696e-05,0.024512708323838173,0.012305729000501345,0.024413958646673655,0.03026941676914437,False,-0.042476396092481196,,307,3205,0.13724819690110948
ge15,age,A,0.95,18-29,turnout,reconciled,0.7426092303281194,0.7394292487322746,0.7411330908604283,0.7402811697963514,0.0017038421281537763,0.0014761394676910955,False,0.002328060531768039,0.007250948569045393,604,3573,0.5871509430255955
ge15,age,A,0.95,18-29,turnout,M2_logit,0.7448761029824468,0.7394292487322746,0.7411330908604283,0.7402811697963514,0.0017038421281537763,0.003743012122018441,False,0.004594933186095385,,604,3573,0.5871509430255955
ge15,age,A,0.95,18-29,turnout,M3_probit,0.7448767458165351,0.7394292487322746,0.7411330908604283,0.7402811697963514,0.0017038421281537763,0.0037436549561067345,False,0.004595576020183678,,604,3573,0.5871509430255955
ge15,age,A,0.95,18-29,turnout,M1_lpm,0.7447927575481486,0.7394292487322746,0.7411330908604283,0.7402811697963514,0.0017038421281537763,0.00365966668772022,False,0.004511587751797164,,604,3573,0.5871509430255955
ge15,age,A,0.95,18-29,turnout,bivariate,0.7200924541938452,0.7394292487322746,0.7411330908604283,0.7402811697963514,0.0017038421281537763,0.019336794538429403,False,-0.020188715602506235,,604,3573,0.5871509430255955
ge15,age,A,0.95,18-29,BN,reconciled,0.22517402914876702,0.15718839762370182,0.1588922397518556,0.1580403186877787,0.0017038421281537763,0.06628178939691143,False,0.06713371046098832,0.013919188061512006,604,3573,0.5871509430255955
ge15,age,A,0.95,18-29,BN,M2_logit,0.22803416253336475,0.15718839762370182,0.1588922397518556,0.1580403186877787,0.0017038421281537763,0.06914192278150916,False,0.06999384384558605,,604,3573,0.5871509430255955
ge15,age,A,0.95,18-29,BN,M3_probit,0.22803370843973225,0.15718839762370182,0.1588922397518556,0.1580403186877787,0.0017038421281537763,0.06914146868787666,False,0.06999338975195354,,604,3573,0.5871509430255955
ge15,age,A,0.95,18-29,BN,M1_lpm,0.22871797974313057,0.15718839762370182,0.1588922397518556,0.1580403186877787,0.0017038421281537763,0.06982573999127498,False,0.07067766105535186,,604,3573,0.5871509430255955
ge15,age,A,0.95,18-29,BN,bivariate,0.1969323080233789,0.15718839762370182,0.1588922397518556,0.1580403186877787,0.0017038421281537763,0.038040068271523314,False,0.0388919893356002,,604,3573,0.5871509430255955
ge15,age,A,0.95,18-29,PH,reconciled,0.2350240075267768,0.3295966697413888,0.33130051186954257,0.3304485908054657,0.0017038421281537763,0.094572662214612,False,-0.09542458327868888,0.019016923688249875,604,3573,0.5871509430255955
ge15,age,A,0.95,18-29,PH,M2_logit,0.22874089129086658,0.3295966697413888,0.33130051186954257,0.3304485908054657,0.0017038421281537763,0.10085577845052221,False,-0.1017076995145991,,604,3573,0.5871509430255955
ge15,age,A,0.95,18-29,PH,M3_probit,0.22873988225753894,0.3295966697413888,0.33130051186954257,0.3304485908054657,0.0017038421281537763,0.10085678748384985,False,-0.10170870854792674,,604,3573,0.5871509430255955
ge15,age,A,0.95,18-29,PH,M1_lpm,0.2295917715916315,0.3295966697413888,0.33130051186954257,0.3304485908054657,0.0017038421281537763,0.1000048981497573,False,-0.10085681921383419,,604,3573,0.5871509430255955
ge15,age,A,0.95,18-29,PH,bivariate,0.2086407877597681,0.3295966697413888,0.33130051186954257,0.3304485908054657,0.0017038421281537763,0.12095588198162069,False,-0.12180780304569758,,604,3573,0.5871509430255955
ge15,age,A,0.95,18-29,PN,reconciled,0.2769018771025185,0.2440723977575239,0.24577623988567768,0.2449243188216008,0.0017038421281537763,0.031125637216840835,False,0.03197755828091772,0.018272510472184186,604,3573,0.5871509430255955
ge15,age,A,0.95,18-29,PN,M2_logit,0.2806414999618483,0.2440723977575239,0.24577623988567768,0.2449243188216008,0.0017038421281537763,0.03486526007617061,False,0.035717181140247495,,604,3573,0.5871509430255955
ge15,age,A,0.95,18-29,PN,M3_probit,0.28064154795901675,0.2440723977575239,0.24577623988567768,0.2449243188216008,0.0017038421281537763,0.03486530807333907,False,0.03571722913741596,,604,3573,0.5871509430255955
ge15,age,A,0.95,18-29,PN,M1_lpm,0.28104396361825557,0.2440723977575239,0.24577623988567768,0.2449243188216008,0.0017038421281537763,0.03526772373257789,False,0.036119644796654776,,604,3573,0.5871509430255955
ge15,age,A,0.95,18-29,PN,bivariate,0.3118452795881358,0.2440723977575239,0.24577623988567768,0.2449243188216008,0.0017038421281537763,0.06606903970245812,False,0.066920960766535,,604,3573,0.5871509430255955
ge15,age,A,0.95,30-39,turnout,reconciled,0.6989647724172883,0.6977709309271544,0.7025104536737197,0.700140692300437,0.004739522746565306,0.0,True,-0.0011759198831486906,0.005595706055974795,192,3573,0.22871462624533953
ge15,age,A,0.95,30-39,turnout,M2_logit,0.6971682162924151,0.6977709309271544,0.7025104536737197,0.700140692300437,0.004739522746565306,0.0006027146347392653,False,-0.0029724760080218626,,192,3573,0.22871462624533953
ge15,age,A,0.95,30-39,turnout,M3_probit,0.6971681276321979,0.6977709309271544,0.7025104536737197,0.700140692300437,0.004739522746565306,0.0006028032949564333,False,-0.0029725646682390305,,192,3573,0.22871462624533953
ge15,age,A,0.95,30-39,turnout,M1_lpm,0.6973292139122601,0.6977709309271544,0.7025104536737197,0.700140692300437,0.004739522746565306,0.00044171701489426063,False,-0.002811478388176858,,192,3573,0.22871462624533953
ge15,age,A,0.95,30-39,turnout,bivariate,0.6946219032873716,0.6977709309271544,0.7025104536737197,0.700140692300437,0.004739522746565306,0.0031490276397827532,False,-0.0055187890130653505,,192,3573,0.22871462624533953
ge15,age,A,0.95,30-39,BN,reconciled,0.18928856143527548,0.18360738202282517,0.18832332505423335,0.18596535353852928,0.004715943031408182,0.0009652363810421227,False,0.0033232078967461998,0.011385651260442853,192,3573,0.22871462624533953
ge15,age,A,0.95,30-39,BN,M2_logit,0.18829960177836508,0.18360738202282517,0.18832332505423335,0.18596535353852928,0.004715943031408182,0.0,True,0.002334248239835801,,192,3573,0.22871462624533953
ge15,age,A,0.95,30-39,BN,M3_probit,0.18829921650597298,0.18360738202282517,0.18832332505423335,0.18596535353852928,0.004715943031408182,0.0,True,0.0023338629674437006,,192,3573,0.22871462624533953
ge15,age,A,0.95,30-39,BN,M1_lpm,0.18867154284407098,0.18360738202282517,0.18832332505423335,0.18596535353852928,0.004715943031408182,0.00034821778983762375,False,0.002706189305541701,,192,3573,0.22871462624533953
ge15,age,A,0.95,30-39,BN,bivariate,0.16006510305444094,0.18360738202282517,0.18832332505423335,0.18596535353852928,0.004715943031408182,0.023542278968384234,False,-0.02590025048408834,,192,3573,0.22871462624533953
ge15,age,A,0.95,30-39,PH,reconciled,0.27744143128352755,0.2891344672556356,0.2938582701920961,0.29149636872386586,0.004723802936460519,0.011693035972108023,False,-0.014054937440338311,0.020345070934729585,192,3573,0.22871462624533953
ge15,age,A,0.95,30-39,PH,M2_logit,0.28028996916103394,0.2891344672556356,0.2938582701920961,0.29149636872386586,0.004723802936460519,0.008844498094601638,False,-0.011206399562831926,,192,3573,0.22871462624533953
ge15,age,A,0.95,30-39,PH,M3_probit,0.28029015443009664,0.2891344672556356,0.2938582701920961,0.29149636872386586,0.004723802936460519,0.008844312825538936,False,-0.011206214293769223,,192,3573,0.22871462624533953
ge15,age,A,0.95,30-39,PH,M1_lpm,0.2786163315690267,0.2891344672556356,0.2938582701920961,0.29149636872386586,0.004723802936460519,0.010518135686608865,False,-0.012880037154839152,,192,3573,0.22871462624533953
ge15,age,A,0.95,30-39,PH,bivariate,0.24410959593688358,0.2891344672556356,0.2938582701920961,0.29149636872386586,0.004723802936460519,0.04502487131875199,False,-0.04738677278698228,,192,3573,0.22871462624533953
ge15,age,A,0.95,30-39,PN,reconciled,0.2265013657626153,0.210221020530072,0.21496054327663722,0.21259078190335462,0.004739522746565222,0.01154082248597807,False,0.013910583859260667,0.014145205077783649,192,3573,0.22871462624533953
ge15,age,A,0.95,30-39,PN,M2_logit,0.22549057471667222,0.210221020530072,0.21496054327663722,0.21259078190335462,0.004739522746565222,0.010530031440035004,False,0.012899792813317601,,192,3573,0.22871462624533953
ge15,age,A,0.95,30-39,PN,M3_probit,0.22549020173912593,0.210221020530072,0.21496054327663722,0.21259078190335462,0.004739522746565222,0.010529658462488711,False,0.012899419835771309,,192,3573,0.22871462624533953
ge15,age,A,0.95,30-39,PN,M1_lpm,0.22413460087306275,0.210221020530072,0.21496054327663722,0.21259078190335462,0.004739522746565222,0.009174057596425533,False,0.01154381896970813,,192,3573,0.22871462624533953
ge15,age,A,0.95,30-39,PN,bivariate,0.28851993660144637,0.210221020530072,0.21496054327663722,0.21259078190335462,0.004739522746565222,0.07355939332480915,False,0.07592915469809175,,192,3573,0.22871462624533953
ge15,age,A,0.95,40-49,turnout,reconciled,0.7485518013986896,0.7522119723370916,0.7567478410443101,0.7544799066907009,0.00453586870721856,0.0036601709384019854,False,-0.005928105292011265,0.007478099233278014,135,3573,0.18474406942349508
ge15,age,A,0.95,40-49,turnout,M2_logit,0.7487624957112208,0.7522119723370916,0.7567478410443101,0.7544799066907009,0.00453586870721856,0.0034494766258708065,False,-0.0057174109794800865,,135,3573,0.18474406942349508
ge15,age,A,0.95,40-49,turnout,M3_probit,0.7487629099111829,0.7522119723370916,0.7567478410443101,0.7544799066907009,0.00453586870721856,0.0034490624259087,False,-0.00571699677951798,,135,3573,0.18474406942349508
ge15,age,A,0.95,40-49,turnout,M1_lpm,0.7485338325718284,0.7522119723370916,0.7567478410443101,0.7544799066907009,0.00453586870721856,0.003678139765263211,False,-0.005946074118872491,,135,3573,0.18474406942349508
ge15,age,A,0.95,40-49,turnout,bivariate,0.762532508874041,0.7522119723370916,0.7567478410443101,0.7544799066907009,0.00453586870721856,0.005784667829730861,False,0.00805260218334014,,135,3573,0.18474406942349508
ge15,age,A,0.95,40-49,BN,reconciled,0.22321910414098298,0.17136158531556686,0.17589745402278537,0.1736295196691761,0.0045358687072185044,0.04732165011819761,False,0.04958958447180686,0.014067575623289311,135,3573,0.18474406942349508
ge15,age,A,0.95,40-49,BN,M2_logit,0.22302801745546,0.17136158531556686,0.17589745402278537,0.1736295196691761,0.0045358687072185044,0.04713056343267463,False,0.049398497786283885,,135,3573,0.18474406942349508
ge15,age,A,0.95,40-49,BN,M3_probit,0.22302771669810412,0.17136158531556686,0.17589745402278537,0.1736295196691761,0.0045358687072185044,0.04713026267531875,False,0.049398197028928004,,135,3573,0.18474406942349508
ge15,age,A,0.95,40-49,BN,M1_lpm,0.2236474490274821,0.17136158531556686,0.17589745402278537,0.1736295196691761,0.0045358687072185044,0.04774999500469673,False,0.050017929358305985,,135,3573,0.18474406942349508
ge15,age,A,0.95,40-49,BN,bivariate,0.2053905779851134,0.17136158531556686,0.17589745402278537,0.1736295196691761,0.0045358687072185044,0.029493123962328033,False,0.031761058315937285,,135,3573,0.18474406942349508
ge15,age,A,0.95,40-49,PH,reconciled,0.3138126028250692,0.4090293240966552,0.41356519280387377,0.4112972584502645,0.00453586870721856,0.09521672127158604,False,-0.09748465562519532,0.02275421806620306,135,3573,0.18474406942349508
ge15,age,A,0.95,40-49,PH,M2_logit,0.31352217088793877,0.4090293240966552,0.41356519280387377,0.4112972584502645,0.00453586870721856,0.09550715320871644,False,-0.09777508756232572,,135,3573,0.18474406942349508
ge15,age,A,0.95,40-49,PH,M3_probit,0.3135220199574974,0.4090293240966552,0.41356519280387377,0.4112972584502645,0.00453586870721856,0.09550730413915781,False,-0.09777523849276709,,135,3573,0.18474406942349508
ge15,age,A,0.95,40-49,PH,M1_lpm,0.31415014484372117,0.4090293240966552,0.41356519280387377,0.4112972584502645,0.00453586870721856,0.09487917925293404,False,-0.09714711360654332,,135,3573,0.18474406942349508
ge15,age,A,0.95,40-49,PH,bivariate,0.3349143182271656,0.4090293240966552,0.41356519280387377,0.4112972584502645,0.00453586870721856,0.0741150058694896,False,-0.07638294022309888,,135,3573,0.18474406942349508
ge15,age,A,0.95,40-49,PN,reconciled,0.2027125878409671,0.15687036840679083,0.1612766408652317,0.15907350463601128,0.0044062724584408575,0.04143594697573541,False,0.043639083204955825,0.01604019110280391,135,3573,0.18474406942349508
ge15,age,A,0.95,40-49,PN,M2_logit,0.20243179380204343,0.15687036840679083,0.1612766408652317,0.15907350463601128,0.0044062724584408575,0.04115515293681174,False,0.043358289166032155,,135,3573,0.18474406942349508
ge15,age,A,0.95,40-49,PN,M3_probit,0.20243192465655596,0.15687036840679083,0.1612766408652317,0.15907350463601128,0.0044062724584408575,0.04115528379132427,False,0.043358420020544686,,135,3573,0.18474406942349508
ge15,age,A,0.95,40-49,PN,M1_lpm,0.20203634129504633,0.15687036840679083,0.1612766408652317,0.15907350463601128,0.0044062724584408575,0.04075970042981464,False,0.04296283665903505,,135,3573,0.18474406942349508
ge15,age,A,0.95,40-49,PN,bivariate,0.2151063329527777,0.15687036840679083,0.1612766408652317,0.15907350463601128,0.0044062724584408575,0.05382969208754601,False,0.056032828316766425,,135,3573,0.18474406942349508
ge15,age,A,0.95,50-59,turnout,reconciled,0.804852279674289,0.7897880928355197,0.7998385469223007,0.7948133198789102,0.010050454086781069,0.005013732751988242,False,0.010038959795378721,0.005813800365993519,89,3573,0.1294920410088619
ge15,age,A,0.95,50-59,turnout,M2_logit,0.8051609027174754,0.7897880928355197,0.7998385469223007,0.7948133198789102,0.010050454086781069,0.005322355795174705,False,0.010347582838565184,,89,3573,0.1294920410088619
ge15,age,A,0.95,50-59,turnout,M3_probit,0.8051612015957925,0.7897880928355197,0.7998385469223007,0.7948133198789102,0.010050454086781069,0.0053226546734918,False,0.010347881716882279,,89,3573,0.1294920410088619
ge15,age,A,0.95,50-59,turnout,M1_lpm,0.80531818263647,0.7897880928355197,0.7998385469223007,0.7948133198789102,0.010050454086781069,0.0054796357141693175,False,0.010504862757559796,,89,3573,0.1294920410088619
ge15,age,A,0.95,50-59,turnout,bivariate,0.8373050673665695,0.7897880928355197,0.7998385469223007,0.7948133198789102,0.010050454086781069,0.03746652044426879,False,0.04249174748765927,,89,3573,0.1294920410088619
ge15,age,A,0.95,50-59,BN,reconciled,0.26489723797399684,0.16480322906155398,0.17485368314833502,0.16982845610494451,0.010050454086781041,0.09004355482566181,False,0.09506878186905232,0.013907582565885314,89,3573,0.1294920410088619
ge15,age,A,0.95,50-59,BN,M2_logit,0.26324511099546355,0.16480322906155398,0.17485368314833502,0.16982845610494451,0.010050454086781041,0.08839142784712853,False,0.09341665489051904,,89,3573,0.1294920410088619
ge15,age,A,0.95,50-59,BN,M3_probit,0.26324468861976014,0.16480322906155398,0.17485368314833502,0.16982845610494451,0.010050454086781041,0.08839100547142512,False,0.09341623251481562,,89,3573,0.1294920410088619
ge15,age,A,0.95,50-59,BN,M1_lpm,0.26389129640046666,0.16480322906155398,0.17485368314833502,0.16982845610494451,0.010050454086781041,0.08903761325213164,False,0.09406284029552214,,89,3573,0.1294920410088619
ge15,age,A,0.95,50-59,BN,bivariate,0.2910934866780358,0.16480322906155398,0.17485368314833502,0.16982845610494451,0.010050454086781041,0.11623980352970079,False,0.12126503057309129,,89,3573,0.1294920410088619
ge15,age,A,0.95,50-59,PH,reconciled,0.3603444011647487,0.488335015136226,0.4983854692230071,0.49336024217961655,0.010050454086781069,0.12799061397147732,False,-0.13301584101486785,0.019510945305846003,89,3573,0.1294920410088619
ge15,age,A,0.95,50-59,PH,M2_logit,0.3626288852569693,0.488335015136226,0.4983854692230071,0.49336024217961655,0.010050454086781069,0.12570612987925672,False,-0.13073135692264726,,89,3573,0.1294920410088619
ge15,age,A,0.95,50-59,PH,M3_probit,0.3626285075756816,0.488335015136226,0.4983854692230071,0.49336024217961655,0.010050454086781069,0.1257065075605444,False,-0.13073173460393495,,89,3573,0.1294920410088619
ge15,age,A,0.95,50-59,PH,M1_lpm,0.36335939017121555,0.488335015136226,0.4983854692230071,0.49336024217961655,0.010050454086781069,0.12497562496501047,False,-0.130000852008401,,89,3573,0.1294920410088619
ge15,age,A,0.95,50-59,PH,bivariate,0.39764126874551153,0.488335015136226,0.4983854692230071,0.49336024217961655,0.010050454086781069,0.09069374639071448,False,-0.09571897343410501,,89,3573,0.1294920410088619
ge15,age,A,0.95,50-59,PN,reconciled,0.16814757434321306,0.10752774974772956,0.11731584258324924,0.1124217961654894,0.00978809283551968,0.05083173175996382,False,0.05572577817772366,0.01251710215047949,89,3573,0.1294920410088619
ge15,age,A,0.95,50-59,PN,M2_logit,0.16696460800284174,0.10752774974772956,0.11731584258324924,0.1124217961654894,0.00978809283551968,0.0496487654195925,False,0.05454281183735234,,89,3573,0.1294920410088619
ge15,age,A,0.95,50-59,PN,M3_probit,0.16696339761361417,0.10752774974772956,0.11731584258324924,0.1124217961654894,0.00978809283551968,0.04964755503036493,False,0.05454160144812477,,89,3573,0.1294920410088619
ge15,age,A,0.95,50-59,PN,M1_lpm,0.16659156045216697,0.10752774974772956,0.11731584258324924,0.1124217961654894,0.00978809283551968,0.049275717868917726,False,0.054169764286677566,,89,3573,0.1294920410088619
ge15,age,A,0.95,50-59,PN,bivariate,0.13500677631880215,0.10752774974772956,0.11731584258324924,0.1124217961654894,0.00978809283551968,0.017690933735552902,False,0.022584980153312742,,89,3573,0.1294920410088619
ge15,age,A,0.95,60-69,turnout,reconciled,0.809715953993418,0.7862386601535241,0.7917655268667132,0.7890020935101186,0.005526866713189138,0.017950427126704804,False,0.020713860483299373,0.005523265497179384,83,3573,0.12641723155966927
ge15,age,A,0.95,60-69,turnout,M2_logit,0.8090869012505282,0.7862386601535241,0.7917655268667132,0.7890020935101186,0.005526866713189138,0.01732137438381498,False,0.02008480774040955,,83,3573,0.12641723155966927
ge15,age,A,0.95,60-69,turnout,M3_probit,0.8090883752291126,0.7862386601535241,0.7917655268667132,0.7890020935101186,0.005526866713189138,0.01732284836239939,False,0.02008628171899396,,83,3573,0.12641723155966927
ge15,age,A,0.95,60-69,turnout,M1_lpm,0.8115257294486984,0.7862386601535241,0.7917655268667132,0.7890020935101186,0.005526866713189138,0.019760202581985187,False,0.022523635938579756,,83,3573,0.12641723155966927
ge15,age,A,0.95,60-69,turnout,bivariate,0.7742306458794114,0.7862386601535241,0.7917655268667132,0.7890020935101186,0.005526866713189138,0.012008014274112688,False,-0.014771447630707257,,83,3573,0.12641723155966927
ge15,age,A,0.95,60-69,BN,reconciled,0.3309664018032639,0.22182833217027215,0.22735519888346126,0.22459176552686672,0.00552686671318911,0.10361120291980266,False,0.1063746362763972,0.02008415852446623,83,3573,0.12641723155966927
ge15,age,A,0.95,60-69,BN,M2_logit,0.33570352394328495,0.22182833217027215,0.22735519888346126,0.22459176552686672,0.00552686671318911,0.1083483250598237,False,0.11111175841641824,,83,3573,0.12641723155966927
ge15,age,A,0.95,60-69,BN,M3_probit,0.3357037559163215,0.22182833217027215,0.22735519888346126,0.22459176552686672,0.00552686671318911,0.10834855703286025,False,0.1111119903894548,,83,3573,0.12641723155966927
ge15,age,A,0.95,60-69,BN,M1_lpm,0.33144101501625517,0.22182833217027215,0.22735519888346126,0.22459176552686672,0.00552686671318911,0.10408581613279391,False,0.10684924948938845,,83,3573,0.12641723155966927
ge15,age,A,0.95,60-69,BN,bivariate,0.36661466719886215,0.22182833217027215,0.22735519888346126,0.22459176552686672,0.00552686671318911,0.1392594683154009,False,0.14202290167199544,,83,3573,0.12641723155966927
ge15,age,A,0.95,60-69,PH,reconciled,0.349909892992632,0.4707885554780181,0.47631542219120726,0.4735519888346127,0.005526866713189138,0.12087866248538615,False,-0.12364209584198071,0.022121021854203185,83,3573,0.12641723155966927
ge15,age,A,0.95,60-69,PH,M2_logit,0.35141641657590533,0.4707885554780181,0.47631542219120726,0.4735519888346127,0.005526866713189138,0.11937213890211279,False,-0.12213557225870736,,83,3573,0.12641723155966927
ge15,age,A,0.95,60-69,PH,M3_probit,0.35141672722238054,0.4707885554780181,0.47631542219120726,0.4735519888346127,0.005526866713189138,0.11937182825563758,False,-0.12213526161223215,,83,3573,0.12641723155966927
ge15,age,A,0.95,60-69,PH,M1_lpm,0.3549115891280481,0.4707885554780181,0.47631542219120726,0.4735519888346127,0.005526866713189138,0.11587696634997002,False,-0.11864039970656459,,83,3573,0.12641723155966927
ge15,age,A,0.95,60-69,PH,bivariate,0.3647122711837696,0.4707885554780181,0.47631542219120726,0.4735519888346127,0.005526866713189138,0.10607628429424854,False,-0.1088397176508431,,83,3573,0.12641723155966927
ge15,age,A,0.95,60-69,PN,reconciled,0.1138280387199083,0.07003489183531053,0.07469644103279832,0.07236566643405443,0.004661549197487791,0.039131597687109984,False,0.04146237228585388,0.009681129947511129,83,3573,0.12641723155966927
ge15,age,A,0.95,60-69,PN,M2_logit,0.11395458751588107,0.07003489183531053,0.07469644103279832,0.07236566643405443,0.004661549197487791,0.03925814648308275,False,0.041588921081826644,,83,3573,0.12641723155966927
ge15,age,A,0.95,60-69,PN,M3_probit,0.11395806506747952,0.07003489183531053,0.07469644103279832,0.07236566643405443,0.004661549197487791,0.0392616240346812,False,0.04159239863342509,,83,3573,0.12641723155966927
ge15,age,A,0.95,60-69,PN,M1_lpm,0.10994520406323627,0.07003489183531053,0.07469644103279832,0.07236566643405443,0.004661549197487791,0.035248763030437946,False,0.03757953762918184,,83,3573,0.12641723155966927
ge15,age,A,0.95,60-69,PN,bivariate,0.021056174669906585,0.07003489183531053,0.07469644103279832,0.07236566643405443,0.004661549197487791,0.048978717165403945,False,-0.05130949176414784,,83,3573,0.12641723155966927
ge15,age,A,0.95,70+,turnout,reconciled,0.5796165915256065,0.5180998519714709,0.5396312743910645,0.5288655631812678,0.021531422419593604,0.03998531713454201,False,0.050751028344338756,0.011471764299577974,19,3573,0.037322016021697095
ge15,age,A,0.95,70+,turnout,M2_logit,0.5794738190620895,0.5180998519714709,0.5396312743910645,0.5288655631812678,0.021531422419593604,0.03984254467102499,False,0.05060825588082174,,19,3573,0.037322016021697095
ge15,age,A,0.95,70+,turnout,M3_probit,0.5794731487961893,0.5180998519714709,0.5396312743910645,0.5288655631812678,0.021531422419593604,0.039841874405124766,False,0.05060758561492151,,19,3573,0.037322016021697095
ge15,age,A,0.95,70+,turnout,M1_lpm,0.5768112937663363,0.5180998519714709,0.5396312743910645,0.5288655631812678,0.021531422419593604,0.03718001937527182,False,0.04794573058506857,,19,3573,0.037322016021697095
ge15,age,A,0.95,70+,turnout,bivariate,0.6123908880975926,0.5180998519714709,0.5396312743910645,0.5288655631812678,0.021531422419593604,0.07275961370652806,False,0.0835253249163248,,19,3573,0.037322016021697095
ge15,age,A,0.95,70+,BN,reconciled,0.2668102796203643,0.08827883192033374,0.10981025433992733,0.09904454313013053,0.02153142241959359,0.15700002528043697,False,0.16776573649023377,0.02026706719630187,19,3573,0.037322016021697095
ge15,age,A,0.95,70+,BN,M2_logit,0.26114110869141544,0.08827883192033374,0.10981025433992733,0.09904454313013053,0.02153142241959359,0.1513308543514881,False,0.1620965655612849,,19,3573,0.037322016021697095
ge15,age,A,0.95,70+,BN,M3_probit,0.2611400669300682,0.08827883192033374,0.10981025433992733,0.09904454313013053,0.02153142241959359,0.15132981259014086,False,0.16209552379993766,,19,3573,0.037322016021697095
ge15,age,A,0.95,70+,BN,M1_lpm,0.26305022151346835,0.08827883192033374,0.10981025433992733,0.09904454313013053,0.02153142241959359,0.15323996717354102,False,0.16400567838333782,,19,3573,0.037322016021697095
ge15,age,A,0.95,70+,BN,bivariate,0.31537945108562426,0.08827883192033374,0.10981025433992733,0.09904454313013053,0.02153142241959359,0.20556919674569693,False,0.21633490795549373,,19,3573,0.037322016021697095
ge15,age,A,0.95,70+,PH,reconciled,0.2500186495995126,0.37801103485399007,0.3995424572735836,0.38877674606378687,0.02153142241959355,0.12799238525447748,False,-0.13875809646427428,0.018297061652137684,19,3573,0.037322016021697095
ge15,age,A,0.95,70+,PH,M2_logit,0.24870145444463923,0.37801103485399007,0.3995424572735836,0.38877674606378687,0.02153142241959355,0.12930958040935084,False,-0.14007529161914764,,19,3573,0.037322016021697095
ge15,age,A,0.95,70+,PH,M3_probit,0.24870047066751672,0.37801103485399007,0.3995424572735836,0.38877674606378687,0.02153142241959355,0.12931056418647335,False,-0.14007627539627016,,19,3573,0.037322016021697095
ge15,age,A,0.95,70+,PH,M1_lpm,0.2433785151110202,0.37801103485399007,0.3995424572735836,0.38877674606378687,0.02153142241959355,0.13463251974296986,False,-0.14539823095276666,,19,3573,0.037322016021697095
ge15,age,A,0.95,70+,PH,bivariate,0.2742257775480859,0.37801103485399007,0.3995424572735836,0.38877674606378687,0.02153142241959355,0.10378525730590415,False,-0.11455096851570096,,19,3573,0.037322016021697095
ge15,age,A,0.95,70+,PN,reconciled,0.04217052022319531,0.006997712286367918,0.016148566814695196,0.011573139550531557,0.009150854528327278,0.026021953408500116,False,0.030597380672663755,0.006647919771513915,19,3573,0.037322016021697095
ge15,age,A,0.95,70+,PN,M2_logit,0.040291773293695,0.006997712286367918,0.016148566814695196,0.011573139550531557,0.009150854528327278,0.024143206478999805,False,0.028718633743163444,,19,3573,0.037322016021697095
ge15,age,A,0.95,70+,PN,M3_probit,0.04028298180540698,0.006997712286367918,0.016148566814695196,0.011573139550531557,0.009150854528327278,0.024134414990711783,False,0.028709842254875422,,19,3573,0.037322016021697095
ge15,age,A,0.95,70+,PN,M1_lpm,0.05013629472321469,0.006997712286367918,0.016148566814695196,0.011573139550531557,0.009150854528327278,0.03398772790851949,False,0.03856315517268313,,19,3573,0.037322016021697095
ge15,age,A,0.95,70+,PN,bivariate,-0.0010773537834615765,0.006997712286367918,0.016148566814695196,0.011573139550531557,0.009150854528327278,0.008075066069829495,False,-0.012650493333993134,,19,3573,0.037322016021697095
ge15,age,B,0.95,18-29,turnout,reconciled,0.7118069202629873,0.7394292487322746,0.7411330908604283,0.7402811697963514,0.0017038421281537763,0.02762232846928725,False,-0.028474249533364082,0.005652033802705971,604,2099,0.5871509430255955
ge15,age,B,0.95,18-29,turnout,M2_logit,0.7117346122986644,0.7394292487322746,0.7411330908604283,0.7402811697963514,0.0017038421281537763,0.027694636433610142,False,-0.028546557497686975,,604,2099,0.5871509430255955
ge15,age,B,0.95,18-29,turnout,M3_probit,0.7117356950015788,0.7394292487322746,0.7411330908604283,0.7402811697963514,0.0017038421281537763,0.027693553730695708,False,-0.02854547479477254,,604,2099,0.5871509430255955
ge15,age,B,0.95,18-29,turnout,M1_lpm,0.7115889547673343,0.7394292487322746,0.7411330908604283,0.7402811697963514,0.0017038421281537763,0.027840293964940255,False,-0.028692215029017087,,604,2099,0.5871509430255955
ge15,age,B,0.95,18-29,turnout,bivariate,0.6799207218224018,0.7394292487322746,0.7411330908604283,0.7402811697963514,0.0017038421281537763,0.05950852690987274,False,-0.06036044797394957,,604,2099,0.5871509430255955
ge15,age,B,0.95,18-29,BN,reconciled,0.18089877805941237,0.15718839762370182,0.1588922397518556,0.1580403186877787,0.0017038421281537763,0.022006538307556778,False,0.022858459371633666,0.01884591018976712,604,2099,0.5871509430255955
ge15,age,B,0.95,18-29,BN,M2_logit,0.18086625075890775,0.15718839762370182,0.1588922397518556,0.1580403186877787,0.0017038421281537763,0.021974011007052152,False,0.02282593207112904,,604,2099,0.5871509430255955
ge15,age,B,0.95,18-29,BN,M3_probit,0.18086453998320795,0.15718839762370182,0.1588922397518556,0.1580403186877787,0.0017038421281537763,0.021972300231352354,False,0.022824221295429242,,604,2099,0.5871509430255955
ge15,age,B,0.95,18-29,BN,M1_lpm,0.18162804456653767,0.15718839762370182,0.1588922397518556,0.1580403186877787,0.0017038421281537763,0.02273580481468207,False,0.02358772587875896,,604,2099,0.5871509430255955
ge15,age,B,0.95,18-29,BN,bivariate,0.14860843411315727,0.15718839762370182,0.1588922397518556,0.1580403186877787,0.0017038421281537763,0.008579963510544547,False,-0.009431884574621435,,604,2099,0.5871509430255955
ge15,age,B,0.95,18-29,PH,reconciled,0.3080671643558177,0.3295966697413888,0.33130051186954257,0.3304485908054657,0.0017038421281537763,0.02152950538557108,False,-0.022381426449647968,0.025722950332216794,604,2099,0.5871509430255955
ge15,age,B,0.95,18-29,PH,M2_logit,0.3082939819895641,0.3295966697413888,0.33130051186954257,0.3304485908054657,0.0017038421281537763,0.0213026877518247,False,-0.02215460881590159,,604,2099,0.5871509430255955
ge15,age,B,0.95,18-29,PH,M3_probit,0.3082931573463442,0.3295966697413888,0.33130051186954257,0.3304485908054657,0.0017038421281537763,0.021303512395044577,False,-0.022155433459121465,,604,2099,0.5871509430255955
ge15,age,B,0.95,18-29,PH,M1_lpm,0.3083757121405991,0.3295966697413888,0.33130051186954257,0.3304485908054657,0.0017038421281537763,0.02122095760078968,False,-0.02207287866486657,,604,2099,0.5871509430255955
ge15,age,B,0.95,18-29,PH,bivariate,0.28113729699115775,0.3295966697413888,0.33130051186954257,0.3304485908054657,0.0017038421281537763,0.048459372750231045,False,-0.04931129381430793,,604,2099,0.5871509430255955
ge15,age,B,0.95,18-29,PN,reconciled,0.21893350334308073,0.2440723977575239,0.24577623988567768,0.2449243188216008,0.0017038421281537763,0.02513889441444317,False,-0.025990815478520057,0.018855228524950907,604,2099,0.5871509430255955
ge15,age,B,0.95,18-29,PN,M2_logit,0.21904732550677097,0.2440723977575239,0.24577623988567768,0.2449243188216008,0.0017038421281537763,0.025025072250752928,False,-0.025876993314829816,,604,2099,0.5871509430255955
ge15,age,B,0.95,18-29,PN,M3_probit,0.21904693339746356,0.2440723977575239,0.24577623988567768,0.2449243188216008,0.0017038421281537763,0.02502546436006034,False,-0.025877385424137228,,604,2099,0.5871509430255955
ge15,age,B,0.95,18-29,PN,M1_lpm,0.21786437716724563,0.2440723977575239,0.24577623988567768,0.2449243188216008,0.0017038421281537763,0.02620802059027827,False,-0.027059941654355157,,604,2099,0.5871509430255955
ge15,age,B,0.95,18-29,PN,bivariate,0.2490992787762944,0.2440723977575239,0.24577623988567768,0.2449243188216008,0.0017038421281537763,0.0033230388906167196,False,0.004174959954693608,,604,2099,0.5871509430255955
ge15,age,B,0.95,30-39,turnout,reconciled,0.6983491373235327,0.6977709309271544,0.7025104536737197,0.700140692300437,0.004739522746565306,0.0,True,-0.0017915549769043082,0.005522512516460189,192,2099,0.22871462624533953
ge15,age,B,0.95,30-39,turnout,M2_logit,0.6984820687863014,0.6977709309271544,0.7025104536737197,0.700140692300437,0.004739522746565306,0.0,True,-0.0016586235141355932,,192,2099,0.22871462624533953
ge15,age,B,0.95,30-39,turnout,M3_probit,0.6984820446015592,0.6977709309271544,0.7025104536737197,0.700140692300437,0.004739522746565306,0.0,True,-0.001658647698877802,,192,2099,0.22871462624533953
ge15,age,B,0.95,30-39,turnout,M1_lpm,0.6987822188320885,0.6977709309271544,0.7025104536737197,0.700140692300437,0.004739522746565306,0.0,True,-0.0013584734683484978,,192,2099,0.22871462624533953
ge15,age,B,0.95,30-39,turnout,bivariate,0.6836207328272225,0.6977709309271544,0.7025104536737197,0.700140692300437,0.004739522746565306,0.014150198099931899,False,-0.016519959473214496,,192,2099,0.22871462624533953
ge15,age,B,0.95,30-39,BN,reconciled,0.17470650348616668,0.18360738202282517,0.18832332505423335,0.18596535353852928,0.004715943031408182,0.008900878536658496,False,-0.011258850052362601,0.010733026238997558,192,2099,0.22871462624533953
ge15,age,B,0.95,30-39,BN,M2_logit,0.17486030211424697,0.18360738202282517,0.18832332505423335,0.18596535353852928,0.004715943031408182,0.008747079908578204,False,-0.011105051424282308,,192,2099,0.22871462624533953
ge15,age,B,0.95,30-39,BN,M3_probit,0.17486010482333186,0.18360738202282517,0.18832332505423335,0.18596535353852928,0.004715943031408182,0.008747277199493309,False,-0.011105248715197413,,192,2099,0.22871462624533953
ge15,age,B,0.95,30-39,BN,M1_lpm,0.1748163494072955,0.18360738202282517,0.18832332505423335,0.18596535353852928,0.004715943031408182,0.00879103261552966,False,-0.011149004131233764,,192,2099,0.22871462624533953
ge15,age,B,0.95,30-39,BN,bivariate,0.14355412559839395,0.18360738202282517,0.18832332505423335,0.18596535353852928,0.004715943031408182,0.04005325642443122,False,-0.042411227940135326,,192,2099,0.22871462624533953
ge15,age,B,0.95,30-39,PH,reconciled,0.2977581629103367,0.2891344672556356,0.2938582701920961,0.29149636872386586,0.004723802936460519,0.003899892718240594,False,0.006261794186470826,0.01987023017042859,192,2099,0.22871462624533953
ge15,age,B,0.95,30-39,PH,M2_logit,0.29684998535331864,0.2891344672556356,0.2938582701920961,0.29149636872386586,0.004723802936460519,0.0029917151612225412,False,0.005353616629452773,,192,2099,0.22871462624533953
ge15,age,B,0.95,30-39,PH,M3_probit,0.29684985428769706,0.2891344672556356,0.2938582701920961,0.29149636872386586,0.004723802936460519,0.002991584095600963,False,0.005353485563831195,,192,2099,0.22871462624533953
ge15,age,B,0.95,30-39,PH,M1_lpm,0.29693854383753265,0.2891344672556356,0.2938582701920961,0.29149636872386586,0.004723802936460519,0.00308027364543656,False,0.005442175113666792,,192,2099,0.22871462624533953
ge15,age,B,0.95,30-39,PH,bivariate,0.2848647820432626,0.2891344672556356,0.2938582701920961,0.29149636872386586,0.004723802936460519,0.004269685212372976,False,-0.006631586680603263,,192,2099,0.22871462624533953
ge15,age,B,0.95,30-39,PN,reconciled,0.21997276775878064,0.210221020530072,0.21496054327663722,0.21259078190335462,0.004739522746565222,0.005012224482143418,False,0.007381985855426015,0.013162981968781871,192,2099,0.22871462624533953
ge15,age,B,0.95,30-39,PN,M2_logit,0.2206083315361477,0.210221020530072,0.21496054327663722,0.21259078190335462,0.004739522746565222,0.005647788259510483,False,0.00801754963279308,,192,2099,0.22871462624533953
ge15,age,B,0.95,30-39,PN,M3_probit,0.220607935800396,0.210221020530072,0.21496054327663722,0.21259078190335462,0.004739522746565222,0.005647392523758787,False,0.008017153897041385,,192,2099,0.22871462624533953
ge15,age,B,0.95,30-39,PN,M1_lpm,0.22089898195028962,0.210221020530072,0.21496054327663722,0.21259078190335462,0.004739522746565222,0.005938438673652402,False,0.008308200046935,,192,2099,0.22871462624533953
ge15,age,B,0.95,30-39,PN,bivariate,0.2523616724066131,0.210221020530072,0.21496054327663722,0.21259078190335462,0.004739522746565222,0.037401129129975896,False,0.039770890503258494,,192,2099,0.22871462624533953
ge15,age,B,0.95,40-49,turnout,reconciled,0.7445989762400536,0.7522119723370916,0.7567478410443101,0.7544799066907009,0.00453586870721856,0.007612996097038027,False,-0.009880930450647307,0.006638004364862521,135,2099,0.18474406942349508
ge15,age,B,0.95,40-49,turnout,M2_logit,0.7443826899912699,0.7522119723370916,0.7567478410443101,0.7544799066907009,0.00453586870721856,0.007829282345821698,False,-0.010097216699430978,,135,2099,0.18474406942349508
ge15,age,B,0.95,40-49,turnout,M3_probit,0.7443832190722764,0.7522119723370916,0.7567478410443101,0.7544799066907009,0.00453586870721856,0.007828753264815136,False,-0.010096687618424416,,135,2099,0.18474406942349508
ge15,age,B,0.95,40-49,turnout,M1_lpm,0.7438630159222434,0.7522119723370916,0.7567478410443101,0.7544799066907009,0.00453586870721856,0.00834895641484823,False,-0.01061689076845751,,135,2099,0.18474406942349508
ge15,age,B,0.95,40-49,turnout,bivariate,0.7579666457107991,0.7522119723370916,0.7567478410443101,0.7544799066907009,0.00453586870721856,0.0012188046664889374,False,0.0034867390200982173,,135,2099,0.18474406942349508
ge15,age,B,0.95,40-49,BN,reconciled,0.20503609020636518,0.17136158531556686,0.17589745402278537,0.1736295196691761,0.0045358687072185044,0.029138636183579814,False,0.031406570537189066,0.014874157138816804,135,2099,0.18474406942349508
ge15,age,B,0.95,40-49,BN,M2_logit,0.20499589594435025,0.17136158531556686,0.17589745402278537,0.1736295196691761,0.0045358687072185044,0.029098441921564883,False,0.031366376275174135,,135,2099,0.18474406942349508
ge15,age,B,0.95,40-49,BN,M3_probit,0.20499528740933942,0.17136158531556686,0.17589745402278537,0.1736295196691761,0.0045358687072185044,0.029097833386554056,False,0.03136576774016331,,135,2099,0.18474406942349508
ge15,age,B,0.95,40-49,BN,M1_lpm,0.20548522028087562,0.17136158531556686,0.17589745402278537,0.1736295196691761,0.0045358687072185044,0.02958776625809026,False,0.03185570061169951,,135,2099,0.18474406942349508
ge15,age,B,0.95,40-49,BN,bivariate,0.19143413727896497,0.17136158531556686,0.17589745402278537,0.1736295196691761,0.0045358687072185044,0.015536683256179601,False,0.017804617609788853,,135,2099,0.18474406942349508
ge15,age,B,0.95,40-49,PH,reconciled,0.34015530661149634,0.4090293240966552,0.41356519280387377,0.4112972584502645,0.00453586870721856,0.06887401748515887,False,-0.07114195183876815,0.02464066464300904,135,2099,0.18474406942349508
ge15,age,B,0.95,40-49,PH,M2_logit,0.34042467605516097,0.4090293240966552,0.41356519280387377,0.4112972584502645,0.00453586870721856,0.06860464804149424,False,-0.07087258239510352,,135,2099,0.18474406942349508
ge15,age,B,0.95,40-49,PH,M3_probit,0.34042438658657526,0.4090293240966552,0.41356519280387377,0.4112972584502645,0.00453586870721856,0.06860493751007996,False,-0.07087287186368924,,135,2099,0.18474406942349508
ge15,age,B,0.95,40-49,PH,M1_lpm,0.34023135183304976,0.4090293240966552,0.41356519280387377,0.4112972584502645,0.00453586870721856,0.06879797226360546,False,-0.07106590661721474,,135,2099,0.18474406942349508
ge15,age,B,0.95,40-49,PH,bivariate,0.3532472898455956,0.4090293240966552,0.41356519280387377,0.4112972584502645,0.00453586870721856,0.0557820342510596,False,-0.05804996860466888,,135,2099,0.18474406942349508
ge15,age,B,0.95,40-49,PN,reconciled,0.19053046551906294,0.15687036840679083,0.1612766408652317,0.15907350463601128,0.0044062724584408575,0.02925382465383125,False,0.031456960883051666,0.014965720064439495,135,2099,0.18474406942349508
ge15,age,B,0.95,40-49,PN,M2_logit,0.19038466711560006,0.15687036840679083,0.1612766408652317,0.15907350463601128,0.0044062724584408575,0.029108026250368374,False,0.03131116247958879,,135,2099,0.18474406942349508
ge15,age,B,0.95,40-49,PN,M3_probit,0.19038457029502398,0.15687036840679083,0.1612766408652317,0.15907350463601128,0.0044062724584408575,0.02910792942979229,False,0.031311065659012705,,135,2099,0.18474406942349508
ge15,age,B,0.95,40-49,PN,M1_lpm,0.18941241311482052,0.15687036840679083,0.1612766408652317,0.15907350463601128,0.0044062724584408575,0.028135772249588825,False,0.03033890847880924,,135,2099,0.18474406942349508
ge15,age,B,0.95,40-49,PN,bivariate,0.20549807692072153,0.15687036840679083,0.1612766408652317,0.15907350463601128,0.0044062724584408575,0.04422143605548984,False,0.04642457228471025,,135,2099,0.18474406942349508
ge15,age,B,0.95,50-59,turnout,reconciled,0.8054955350148867,0.7897880928355197,0.7998385469223007,0.7948133198789102,0.010050454086781069,0.005656988092585968,False,0.010682215135976447,0.005899351950377465,89,2099,0.1294920410088619
ge15,age,B,0.95,50-59,turnout,M2_logit,0.8058430901949866,0.7897880928355197,0.7998385469223007,0.7948133198789102,0.010050454086781069,0.006004543272685847,False,0.011029770316076326,,89,2099,0.1294920410088619
ge15,age,B,0.95,50-59,turnout,M3_probit,0.8058435686579808,0.7897880928355197,0.7998385469223007,0.7948133198789102,0.010050454086781069,0.006005021735680072,False,0.01103024877907055,,89,2099,0.1294920410088619
ge15,age,B,0.95,50-59,turnout,M1_lpm,0.8059876762332121,0.7897880928355197,0.7998385469223007,0.7948133198789102,0.010050454086781069,0.006149129310911383,False,0.011174356354301862,,89,2099,0.1294920410088619
ge15,age,B,0.95,50-59,turnout,bivariate,0.8398277099958394,0.7897880928355197,0.7998385469223007,0.7948133198789102,0.010050454086781069,0.039989163073538725,False,0.045014390116929204,,89,2099,0.1294920410088619
ge15,age,B,0.95,50-59,BN,reconciled,0.24447895318019774,0.16480322906155398,0.17485368314833502,0.16982845610494451,0.010050454086781041,0.06962527003186272,False,0.07465049707525323,0.013555713720887982,89,2099,0.1294920410088619
ge15,age,B,0.95,50-59,BN,M2_logit,0.24241994794618982,0.16480322906155398,0.17485368314833502,0.16982845610494451,0.010050454086781041,0.0675662647978548,False,0.0725914918412453,,89,2099,0.1294920410088619
ge15,age,B,0.95,50-59,BN,M3_probit,0.24241940262260858,0.16480322906155398,0.17485368314833502,0.16982845610494451,0.010050454086781041,0.06756571947427356,False,0.07259094651766407,,89,2099,0.1294920410088619
ge15,age,B,0.95,50-59,BN,M1_lpm,0.243554984095234,0.16480322906155398,0.17485368314833502,0.16982845610494451,0.010050454086781041,0.06870130094689897,False,0.07372652799028948,,89,2099,0.1294920410088619
ge15,age,B,0.95,50-59,BN,bivariate,0.2702124307474708,0.16480322906155398,0.17485368314833502,0.16982845610494451,0.010050454086781041,0.09535874759913579,False,0.1003839746425263,,89,2099,0.1294920410088619
ge15,age,B,0.95,50-59,PH,reconciled,0.3891440550712484,0.488335015136226,0.4983854692230071,0.49336024217961655,0.010050454086781069,0.09919096006497763,False,-0.10421618710836816,0.020238458673742164,89,2099,0.1294920410088619
ge15,age,B,0.95,50-59,PH,M2_logit,0.39096394771177473,0.488335015136226,0.4983854692230071,0.49336024217961655,0.010050454086781069,0.09737106742445129,False,-0.10239629446784182,,89,2099,0.1294920410088619
ge15,age,B,0.95,50-59,PH,M3_probit,0.39096376873892913,0.488335015136226,0.4983854692230071,0.49336024217961655,0.010050454086781069,0.09737124639729688,False,-0.10239647344068742,,89,2099,0.1294920410088619
ge15,age,B,0.95,50-59,PH,M1_lpm,0.3914461884547169,0.488335015136226,0.4983854692230071,0.49336024217961655,0.010050454086781069,0.09688882668150911,False,-0.10191405372489964,,89,2099,0.1294920410088619
ge15,age,B,0.95,50-59,PH,bivariate,0.41356989377180464,0.488335015136226,0.4983854692230071,0.49336024217961655,0.010050454086781069,0.07476512136442137,False,-0.0797903484078119,,89,2099,0.1294920410088619
ge15,age,B,0.95,50-59,PN,reconciled,0.16042543914726404,0.10752774974772956,0.11731584258324924,0.1124217961654894,0.00978809283551968,0.04310959656401479,False,0.04800364298177463,0.01098575791595563,89,2099,0.1294920410088619
ge15,age,B,0.95,50-59,PN,M2_logit,0.15932329387737357,0.10752774974772956,0.11731584258324924,0.1124217961654894,0.00978809283551968,0.04200745129412432,False,0.04690149771188416,,89,2099,0.1294920410088619
ge15,age,B,0.95,50-59,PN,M3_probit,0.15932185834609625,0.10752774974772956,0.11731584258324924,0.1124217961654894,0.00978809283551968,0.042006015762847,False,0.04690006218060684,,89,2099,0.1294920410088619
ge15,age,B,0.95,50-59,PN,M1_lpm,0.15953615250243888,0.10752774974772956,0.11731584258324924,0.1124217961654894,0.00978809283551968,0.04222030991918964,False,0.04711435633694948,,89,2099,0.1294920410088619
ge15,age,B,0.95,50-59,PN,bivariate,0.14276334947476235,0.10752774974772956,0.11731584258324924,0.1124217961654894,0.00978809283551968,0.025447506891513108,False,0.030341553309272948,,89,2099,0.1294920410088619
ge15,age,B,0.95,60-69,turnout,reconciled,0.8137502309362691,0.7862386601535241,0.7917655268667132,0.7890020935101186,0.005526866713189138,0.021984704069555883,False,0.02474813742615045,0.005760746229702256,83,2099,0.12641723155966927
ge15,age,B,0.95,60-69,turnout,M2_logit,0.8137513804776378,0.7862386601535241,0.7917655268667132,0.7890020935101186,0.005526866713189138,0.021985853610924644,False,0.024749286967519213,,83,2099,0.12641723155966927
ge15,age,B,0.95,60-69,turnout,M3_probit,0.8137535745596602,0.7862386601535241,0.7917655268667132,0.7890020935101186,0.005526866713189138,0.021988047692947044,False,0.024751481049541613,,83,2099,0.12641723155966927
ge15,age,B,0.95,60-69,turnout,M1_lpm,0.8149608648989759,0.7862386601535241,0.7917655268667132,0.7890020935101186,0.005526866713189138,0.023195338032262702,False,0.02595877138885727,,83,2099,0.12641723155966927
ge15,age,B,0.95,60-69,turnout,bivariate,0.7941998005191931,0.7862386601535241,0.7917655268667132,0.7890020935101186,0.005526866713189138,0.0024342736524799458,False,0.005197707009074515,,83,2099,0.12641723155966927
ge15,age,B,0.95,60-69,BN,reconciled,0.32125636237920796,0.22182833217027215,0.22735519888346126,0.22459176552686672,0.00552686671318911,0.0939011634957467,False,0.09666459685234124,0.02375412862270106,83,2099,0.12641723155966927
ge15,age,B,0.95,60-69,BN,M2_logit,0.32487323161597653,0.22182833217027215,0.22735519888346126,0.22459176552686672,0.00552686671318911,0.09751803273251528,False,0.10028146608910982,,83,2099,0.12641723155966927
ge15,age,B,0.95,60-69,BN,M3_probit,0.32487311378247724,0.22182833217027215,0.22735519888346126,0.22459176552686672,0.00552686671318911,0.09751791489901598,False,0.10028134825561053,,83,2099,0.12641723155966927
ge15,age,B,0.95,60-69,BN,M1_lpm,0.3221253881604391,0.22182833217027215,0.22735519888346126,0.22459176552686672,0.00552686671318911,0.09477018927697786,False,0.0975336226335724,,83,2099,0.12641723155966927
ge15,age,B,0.95,60-69,BN,bivariate,0.36533325292838303,0.22182833217027215,0.22735519888346126,0.22459176552686672,0.00552686671318911,0.13797805404492178,False,0.14074148740151632,,83,2099,0.12641723155966927
ge15,age,B,0.95,60-69,PH,reconciled,0.3628420977111598,0.4707885554780181,0.47631542219120726,0.4735519888346127,0.005526866713189138,0.10794645776685835,False,-0.11070989112345292,0.0251930015265502,83,2099,0.12641723155966927
ge15,age,B,0.95,60-69,PH,M2_logit,0.36243319863609896,0.4707885554780181,0.47631542219120726,0.4735519888346127,0.005526866713189138,0.10835535684191916,False,-0.11111879019851373,,83,2099,0.12641723155966927
ge15,age,B,0.95,60-69,PH,M3_probit,0.362433385581553,0.4707885554780181,0.47631542219120726,0.4735519888346127,0.005526866713189138,0.1083551698964651,False,-0.11111860325305967,,83,2099,0.12641723155966927
ge15,age,B,0.95,60-69,PH,M1_lpm,0.36241569188501815,0.4707885554780181,0.47631542219120726,0.4735519888346127,0.005526866713189138,0.10837286359299997,False,-0.11113629694959454,,83,2099,0.12641723155966927
ge15,age,B,0.95,60-69,PH,bivariate,0.358532470966176,0.4707885554780181,0.47631542219120726,0.4735519888346127,0.005526866713189138,0.1122560845118421,False,-0.11501951786843667,,83,2099,0.12641723155966927
ge15,age,B,0.95,60-69,PN,reconciled,0.11428306986246535,0.07003489183531053,0.07469644103279832,0.07236566643405443,0.004661549197487791,0.03958662882966703,False,0.041917403428410924,0.008683912890836325,83,2099,0.12641723155966927
ge15,age,B,0.95,60-69,PN,M2_logit,0.11497273805090193,0.07003489183531053,0.07469644103279832,0.07236566643405443,0.004661549197487791,0.040276297018103605,False,0.0426070716168475,,83,2099,0.12641723155966927
ge15,age,B,0.95,60-69,PN,M3_probit,0.11497546698414263,0.07003489183531053,0.07469644103279832,0.07236566643405443,0.004661549197487791,0.040279025951344305,False,0.0426098005500882,,83,2099,0.12641723155966927
ge15,age,B,0.95,60-69,PN,M1_lpm,0.11490930621619865,0.07003489183531053,0.07469644103279832,0.07236566643405443,0.004661549197487791,0.04021286518340032,False,0.04254363978214422,,83,2099,0.12641723155966927
ge15,age,B,0.95,60-69,PN,bivariate,0.04933347402345528,0.07003489183531053,0.07469644103279832,0.07236566643405443,0.004661549197487791,0.02070141781185525,False,-0.023032192410599145,,83,2099,0.12641723155966927
ge15,age,B,0.95,70+,turnout,reconciled,0.5869409974951614,0.5180998519714709,0.5396312743910645,0.5288655631812678,0.021531422419593604,0.04730972310409687,False,0.058075434313893615,0.013682731481907212,19,2099,0.037322016021697095
ge15,age,B,0.95,70+,turnout,M2_logit,0.5862282745417012,0.5180998519714709,0.5396312743910645,0.5288655631812678,0.021531422419593604,0.046597000150636725,False,0.05736271136043347,,19,2099,0.037322016021697095
ge15,age,B,0.95,70+,turnout,M3_probit,0.5862275019726337,0.5180998519714709,0.5396312743910645,0.5288655631812678,0.021531422419593604,0.04659622758156923,False,0.057361938791365974,,19,2099,0.037322016021697095
ge15,age,B,0.95,70+,turnout,M1_lpm,0.5851929476399891,0.5180998519714709,0.5396312743910645,0.5288655631812678,0.021531422419593604,0.04556167324892457,False,0.05632738445872132,,19,2099,0.037322016021697095
ge15,age,B,0.95,70+,turnout,bivariate,0.6169205123032073,0.5180998519714709,0.5396312743910645,0.5288655631812678,0.021531422419593604,0.07728923791214282,False,0.08805494912193956,,19,2099,0.037322016021697095
ge15,age,B,0.95,70+,BN,reconciled,0.2777180588881682,0.08827883192033374,0.10981025433992733,0.09904454313013053,0.02153142241959359,0.16790780454824086,False,0.17867351575803767,0.02278121303813588,19,2099,0.037322016021697095
ge15,age,B,0.95,70+,BN,M2_logit,0.2760640483300915,0.08827883192033374,0.10981025433992733,0.09904454313013053,0.02153142241959359,0.16625379399016418,False,0.17701950519996099,,19,2099,0.037322016021697095
ge15,age,B,0.95,70+,BN,M3_probit,0.27606268662712796,0.08827883192033374,0.10981025433992733,0.09904454313013053,0.02153142241959359,0.16625243228720063,False,0.17701814349699743,,19,2099,0.037322016021697095
ge15,age,B,0.95,70+,BN,M1_lpm,0.2760815599280865,0.08827883192033374,0.10981025433992733,0.09904454313013053,0.02153142241959359,0.16627130558815914,False,0.17703701679795594,,19,2099,0.037322016021697095
ge15,age,B,0.95,70+,BN,bivariate,0.3246504243095346,0.08827883192033374,0.10981025433992733,0.09904454313013053,0.02153142241959359,0.21484016996960728,False,0.22560588117940408,,19,2099,0.037322016021697095
ge15,age,B,0.95,70+,PH,reconciled,0.24578694514866906,0.37801103485399007,0.3995424572735836,0.38877674606378687,0.02153142241959355,0.132224089705321,False,-0.14298980091511782,0.01910463649646239,19,2099,0.037322016021697095
ge15,age,B,0.95,70+,PH,M2_logit,0.24440974922261624,0.37801103485399007,0.3995424572735836,0.38877674606378687,0.02153142241959355,0.13360128563137383,False,-0.14436699684117063,,19,2099,0.037322016021697095
ge15,age,B,0.95,70+,PH,M3_probit,0.244407869863416,0.37801103485399007,0.3995424572735836,0.38877674606378687,0.02153142241959355,0.13360316499057406,False,-0.14436887620037087,,19,2099,0.037322016021697095
ge15,age,B,0.95,70+,PH,M1_lpm,0.24342207775901362,0.37801103485399007,0.3995424572735836,0.38877674606378687,0.02153142241959355,0.13458895709497645,False,-0.14535466830477325,,19,2099,0.037322016021697095
ge15,age,B,0.95,70+,PH,bivariate,0.2565047284615457,0.37801103485399007,0.3995424572735836,0.38877674606378687,0.02153142241959355,0.12150630639244436,False,-0.13227201760224117,,19,2099,0.037322016021697095
ge15,age,B,0.95,70+,PN,reconciled,0.04346246268511374,0.006997712286367918,0.016148566814695196,0.011573139550531557,0.009150854528327278,0.02731389587041854,False,0.031889323134582176,0.005095170072617516,19,2099,0.037322016021697095
ge15,age,B,0.95,70+,PN,M2_logit,0.042802757946483944,0.006997712286367918,0.016148566814695196,0.011573139550531557,0.009150854528327278,0.026654191131788747,False,0.031229618395952386,,19,2099,0.037322016021697095
ge15,age,B,0.95,70+,PN,M3_probit,0.042791701471977715,0.006997712286367918,0.016148566814695196,0.011573139550531557,0.009150854528327278,0.02664313465728252,False,0.031218561921446158,,19,2099,0.037322016021697095
ge15,age,B,0.95,70+,PN,M1_lpm,0.04590862008087726,0.006997712286367918,0.016148566814695196,0.011573139550531557,0.009150854528327278,0.029760053266182064,False,0.0343354805303457,,19,2099,0.037322016021697095
ge15,age,B,0.95,70+,PN,bivariate,0.012938742023777844,0.006997712286367918,0.016148566814695196,0.011573139550531557,0.009150854528327278,0.0,True,0.0013656024732462864,,19,2099,0.037322016021697095
ge15,age,A,0.99,18-29,turnout,reconciled,0.7411284778667195,0.7405821766700704,0.7406199967222622,0.7406010866961663,3.7820052191772646e-05,0.00050848114445734,False,0.0005273911705532264,0.006677683544164784,570,3713,0.5564917371258274
ge15,age,A,0.99,18-29,turnout,M2_logit,0.7429495926568233,0.7405821766700704,0.7406199967222622,0.7406010866961663,3.7820052191772646e-05,0.0023295959345610573,False,0.0023485059606569436,,570,3713,0.5564917371258274
ge15,age,A,0.99,18-29,turnout,M3_probit,0.7429501722595775,0.7405821766700704,0.7406199967222622,0.7406010866961663,3.7820052191772646e-05,0.0023301755373152933,False,0.0023490855634111796,,570,3713,0.5564917371258274
ge15,age,A,0.99,18-29,turnout,M1_lpm,0.7429790095294204,0.7405821766700704,0.7406199967222622,0.7406010866961663,3.7820052191772646e-05,0.002359012807158223,False,0.002377922833254109,,570,3713,0.5564917371258274
ge15,age,A,0.99,18-29,turnout,bivariate,0.7211363043135832,0.7405821766700704,0.7406199967222622,0.7406010866961663,3.7820052191772646e-05,0.019445872356487204,False,-0.01946478238258309,,570,3713,0.5564917371258274
ge15,age,A,0.99,18-29,BN,reconciled,0.22215201609747595,0.15649937596913885,0.1565371960213305,0.15651828599523468,3.7820052191661624e-05,0.06561482007614544,False,0.06563373010224127,0.01396580742976558,570,3713,0.5564917371258274
ge15,age,A,0.99,18-29,BN,M2_logit,0.22502681735570995,0.15649937596913885,0.1565371960213305,0.15651828599523468,3.7820052191661624e-05,0.06848962133437944,False,0.06850853136047527,,570,3713,0.5564917371258274
ge15,age,A,0.99,18-29,BN,M3_probit,0.22502640359722903,0.15649937596913885,0.1565371960213305,0.15651828599523468,3.7820052191661624e-05,0.06848920757589852,False,0.06850811760199435,,570,3713,0.5564917371258274
ge15,age,A,0.99,18-29,BN,M1_lpm,0.22545021451688796,0.15649937596913885,0.1565371960213305,0.15651828599523468,3.7820052191661624e-05,0.06891301849555745,False,0.06893192852165328,,570,3713,0.5564917371258274
ge15,age,A,0.99,18-29,BN,bivariate,0.19804917896660046,0.15649937596913885,0.1565371960213305,0.15651828599523468,3.7820052191661624e-05,0.04151198294526995,False,0.04153089297136578,,570,3713,0.5564917371258274
ge15,age,A,0.99,18-29,PH,reconciled,0.23594490992960984,0.33506297038689914,0.3351007904390908,0.33508188041299497,3.7820052191661624e-05,0.0991180604572893,False,-0.09913697048338513,0.017258637356902234,570,3713,0.5564917371258274
ge15,age,A,0.99,18-29,PH,M2_logit,0.2302815230565548,0.33506297038689914,0.3351007904390908,0.33508188041299497,3.7820052191661624e-05,0.10478144733034434,False,-0.10480035735644017,,570,3713,0.5564917371258274
ge15,age,A,0.99,18-29,PH,M3_probit,0.23028110730867374,0.33506297038689914,0.3351007904390908,0.33508188041299497,3.7820052191661624e-05,0.1047818630782254,False,-0.10480077310432123,,570,3713,0.5564917371258274
ge15,age,A,0.99,18-29,PH,M1_lpm,0.2306978431190988,0.33506297038689914,0.3351007904390908,0.33508188041299497,3.7820052191661624e-05,0.10436512726780034,False,-0.10438403729389617,,570,3713,0.5564917371258274
ge15,age,A,0.99,18-29,PH,bivariate,0.2118918894405364,0.33506297038689914,0.3351007904390908,0.33508188041299497,3.7820052191661624e-05,0.12317108094636273,False,-0.12318999097245856,,570,3713,0.5564917371258274
ge15,age,A,0.99,18-29,PN,reconciled,0.2774760250484962,0.24385108984783732,0.24388890990002898,0.24386999987393315,3.7820052191661624e-05,0.03358711514846724,False,0.03360602517456307,0.015804554146674105,570,3713,0.5564917371258274
ge15,age,A,0.99,18-29,PN,M2_logit,0.28123705526675247,0.24385108984783732,0.24388890990002898,0.24386999987393315,3.7820052191661624e-05,0.037348145366723484,False,0.037367055392819315,,570,3713,0.5564917371258274
ge15,age,A,0.99,18-29,PN,M3_probit,0.2812373270275097,0.24385108984783732,0.24388890990002898,0.24386999987393315,3.7820052191661624e-05,0.037348417127480715,False,0.037367327153576546,,570,3713,0.5564917371258274
ge15,age,A,0.99,18-29,PN,M1_lpm,0.2813089336145889,0.24385108984783732,0.24388890990002898,0.24386999987393315,3.7820052191661624e-05,0.037420023714559936,False,0.037438933740655767,,570,3713,0.5564917371258274
ge15,age,A,0.99,18-29,PN,bivariate,0.30805180956849,0.24385108984783732,0.24388890990002898,0.24386999987393315,3.7820052191661624e-05,0.064162899668461,False,0.06418180969455684,,570,3713,0.5564917371258274
ge15,age,A,0.99,30-39,turnout,reconciled,0.6990195375287042,0.6998818141527552,0.7002603781947112,0.7000710961737332,0.0003785640419560199,0.0008622766240510282,False,-0.0010515586450290382,0.0052358608435189805,162,3713,0.1946954198830073
ge15,age,A,0.99,30-39,turnout,M2_logit,0.6975157004626108,0.6998818141527552,0.7002603781947112,0.7000710961737332,0.0003785640419560199,0.002366113690144389,False,-0.002555395711122399,,162,3713,0.1946954198830073
ge15,age,A,0.99,30-39,turnout,M3_probit,0.6975156354911695,0.6998818141527552,0.7002603781947112,0.7000710961737332,0.0003785640419560199,0.002366178661585727,False,-0.002555460682563737,,162,3713,0.1946954198830073
ge15,age,A,0.99,30-39,turnout,M1_lpm,0.6975947270738271,0.6998818141527552,0.7002603781947112,0.7000710961737332,0.0003785640419560199,0.0022870870789281073,False,-0.002476369099906117,,162,3713,0.1946954198830073
ge15,age,A,0.99,30-39,turnout,bivariate,0.694945539351298,0.6998818141527552,0.7002603781947112,0.7000710961737332,0.0003785640419560199,0.004936274801457197,False,-0.005125556822435207,,162,3713,0.1946954198830073
ge15,age,A,0.99,30-39,BN,reconciled,0.18915547841205899,0.19015918156300782,0.1905377456049638,0.19034846358398583,0.00037856404195599214,0.0010037031509488314,False,-0.0011929851719268414,0.011107482029131433,162,3713,0.1946954198830073
ge15,age,A,0.99,30-39,BN,M2_logit,0.1880198773199899,0.19015918156300782,0.1905377456049638,0.19034846358398583,0.00037856404195599214,0.00213930424301792,False,-0.00232858626399593,,162,3713,0.1946954198830073
ge15,age,A,0.99,30-39,BN,M3_probit,0.18801949358792486,0.19015918156300782,0.1905377456049638,0.19034846358398583,0.00037856404195599214,0.00213968797508296,False,-0.00232896999606097,,162,3713,0.1946954198830073
ge15,age,A,0.99,30-39,BN,M1_lpm,0.18862375110980278,0.19015918156300782,0.1905377456049638,0.19034846358398583,0.00037856404195599214,0.0015354304532050334,False,-0.0017247124741830433,,162,3713,0.1946954198830073
ge15,age,A,0.99,30-39,BN,bivariate,0.16317474517086783,0.19015918156300782,0.1905377456049638,0.19034846358398583,0.00037856404195599214,0.026984436392139988,False,-0.027173718413117998,,162,3713,0.1946954198830073
ge15,age,A,0.99,30-39,PH,reconciled,0.279852643022492,0.2869977101492096,0.2873762741911656,0.2871869921701876,0.0003785640419560199,0.007145067126717586,False,-0.007334349147695596,0.019872613529921847,162,3713,0.1946954198830073
ge15,age,A,0.99,30-39,PH,M2_logit,0.2824626838081655,0.2869977101492096,0.2873762741911656,0.2871869921701876,0.0003785640419560199,0.004535026341044079,False,-0.004724308362022089,,162,3713,0.1946954198830073
ge15,age,A,0.99,30-39,PH,M3_probit,0.2824625346725713,0.2869977101492096,0.2873762741911656,0.2871869921701876,0.0003785640419560199,0.004535175476638287,False,-0.004724457497616297,,162,3713,0.1946954198830073
ge15,age,A,0.99,30-39,PH,M1_lpm,0.28120287773774205,0.2869977101492096,0.2873762741911656,0.2871869921701876,0.0003785640419560199,0.005794832411467554,False,-0.005984114432445564,,162,3713,0.1946954198830073
ge15,age,A,0.99,30-39,PH,bivariate,0.2485945063360489,0.2869977101492096,0.2873762741911656,0.2871869921701876,0.0003785640419560199,0.0384032038131607,False,-0.03859248583413871,,162,3713,0.1946954198830073
ge15,age,A,0.99,30-39,PN,reconciled,0.22417364139845206,0.2168248633476141,0.2172034273895701,0.2170141453685921,0.00037856404195599214,0.006970214008881953,False,0.007159496029859963,0.013257060333142572,162,3713,0.1946954198830073
ge15,age,A,0.99,30-39,PN,M2_logit,0.22288739195695478,0.2168248633476141,0.2172034273895701,0.2170141453685921,0.00037856404195599214,0.005683964567384681,False,0.0058732465883626905,,162,3713,0.1946954198830073
ge15,age,A,0.99,30-39,PN,M3_probit,0.22288694919659202,0.2168248633476141,0.2172034273895701,0.2170141453685921,0.00037856404195599214,0.0056835218070219184,False,0.005872803827999928,,162,3713,0.1946954198830073
ge15,age,A,0.99,30-39,PN,M1_lpm,0.22179228068032503,0.2168248633476141,0.2172034273895701,0.2170141453685921,0.00037856404195599214,0.004588853290754924,False,0.004778135311732934,,162,3713,0.1946954198830073
ge15,age,A,0.99,30-39,PN,bivariate,0.2807462981974459,0.2168248633476141,0.2172034273895701,0.2170141453685921,0.00037856404195599214,0.0635428708078758,False,0.0637321528288538,,162,3713,0.1946954198830073
ge15,age,A,0.99,40-49,turnout,reconciled,0.7491901378631403,0.7538708394475911,0.7541314096849843,0.7540011245662877,0.0002605702373931207,0.004680701584450886,False,-0.004810986703147391,0.0066915544958392244,115,3713,0.15870808221295007
ge15,age,A,0.99,40-49,turnout,M2_logit,0.7492759324947039,0.7538708394475911,0.7541314096849843,0.7540011245662877,0.0002605702373931207,0.004594906952887223,False,-0.004725192071583728,,115,3713,0.15870808221295007
ge15,age,A,0.99,40-49,turnout,M3_probit,0.749276281505115,0.7538708394475911,0.7541314096849843,0.7540011245662877,0.0002605702373931207,0.004594557942476096,False,-0.004724843061172601,,115,3713,0.15870808221295007
ge15,age,A,0.99,40-49,turnout,M1_lpm,0.7490881903781128,0.7538708394475911,0.7541314096849843,0.7540011245662877,0.0002605702373931207,0.00478264906947834,False,-0.0049129341881748445,,115,3713,0.15870808221295007
ge15,age,A,0.99,40-49,turnout,bivariate,0.7622581821933266,0.7538708394475911,0.7541314096849843,0.7540011245662877,0.0002605702373931207,0.008126772508342373,False,0.008257057627038988,,115,3713,0.15870808221295007
ge15,age,A,0.99,40-49,BN,reconciled,0.22280099558551988,0.17148264465076732,0.17174321488816052,0.1716129297694639,0.00026057023739320395,0.05105778069735936,False,0.05118806581605598,0.015084847107130088,115,3713,0.15870808221295007
ge15,age,A,0.99,40-49,BN,M2_logit,0.22301702318965977,0.17148264465076732,0.17174321488816052,0.1716129297694639,0.00026057023739320395,0.051273808301499246,False,0.05140409342019586,,115,3713,0.15870808221295007
ge15,age,A,0.99,40-49,BN,M3_probit,0.22301673786178677,0.17148264465076732,0.17174321488816052,0.1716129297694639,0.00026057023739320395,0.05127352297362625,False,0.05140380809232287,,115,3713,0.15870808221295007
ge15,age,A,0.99,40-49,BN,M1_lpm,0.22349282635053058,0.17148264465076732,0.17174321488816052,0.1716129297694639,0.00026057023739320395,0.05174961146237006,False,0.051879896581066676,,115,3713,0.15870808221295007
ge15,age,A,0.99,40-49,BN,bivariate,0.20746711201234658,0.17148264465076732,0.17174321488816052,0.1716129297694639,0.00026057023739320395,0.035723897124186055,False,0.03585418224288267,,115,3713,0.15870808221295007
ge15,age,A,0.99,40-49,PH,reconciled,0.3144754302171208,0.419147798181494,0.41940836841888723,0.4192780833001906,0.0002605702373932317,0.10467236796437318,False,-0.1048026530830698,0.022474567349845573,115,3713,0.15870808221295007
ge15,age,A,0.99,40-49,PH,M2_logit,0.3139810546483076,0.419147798181494,0.41940836841888723,0.4192780833001906,0.0002605702373932317,0.10516674353318639,False,-0.105297028651883,,115,3713,0.15870808221295007
ge15,age,A,0.99,40-49,PH,M3_probit,0.31398072016609707,0.419147798181494,0.41940836841888723,0.4192780833001906,0.0002605702373932317,0.10516707801539693,False,-0.10529736313409355,,115,3713,0.15870808221295007
ge15,age,A,0.99,40-49,PH,M1_lpm,0.31431968963262397,0.419147798181494,0.41940836841888723,0.4192780833001906,0.0002605702373932317,0.10482810854887004,False,-0.10495839366756665,,115,3713,0.15870808221295007
ge15,age,A,0.99,40-49,PH,bivariate,0.33474053335807763,0.419147798181494,0.41940836841888723,0.4192780833001906,0.0002605702373932317,0.08440726482341637,False,-0.08453754994211299,,115,3713,0.15870808221295007
ge15,age,A,0.99,40-49,PN,reconciled,0.20332024775976662,0.15673985490352044,0.15700042514091364,0.15687014002221705,0.00026057023739320395,0.04631982261885298,False,0.04645010773754957,0.014501873766887703,115,3713,0.15870808221295007
ge15,age,A,0.99,40-49,PN,M2_logit,0.20339947173228748,0.15673985490352044,0.15700042514091364,0.15687014002221705,0.00026057023739320395,0.04639904659137384,False,0.046529331710070426,,115,3713,0.15870808221295007
ge15,age,A,0.99,40-49,PN,M3_probit,0.20339924320162878,0.15673985490352044,0.15700042514091364,0.15687014002221705,0.00026057023739320395,0.046398818060715136,False,0.046529103179411724,,115,3713,0.15870808221295007
ge15,age,A,0.99,40-49,PN,M1_lpm,0.2027555029573396,0.15673985490352044,0.15700042514091364,0.15687014002221705,0.00026057023739320395,0.04575507781642596,False,0.04588536293512255,,115,3713,0.15870808221295007
ge15,age,A,0.99,40-49,PN,bivariate,0.2128797339777795,0.15673985490352044,0.15700042514091364,0.15687014002221705,0.00026057023739320395,0.05587930883686587,False,0.05600959395556246,,115,3713,0.15870808221295007
ge15,age,A,0.99,50-59,turnout,reconciled,0.8037303508191538,0.7901005593068073,0.7902744370707393,0.7901874981887733,0.0001738777639319622,0.013455913748414483,False,0.013542852630380464,0.00567717163543035,61,3713,0.09017925043577796
ge15,age,A,0.99,50-59,turnout,M2_logit,0.8040750383506693,0.7901005593068073,0.7902744370707393,0.7901874981887733,0.0001738777639319622,0.013800601279929992,False,0.013887540161895973,,61,3713,0.09017925043577796
ge15,age,A,0.99,50-59,turnout,M3_probit,0.8040753210026637,0.7901005593068073,0.7902744370707393,0.7901874981887733,0.0001738777639319622,0.013800883931924357,False,0.013887822813890338,,61,3713,0.09017925043577796
ge15,age,A,0.99,50-59,turnout,M1_lpm,0.8041784124154849,0.7901005593068073,0.7902744370707393,0.7901874981887733,0.0001738777639319622,0.013903975344745634,False,0.013990914226711615,,61,3713,0.09017925043577796
ge15,age,A,0.99,50-59,turnout,bivariate,0.8343867608529596,0.7901005593068073,0.7902744370707393,0.7901874981887733,0.0001738777639319622,0.0441123237822203,False,0.04419926266418628,,61,3713,0.09017925043577796
ge15,age,A,0.99,50-59,BN,reconciled,0.26183533150446314,0.15530182281855856,0.15547570058249052,0.15538876170052454,0.0001738777639319622,0.10635963092197262,False,0.1064465698039386,0.012968751429370642,61,3713,0.09017925043577796
ge15,age,A,0.99,50-59,BN,M2_logit,0.2598672279163316,0.15530182281855856,0.15547570058249052,0.15538876170052454,0.0001738777639319622,0.10439152733384108,False,0.10447846621580706,,61,3713,0.09017925043577796
ge15,age,A,0.99,50-59,BN,M3_probit,0.2598668431545429,0.15530182281855856,0.15547570058249052,0.15538876170052454,0.0001738777639319622,0.10439114257205237,False,0.10447808145401835,,61,3713,0.09017925043577796
ge15,age,A,0.99,50-59,BN,M1_lpm,0.26067844681478797,0.15530182281855856,0.15547570058249052,0.15538876170052454,0.0001738777639319622,0.10520274623229744,False,0.10528968511426343,,61,3713,0.09017925043577796
ge15,age,A,0.99,50-59,BN,bivariate,0.2863268632364078,0.15530182281855856,0.15547570058249052,0.15538876170052454,0.0001738777639319622,0.1308511626539173,False,0.13093810153588328,,61,3713,0.09017925043577796
ge15,age,A,0.99,50-59,PH,reconciled,0.3647898308604781,0.5173732865795346,0.5175471643434666,0.5174602254615006,0.0001738777639319622,0.15258345571905652,False,-0.1526703946010225,0.01925744966378063,61,3713,0.09017925043577796
ge15,age,A,0.99,50-59,PH,M2_logit,0.36728056372409695,0.5173732865795346,0.5175471643434666,0.5174602254615006,0.0001738777639319622,0.15009272285543768,False,-0.15017966173740366,,61,3713,0.09017925043577796
ge15,age,A,0.99,50-59,PH,M3_probit,0.36728078479883475,0.5173732865795346,0.5175471643434666,0.5174602254615006,0.0001738777639319622,0.15009250178069988,False,-0.15017944066266586,,61,3713,0.09017925043577796
ge15,age,A,0.99,50-59,PH,M1_lpm,0.36816323896335784,0.5173732865795346,0.5175471643434666,0.5174602254615006,0.0001738777639319622,0.1492100476161768,False,-0.14929698649814277,,61,3713,0.09017925043577796
ge15,age,A,0.99,50-59,PH,bivariate,0.4000848179307166,0.5173732865795346,0.5175471643434666,0.5174602254615006,0.0001738777639319622,0.11728846864881803,False,-0.11737540753078402,,61,3713,0.09017925043577796
ge15,age,A,0.99,50-59,PN,reconciled,0.16560409598714787,0.10829686730228649,0.10847074506621845,0.10838380618425247,0.0001738777639319622,0.057133350920929415,False,0.0572202898028954,0.011282099609262044,61,3713,0.09017925043577796
ge15,age,A,0.99,50-59,PN,M2_logit,0.1641339135115886,0.10829686730228649,0.10847074506621845,0.10838380618425247,0.0001738777639319622,0.05566316844537014,False,0.055750107327336124,,61,3713,0.09017925043577796
ge15,age,A,0.99,50-59,PN,M3_probit,0.16413295513814857,0.10829686730228649,0.10847074506621845,0.10838380618425247,0.0001738777639319622,0.05566221007193012,False,0.0557491489538961,,61,3713,0.09017925043577796
ge15,age,A,0.99,50-59,PN,M1_lpm,0.16384719426558836,0.10829686730228649,0.10847074506621845,0.10838380618425247,0.0001738777639319622,0.055376449199369904,False,0.055463388081335885,,61,3713,0.09017925043577796
ge15,age,A,0.99,50-59,PN,bivariate,0.1345994057233324,0.10829686730228649,0.10847074506621845,0.10838380618425247,0.0001738777639319622,0.026128660657113945,False,0.026215599539079926,,61,3713,0.09017925043577796
ge15,age,A,0.99,60-69,turnout,reconciled,0.8117537945334078,0.7855758441293481,0.7858818728960523,0.7857288585127002,0.00030602876670415835,0.02587192163735552,False,0.026024936020707545,0.004519648499424073,68,3713,0.10377681403875266
ge15,age,A,0.99,60-69,turnout,M2_logit,0.810891214418436,0.7855758441293481,0.7858818728960523,0.7857288585127002,0.00030602876670415835,0.025009341522383766,False,0.02516235590573579,,68,3713,0.10377681403875266
ge15,age,A,0.99,60-69,turnout,M3_probit,0.8108926631036509,0.7855758441293481,0.7858818728960523,0.7857288585127002,0.00030602876670415835,0.025010790207598665,False,0.02516380459095069,,68,3713,0.10377681403875266
ge15,age,A,0.99,60-69,turnout,M1_lpm,0.8138747480617359,0.7855758441293481,0.7858818728960523,0.7857288585127002,0.00030602876670415835,0.027992875165683606,False,0.02814588954903563,,68,3713,0.10377681403875266
ge15,age,A,0.99,60-69,turnout,bivariate,0.7760152261282475,0.7855758441293481,0.7858818728960523,0.7857288585127002,0.00030602876670415835,0.00956061800110064,False,-0.009713632384452775,,68,3713,0.10377681403875266
ge15,age,A,0.99,60-69,BN,reconciled,0.3291765954327032,0.2278554184093305,0.22816144717603454,0.2280084327926825,0.00030602876670404733,0.10101514825666869,False,0.10116816264002071,0.020109839429462543,68,3713,0.10377681403875266
ge15,age,A,0.99,60-69,BN,M2_logit,0.33444602707480003,0.2278554184093305,0.22816144717603454,0.2280084327926825,0.00030602876670404733,0.1062845798987655,False,0.10643759428211752,,68,3713,0.10377681403875266
ge15,age,A,0.99,60-69,BN,M3_probit,0.3344462025042675,0.2278554184093305,0.22816144717603454,0.2280084327926825,0.00030602876670404733,0.10628475532823295,False,0.10643776971158497,,68,3713,0.10377681403875266
ge15,age,A,0.99,60-69,BN,M1_lpm,0.32956227932617616,0.2278554184093305,0.22816144717603454,0.2280084327926825,0.00030602876670404733,0.10140083215014162,False,0.10155384653349364,,68,3713,0.10377681403875266
ge15,age,A,0.99,60-69,BN,bivariate,0.3606038062172179,0.2278554184093305,0.22816144717603454,0.2280084327926825,0.00030602876670404733,0.13244235904118334,False,0.13259537342453537,,68,3713,0.10377681403875266
ge15,age,A,0.99,60-69,PH,reconciled,0.353809337139636,0.4696181441055459,0.46992417287224997,0.46977115848889794,0.00030602876670404733,0.1158088069659099,False,-0.11596182134926192,0.021001881238350565,68,3713,0.10377681403875266
ge15,age,A,0.99,60-69,PH,M2_logit,0.35565024377321197,0.4696181441055459,0.46992417287224997,0.46977115848889794,0.00030602876670404733,0.11396790033233395,False,-0.11412091471568597,,68,3713,0.10377681403875266
ge15,age,A,0.99,60-69,PH,M3_probit,0.35564990774487176,0.4696181441055459,0.46992417287224997,0.46977115848889794,0.00030602876670404733,0.11396823636067416,False,-0.11412125074402618,,68,3713,0.10377681403875266
ge15,age,A,0.99,60-69,PH,M1_lpm,0.3592688251243774,0.4696181441055459,0.46992417287224997,0.46977115848889794,0.00030602876670404733,0.11034931898116851,False,-0.11050233336452053,,68,3713,0.10377681403875266
ge15,age,A,0.99,60-69,PH,bivariate,0.3697359207745536,0.4696181441055459,0.46992417287224997,0.46977115848889794,0.00030602876670404733,0.09988222333099234,False,-0.10003523771434436,,68,3713,0.10377681403875266
ge15,age,A,0.99,60-69,PN,reconciled,0.11398326935218969,0.07331089122377503,0.0736169199904791,0.07346390560712707,0.0003060287667040751,0.04036634936171059,False,0.040519363745062625,0.009294715563030215,68,3713,0.10377681403875266
ge15,age,A,0.99,60-69,PN,M2_logit,0.11429443039984621,0.07331089122377503,0.0736169199904791,0.07346390560712707,0.0003060287667040751,0.04067751040936711,False,0.04083052479271915,,68,3713,0.10377681403875266
ge15,age,A,0.99,60-69,PN,M3_probit,0.11429768193249357,0.07331089122377503,0.0736169199904791,0.07346390560712707,0.0003060287667040751,0.04068076194201446,False,0.0408337763253665,,68,3713,0.10377681403875266
ge15,age,A,0.99,60-69,PN,M1_lpm,0.10995811093191087,0.07331089122377503,0.0736169199904791,0.07346390560712707,0.0003060287667040751,0.03634119094143176,False,0.0364942053247838,,68,3713,0.10377681403875266
ge15,age,A,0.99,60-69,PN,bivariate,0.024411016283265502,0.07331089122377503,0.0736169199904791,0.07346390560712707,0.0003060287667040751,0.04889987494050953,False,-0.049052889323861565,,68,3713,0.10377681403875266
ge15,age,A,0.9,18-29,turnout,reconciled,0.7395761153057682,0.7391463529045648,0.744427587816548,0.7417869703605564,0.00528123491198329,0.0,True,-0.002210855054788241,0.007515136988921312,636,3380,0.6131827148922557
ge15,age,A,0.9,18-29,turnout,M2_logit,0.7422258099906501,0.7391463529045648,0.744427587816548,0.7417869703605564,0.00528123491198329,0.0,True,0.0004388396300937236,,636,3380,0.6131827148922557
ge15,age,A,0.9,18-29,turnout,M3_probit,0.7422265367886822,0.7391463529045648,0.744427587816548,0.7417869703605564,0.00528123491198329,0.0,True,0.0004395664281258149,,636,3380,0.6131827148922557
ge15,age,A,0.9,18-29,turnout,M1_lpm,0.7421423772291537,0.7391463529045648,0.744427587816548,0.7417869703605564,0.00528123491198329,0.0,True,0.00035540686859725223,,636,3380,0.6131827148922557
ge15,age,A,0.9,18-29,turnout,bivariate,0.7151394563025382,0.7391463529045648,0.744427587816548,0.7417869703605564,0.00528123491198329,0.024006896602026595,False,-0.02664751405801824,,636,3380,0.6131827148922557
ge15,age,A,0.9,18-29,BN,reconciled,0.22288146562278766,0.15749429658664726,0.16270688459769483,0.16010059059217105,0.00521258801104757,0.06017458102509282,False,0.0627808750306166,0.014955561325756607,636,3380,0.6131827148922557
ge15,age,A,0.9,18-29,BN,M2_logit,0.22543698221008773,0.15749429658664726,0.16270688459769483,0.16010059059217105,0.00521258801104757,0.0627300976123929,False,0.06533639161791668,,636,3380,0.6131827148922557
ge15,age,A,0.9,18-29,BN,M3_probit,0.22543639278118832,0.15749429658664726,0.16270688459769483,0.16010059059217105,0.00521258801104757,0.06272950818349349,False,0.06533580218901727,,636,3380,0.6131827148922557
ge15,age,A,0.9,18-29,BN,M1_lpm,0.22628265820064533,0.15749429658664726,0.16270688459769483,0.16010059059217105,0.00521258801104757,0.0635757736029505,False,0.06618206760847428,,636,3380,0.6131827148922557
ge15,age,A,0.9,18-29,BN,bivariate,0.1911371729699089,0.15749429658664726,0.16270688459769483,0.16010059059217105,0.00521258801104757,0.028430288372214063,False,0.031036582377737848,,636,3380,0.6131827148922557
ge15,age,A,0.9,18-29,PH,reconciled,0.23348543980079353,0.32395159020546016,0.3290474784849171,0.32649953434518864,0.0050958882794569504,0.09046615040466663,False,-0.0930140945443951,0.019532940510718372,636,3380,0.6131827148922557
ge15,age,A,0.9,18-29,PH,M2_logit,0.22687006271233856,0.32395159020546016,0.3290474784849171,0.32649953434518864,0.0050958882794569504,0.0970815274931216,False,-0.09962947163285008,,636,3380,0.6131827148922557
ge15,age,A,0.9,18-29,PH,M3_probit,0.22686932276295096,0.32395159020546016,0.3290474784849171,0.32649953434518864,0.0050958882794569504,0.0970822674425092,False,-0.09963021158223767,,636,3380,0.6131827148922557
ge15,age,A,0.9,18-29,PH,M1_lpm,0.22823260487273178,0.32395159020546016,0.3290474784849171,0.32649953434518864,0.0050958882794569504,0.09571898533272838,False,-0.09826692947245685,,636,3380,0.6131827148922557
ge15,age,A,0.9,18-29,PH,bivariate,0.20623888435805912,0.32395159020546016,0.3290474784849171,0.32649953434518864,0.0050958882794569504,0.11771270584740104,False,-0.12026064998712951,,636,3380,0.6131827148922557
ge15,age,A,0.9,18-29,PN,reconciled,0.2776267203038662,0.24231440738274537,0.24748580725323155,0.24490010731798845,0.005171399870486176,0.030140913050634655,False,0.03272661298587776,0.019069956680536636,636,3380,0.6131827148922557
ge15,age,A,0.9,18-29,PN,M2_logit,0.2812709534981797,0.24231440738274537,0.24748580725323155,0.24490010731798845,0.005171399870486176,0.03378514624494816,False,0.03637084618019126,,636,3380,0.6131827148922557
ge15,age,A,0.9,18-29,PN,M3_probit,0.2812711656808518,0.24231440738274537,0.24748580725323155,0.24490010731798845,0.005171399870486176,0.03378535842762026,False,0.03637105836286336,,636,3380,0.6131827148922557
ge15,age,A,0.9,18-29,PN,M1_lpm,0.2821690681029902,0.24231440738274537,0.24748580725323155,0.24490010731798845,0.005171399870486176,0.034683260849758646,False,0.03726896078500175,,636,3380,0.6131827148922557
ge15,age,A,0.9,18-29,PN,bivariate,0.315391564521409,0.24231440738274537,0.24748580725323155,0.24490010731798845,0.005171399870486176,0.06790575726817744,False,0.07049145720342054,,636,3380,0.6131827148922557
ge15,age,A,0.9,30-39,turnout,reconciled,0.7008066967528831,0.6930383613621017,0.7119264285025242,0.7024823949323129,0.01888806714042246,0.0,True,-0.0016756981794298076,0.004751100944347702,238,3380,0.2795295124345197
ge15,age,A,0.9,30-39,turnout,M2_logit,0.6987412904629439,0.6930383613621017,0.7119264285025242,0.7024823949323129,0.01888806714042246,0.0,True,-0.0037411044693690387,,238,3380,0.2795295124345197
ge15,age,A,0.9,30-39,turnout,M3_probit,0.6987411595637367,0.6930383613621017,0.7119264285025242,0.7024823949323129,0.01888806714042246,0.0,True,-0.003741235368576179,,238,3380,0.2795295124345197
ge15,age,A,0.9,30-39,turnout,M1_lpm,0.6989333572459173,0.6930383613621017,0.7119264285025242,0.7024823949323129,0.01888806714042246,0.0,True,-0.003549037686395584,,238,3380,0.2795295124345197
ge15,age,A,0.9,30-39,turnout,bivariate,0.6935296410254166,0.6930383613621017,0.7119264285025242,0.7024823949323129,0.01888806714042246,0.0,True,-0.008952753906896316,,238,3380,0.2795295124345197
ge15,age,A,0.9,30-39,BN,reconciled,0.19204132494320744,0.16949098041737676,0.1877488022122898,0.17861989131483327,0.01825782179491303,0.004292522730917653,False,0.013421433628374169,0.012974109017051712,238,3380,0.2795295124345197
ge15,age,A,0.9,30-39,BN,M2_logit,0.19113899357987632,0.16949098041737676,0.1877488022122898,0.17861989131483327,0.01825782179491303,0.0033901913675865314,False,0.012519102265043047,,238,3380,0.2795295124345197
ge15,age,A,0.9,30-39,BN,M3_probit,0.19113882262215887,0.16949098041737676,0.1877488022122898,0.17861989131483327,0.01825782179491303,0.0033900204098690767,False,0.012518931307325593,,238,3380,0.2795295124345197
ge15,age,A,0.9,30-39,BN,M1_lpm,0.19130348877125455,0.16949098041737676,0.1877488022122898,0.17861989131483327,0.01825782179491303,0.0035546865589647647,False,0.01268359745642128,,238,3380,0.2795295124345197
ge15,age,A,0.9,30-39,BN,bivariate,0.1561258792703939,0.16949098041737676,0.1877488022122898,0.17861989131483327,0.01825782179491303,0.01336510114698286,False,-0.022494012044439377,,238,3380,0.2795295124345197
ge15,age,A,0.9,30-39,PH,reconciled,0.27633772845780924,0.2828451075597286,0.30084568635647446,0.2918453969581015,0.01800057879674588,0.006507379101919342,False,-0.015507668500292282,0.020576544263709987,238,3380,0.2795295124345197
ge15,age,A,0.9,30-39,PH,M2_logit,0.27959464693899105,0.2828451075597286,0.30084568635647446,0.2918453969581015,0.01800057879674588,0.0032504606207375275,False,-0.012250750019110468,,238,3380,0.2795295124345197
ge15,age,A,0.9,30-39,PH,M3_probit,0.27959467228069973,0.2828451075597286,0.30084568635647446,0.2918453969581015,0.01800057879674588,0.0032504352790288515,False,-0.012250724677401792,,238,3380,0.2795295124345197
ge15,age,A,0.9,30-39,PH,M1_lpm,0.2775394936678444,0.2828451075597286,0.30084568635647446,0.2918453969581015,0.01800057879674588,0.0053056138918841644,False,-0.014305903290257105,,238,3380,0.2795295124345197
ge15,age,A,0.9,30-39,PH,bivariate,0.23869197358680666,0.2828451075597286,0.30084568635647446,0.2918453969581015,0.01800057879674588,0.04415313397292192,False,-0.05315342337129486,,238,3380,0.2795295124345197
ge15,age,A,0.9,30-39,PN,reconciled,0.22676757947401702,0.19959484227788674,0.21780121547316633,0.20869802887552652,0.018206373195279596,0.008966364000850685,False,0.018069550598490497,0.013538266585807016,238,3380,0.2795295124345197
ge15,age,A,0.9,30-39,PN,M2_logit,0.225884395338612,0.19959484227788674,0.21780121547316633,0.20869802887552652,0.018206373195279596,0.008083179865445655,False,0.017186366463085467,,238,3380,0.2795295124345197
ge15,age,A,0.9,30-39,PN,M3_probit,0.22588387819839134,0.19959484227788674,0.21780121547316633,0.20869802887552652,0.018206373195279596,0.00808266272522501,False,0.01718584932286482,,238,3380,0.2795295124345197
ge15,age,A,0.9,30-39,PN,M1_lpm,0.22419304774189422,0.19959484227788674,0.21780121547316633,0.20869802887552652,0.018206373195279596,0.006391832268727887,False,0.015495018866367699,,238,3380,0.2795295124345197
ge15,age,A,0.9,30-39,PN,bivariate,0.2973494108693447,0.19959484227788674,0.21780121547316633,0.20869802887552652,0.018206373195279596,0.07954819539617836,False,0.08865138199381817,,238,3380,0.2795295124345197
ge15,age,A,0.9,40-49,turnout,reconciled,0.7479735443896022,0.7460805260436484,0.7643535185022585,0.7552170222729535,0.018272992458610138,0.0,True,-0.007243477883351335,0.0075769551272697406,166,3380,0.22309937511018826
ge15,age,A,0.9,40-49,turnout,M2_logit,0.7483764065353518,0.7460805260436484,0.7643535185022585,0.7552170222729535,0.018272992458610138,0.0,True,-0.006840615737601752,,166,3380,0.22309937511018826
ge15,age,A,0.9,40-49,turnout,M3_probit,0.7483768539641498,0.7460805260436484,0.7643535185022585,0.7552170222729535,0.018272992458610138,0.0,True,-0.00684016830880374,,166,3380,0.22309937511018826
ge15,age,A,0.9,40-49,turnout,M1_lpm,0.7480627234260079,0.7460805260436484,0.7643535185022585,0.7552170222729535,0.018272992458610138,0.0,True,-0.007154298846945628,,166,3380,0.22309937511018826
ge15,age,A,0.9,40-49,turnout,bivariate,0.7638895179959819,0.7460805260436484,0.7643535185022585,0.7552170222729535,0.018272992458610138,0.0,True,0.008672495723028417,,166,3380,0.22309937511018826
ge15,age,A,0.9,40-49,BN,reconciled,0.22489972776231448,0.16344230787992312,0.18070067609096496,0.17207149198544403,0.017258368211041847,0.04419905167134952,False,0.05282823577687046,0.014925195659915624,166,3380,0.22309937511018826
ge15,age,A,0.9,40-49,BN,M2_logit,0.22471478867590272,0.16344230787992312,0.18070067609096496,0.17207149198544403,0.017258368211041847,0.04401411258493776,False,0.052643296690458696,,166,3380,0.22309937511018826
ge15,age,A,0.9,40-49,BN,M3_probit,0.22471426556522,0.16344230787992312,0.18070067609096496,0.17207149198544403,0.017258368211041847,0.044013589474255044,False,0.05264277357977598,,166,3380,0.22309937511018826
ge15,age,A,0.9,40-49,BN,M1_lpm,0.225570028521105,0.16344230787992312,0.18070067609096496,0.17207149198544403,0.017258368211041847,0.044869352430140036,False,0.05349853653566097,,166,3380,0.22309937511018826
ge15,age,A,0.9,40-49,BN,bivariate,0.20457980310219015,0.16344230787992312,0.18070067609096496,0.17207149198544403,0.017258368211041847,0.023879127011225187,False,0.032508311116746125,,166,3380,0.22309937511018826
ge15,age,A,0.9,40-49,PH,reconciled,0.3091154585099673,0.39516687642071785,0.4119667125198779,0.40356679447029786,0.016799836099160026,0.08605141791075055,False,-0.09445133596033056,0.021419325417627665,166,3380,0.22309937511018826
ge15,age,A,0.9,40-49,PH,M2_logit,0.30835805189962856,0.39516687642071785,0.4119667125198779,0.40356679447029786,0.016799836099160026,0.08680882452108929,False,-0.0952087425706693,,166,3380,0.22309937511018826
ge15,age,A,0.9,40-49,PH,M3_probit,0.308357697807752,0.39516687642071785,0.4119667125198779,0.40356679447029786,0.016799836099160026,0.08680917861296583,False,-0.09520909666254584,,166,3380,0.22309937511018826
ge15,age,A,0.9,40-49,PH,M1_lpm,0.3090250059586674,0.39516687642071785,0.4119667125198779,0.40356679447029786,0.016799836099160026,0.08614187046205046,False,-0.09454178851163048,,166,3380,0.22309937511018826
ge15,age,A,0.9,40-49,PH,bivariate,0.3328063582924187,0.39516687642071785,0.4119667125198779,0.40356679447029786,0.016799836099160026,0.062360518128299125,False,-0.07076043617787914,,166,3380,0.22309937511018826
ge15,age,A,0.9,40-49,PN,reconciled,0.20500094478777586,0.1498424405615555,0.16545204437029884,0.15764724246592715,0.01560960380874335,0.03954890041747702,False,0.04735370232184871,0.016766148465946082,166,3380,0.22309937511018826
ge15,age,A,0.9,40-49,PN,M2_logit,0.2047887974051155,0.1498424405615555,0.16545204437029884,0.15764724246592715,0.01560960380874335,0.03933675303481665,False,0.04714155493918834,,166,3380,0.22309937511018826
ge15,age,A,0.9,40-49,PN,M3_probit,0.20478915817955556,0.1498424405615555,0.16545204437029884,0.15764724246592715,0.01560960380874335,0.039337113809256724,False,0.04714191571362841,,166,3380,0.22309937511018826
ge15,age,A,0.9,40-49,PN,M1_lpm,0.20470243966132495,0.1498424405615555,0.16545204437029884,0.15764724246592715,0.01560960380874335,0.03925039529102611,False,0.0470551971953978,,166,3380,0.22309937511018826
ge15,age,A,0.9,40-49,PN,bivariate,0.21941672668827583,0.1498424405615555,0.16545204437029884,0.15764724246592715,0.01560960380874335,0.05396468231797699,False,0.06176948422234868,,166,3380,0.22309937511018826
ge15,age,A,0.9,50-59,turnout,reconciled,0.8070581651329825,0.7871554150744602,0.8131653850387633,0.8001604000566118,0.02600996996430316,0.0,True,0.006897765076370632,0.005169222873304039,118,3380,0.16618624379000077
ge15,age,A,0.9,50-59,turnout,M2_logit,0.8073552199221005,0.7871554150744602,0.8131653850387633,0.8001604000566118,0.02600996996430316,0.0,True,0.007194819865488644,,118,3380,0.16618624379000077
ge15,age,A,0.9,50-59,turnout,M3_probit,0.8073555330698581,0.7871554150744602,0.8131653850387633,0.8001604000566118,0.02600996996430316,0.0,True,0.007195133013246258,,118,3380,0.16618624379000077
ge15,age,A,0.9,50-59,turnout,M1_lpm,0.8076576942364201,0.7871554150744602,0.8131653850387633,0.8001604000566118,0.02600996996430316,0.0,True,0.007497294179808267,,118,3380,0.16618624379000077
ge15,age,A,0.9,50-59,turnout,bivariate,0.8397269091943118,0.7871554150744602,0.8131653850387633,0.8001604000566118,0.02600996996430316,0.026561524155548466,False,0.03956650913769999,,118,3380,0.16618624379000077
ge15,age,A,0.9,50-59,BN,reconciled,0.2663110299645992,0.16807409853595634,0.19373810759384189,0.18090610306489913,0.025664009057885545,0.07257292237075733,False,0.08540492689970008,0.01452860218865902,118,3380,0.16618624379000077
ge15,age,A,0.9,50-59,BN,M2_logit,0.26467038450422936,0.16807409853595634,0.19373810759384189,0.18090610306489913,0.025664009057885545,0.07093227691038748,False,0.08376428143933023,,118,3380,0.16618624379000077
ge15,age,A,0.9,50-59,BN,M3_probit,0.264670109280421,0.16807409853595634,0.19373810759384189,0.18090610306489913,0.025664009057885545,0.07093200168657912,False,0.08376400621552188,,118,3380,0.16618624379000077
ge15,age,A,0.9,50-59,BN,M1_lpm,0.26520309648370416,0.16807409853595634,0.19373810759384189,0.18090610306489913,0.025664009057885545,0.07146498888986227,False,0.08429699341880503,,118,3380,0.16618624379000077
ge15,age,A,0.9,50-59,BN,bivariate,0.2930634902963669,0.16807409853595634,0.19373810759384189,0.18090610306489913,0.025664009057885545,0.09932538270252503,False,0.11215738723146779,,118,3380,0.16618624379000077
ge15,age,A,0.9,50-59,PH,reconciled,0.35958882982290663,0.4576276517117202,0.48318158229938196,0.4704046170055511,0.025553930587661755,0.09803882188881358,False,-0.11081578718264445,0.019799346434120284,118,3380,0.16618624379000077
ge15,age,A,0.9,50-59,PH,M2_logit,0.36228415116557233,0.4576276517117202,0.48318158229938196,0.4704046170055511,0.025553930587661755,0.09534350054614787,False,-0.10812046583997875,,118,3380,0.16618624379000077
ge15,age,A,0.9,50-59,PH,M3_probit,0.3622841057793714,0.4576276517117202,0.48318158229938196,0.4704046170055511,0.025553930587661755,0.09534354593234878,False,-0.10812051122617966,,118,3380,0.16618624379000077
ge15,age,A,0.9,50-59,PH,M1_lpm,0.36314768651016666,0.4576276517117202,0.48318158229938196,0.4704046170055511,0.025553930587661755,0.09447996520155355,False,-0.10725693049538443,,118,3380,0.16618624379000077
ge15,age,A,0.9,50-59,PH,bivariate,0.3989095190303885,0.4576276517117202,0.48318158229938196,0.4704046170055511,0.025553930587661755,0.05871813268133169,False,-0.07149509797516257,,118,3380,0.16618624379000077
ge15,age,A,0.9,50-59,PN,reconciled,0.1694256938908541,0.10320642858266107,0.1270148291424887,0.11511062886257489,0.023808400559827636,0.04241086474836539,False,0.05431506502827921,0.012187606186981939,118,3380,0.16618624379000077
ge15,age,A,0.9,50-59,PN,M2_logit,0.16828097376938006,0.10320642858266107,0.1270148291424887,0.11511062886257489,0.023808400559827636,0.04126614462689135,False,0.05317034490680517,,118,3380,0.16618624379000077
ge15,age,A,0.9,50-59,PN,M3_probit,0.16827955440981784,0.10320642858266107,0.1270148291424887,0.11511062886257489,0.023808400559827636,0.04126472526732913,False,0.05316892554724295,,118,3380,0.16618624379000077
ge15,age,A,0.9,50-59,PN,M1_lpm,0.16748301698099463,0.10320642858266107,0.1270148291424887,0.11511062886257489,0.023808400559827636,0.04046818783850592,False,0.05237238811841974,,118,3380,0.16618624379000077
ge15,age,A,0.9,50-59,PN,bivariate,0.13381538890373917,0.10320642858266107,0.1270148291424887,0.11511062886257489,0.023808400559827636,0.006800559761250463,False,0.01870476004116428,,118,3380,0.16618624379000077
ge15,age,A,0.9,60-69,turnout,reconciled,0.8032930730454514,0.785292015851361,0.8076831460187531,0.7964875809350571,0.022391130167392137,0.0,True,0.006805492110394273,0.007082895272234188,109,3380,0.16295384050785675
ge15,age,A,0.9,60-69,turnout,M2_logit,0.8032610693455193,0.785292015851361,0.8076831460187531,0.7964875809350571,0.022391130167392137,0.0,True,0.006773488410462214,,109,3380,0.16295384050785675
ge15,age,A,0.9,60-69,turnout,M3_probit,0.8032626201853182,0.785292015851361,0.8076831460187531,0.7964875809350571,0.022391130167392137,0.0,True,0.006775039250261128,,109,3380,0.16295384050785675
ge15,age,A,0.9,60-69,turnout,M1_lpm,0.8045851113017601,0.785292015851361,0.8076831460187531,0.7964875809350571,0.022391130167392137,0.0,True,0.00809753036670302,,109,3380,0.16295384050785675
ge15,age,A,0.9,60-69,turnout,bivariate,0.7698497809257451,0.785292015851361,0.8076831460187531,0.7964875809350571,0.022391130167392137,0.015442234925615916,False,-0.02663780000931204,,109,3380,0.16295384050785675
ge15,age,A,0.9,60-69,BN,reconciled,0.3294702289061321,0.21537928495636544,0.23761883107039997,0.22649905801338271,0.02223954611403453,0.09185139783573212,False,0.10297117089274938,0.02349145886359751,109,3380,0.16295384050785675
ge15,age,A,0.9,60-69,BN,M2_logit,0.3318756951960991,0.21537928495636544,0.23761883107039997,0.22649905801338271,0.02223954611403453,0.09425686412569914,False,0.10537663718271639,,109,3380,0.16295384050785675
ge15,age,A,0.9,60-69,BN,M3_probit,0.33187599216636,0.21537928495636544,0.23761883107039997,0.22649905801338271,0.02223954611403453,0.09425716109596002,False,0.10537693415297728,,109,3380,0.16295384050785675
ge15,age,A,0.9,60-69,BN,M1_lpm,0.32879765795229876,0.21537928495636544,0.23761883107039997,0.22649905801338271,0.02223954611403453,0.0911788268818988,False,0.10229859993891605,,109,3380,0.16295384050785675
ge15,age,A,0.9,60-69,BN,bivariate,0.3743559551900526,0.21537928495636544,0.23761883107039997,0.22649905801338271,0.02223954611403453,0.13673712411965264,False,0.1478568971766699,,109,3380,0.16295384050785675
ge15,age,A,0.9,60-69,PH,reconciled,0.3479439646878955,0.45182875332943545,0.4737001667424587,0.46276446003594707,0.021871413413023233,0.10388478864153994,False,-0.11482049534805155,0.024229555866994358,109,3380,0.16295384050785675
ge15,age,A,0.9,60-69,PH,M2_logit,0.34951343366209614,0.45182875332943545,0.4737001667424587,0.46276446003594707,0.021871413413023233,0.10231531966733931,False,-0.11325102637385093,,109,3380,0.16295384050785675
ge15,age,A,0.9,60-69,PH,M3_probit,0.34951364057248796,0.45182875332943545,0.4737001667424587,0.46276446003594707,0.021871413413023233,0.10231511275694749,False,-0.11325081946345911,,109,3380,0.16295384050785675
ge15,age,A,0.9,60-69,PH,M1_lpm,0.3529621050165157,0.45182875332943545,0.4737001667424587,0.46276446003594707,0.021871413413023233,0.09886664831291975,False,-0.10980235501943136,,109,3380,0.16295384050785675
ge15,age,A,0.9,60-69,PH,bivariate,0.3599178184443331,0.45182875332943545,0.4737001667424587,0.46276446003594707,0.021871413413023233,0.09191093488510232,False,-0.10284664159161394,,109,3380,0.16295384050785675
ge15,age,A,0.9,60-69,PN,reconciled,0.11122961283996402,0.06509452348470084,0.08202862773121981,0.07356157560796033,0.016934104246518977,0.029200985108744207,False,0.037668037232003695,0.010212402956682532,109,3380,0.16295384050785675
ge15,age,A,0.9,60-69,PN,M2_logit,0.11077128311021169,0.06509452348470084,0.08202862773121981,0.07356157560796033,0.016934104246518977,0.02874265537899187,False,0.03720970750225136,,109,3380,0.16295384050785675
ge15,age,A,0.9,60-69,PN,M3_probit,0.11077471150350121,0.06509452348470084,0.08202862773121981,0.07356157560796033,0.016934104246518977,0.028746083772281397,False,0.037213135895540886,,109,3380,0.16295384050785675
ge15,age,A,0.9,60-69,PN,M1_lpm,0.10805552935327842,0.06509452348470084,0.08202862773121981,0.07356157560796033,0.016934104246518977,0.026026901622058604,False,0.03449395374531809,,109,3380,0.16295384050785675
ge15,age,A,0.9,60-69,PN,bivariate,0.01333638451359534,0.06509452348470084,0.08202862773121981,0.07356157560796033,0.016934104246518977,0.0517581389711055,False,-0.060225191094364985,,109,3380,0.16295384050785675
ge15,age,A,0.9,70+,turnout,reconciled,0.5929059846830526,0.4874295622019939,0.5442132639791938,0.5158214130905938,0.05678370177719988,0.04869272070385877,False,0.07708457159245874,0.010156456334817376,48,3380,0.09269480927148992
ge15,age,A,0.9,70+,turnout,M2_logit,0.5918835671312808,0.4874295622019939,0.5442132639791938,0.5158214130905938,0.05678370177719988,0.04767030315208698,False,0.07606215404068695,,48,3380,0.09269480927148992
ge15,age,A,0.9,70+,turnout,M3_probit,0.5918828586501934,0.4874295622019939,0.5442132639791938,0.5158214130905938,0.05678370177719988,0.04766959467099963,False,0.0760614455595996,,48,3380,0.09269480927148992
ge15,age,A,0.9,70+,turnout,M1_lpm,0.5902082817027543,0.4874295622019939,0.5442132639791938,0.5158214130905938,0.05678370177719988,0.045995017723560516,False,0.07438686861216048,,48,3380,0.09269480927148992
ge15,age,A,0.9,70+,turnout,bivariate,0.6255666720602058,0.4874295622019939,0.5442132639791938,0.5158214130905938,0.05678370177719988,0.08135340808101199,False,0.10974525896961196,,48,3380,0.09269480927148992
ge15,age,A,0.9,70+,BN,reconciled,0.28398539952418256,0.06312310359774599,0.11633073255309927,0.08972691807542263,0.053207628955353276,0.16765466697108328,False,0.19425848144875993,0.020502848385647428,48,3380,0.09269480927148992
ge15,age,A,0.9,70+,BN,M2_logit,0.28161935670347304,0.06312310359774599,0.11633073255309927,0.08972691807542263,0.053207628955353276,0.16528862415037376,False,0.19189243862805042,,48,3380,0.09269480927148992
ge15,age,A,0.9,70+,BN,M3_probit,0.28161811850024676,0.06312310359774599,0.11633073255309927,0.08972691807542263,0.053207628955353276,0.16528738594714748,False,0.19189120042482413,,48,3380,0.09269480927148992
ge15,age,A,0.9,70+,BN,M1_lpm,0.2819490007607601,0.06312310359774599,0.11633073255309927,0.08972691807542263,0.053207628955353276,0.16561826820766085,False,0.1922220826853375,,48,3380,0.09269480927148992
ge15,age,A,0.9,70+,BN,bivariate,0.3373613524413612,0.06312310359774599,0.11633073255309927,0.08972691807542263,0.053207628955353276,0.2210306198882619,False,0.24763443436593854,,48,3380,0.09269480927148992
ge15,age,A,0.9,70+,PH,reconciled,0.23974657485052372,0.3330624187256177,0.38984612050281753,0.3614542696142176,0.056783701777199824,0.09331584387509398,False,-0.12170769476369389,0.018786504899076045,48,3380,0.09269480927148992
ge15,age,A,0.9,70+,PH,M2_logit,0.23806723786360698,0.3330624187256177,0.38984612050281753,0.3614542696142176,0.056783701777199824,0.09499518086201073,False,-0.12338703175061064,,48,3380,0.09269480927148992
ge15,age,A,0.9,70+,PH,M3_probit,0.23806589917109117,0.3330624187256177,0.38984612050281753,0.3614542696142176,0.056783701777199824,0.09499651955452654,False,-0.12338837044312645,,48,3380,0.09269480927148992
ge15,age,A,0.9,70+,PH,M1_lpm,0.23242520964284194,0.3330624187256177,0.38984612050281753,0.3614542696142176,0.056783701777199824,0.10063720908277576,False,-0.12902905997137568,,48,3380,0.09269480927148992
ge15,age,A,0.9,70+,PH,bivariate,0.26619047145299546,0.3330624187256177,0.38984612050281753,0.3614542696142176,0.056783701777199824,0.06687194727262225,False,-0.09526379816122216,,48,3380,0.09269480927148992
ge15,age,A,0.9,70+,PN,reconciled,0.04814298042967699,0.0028175119202427396,0.021456436931079324,0.012136974425661032,0.018638925010836582,0.026686543498597667,False,0.03600600600401596,0.006991592980868946,48,3380,0.09269480927148992
ge15,age,A,0.9,70+,PN,M2_logit,0.046888984899305014,0.0028175119202427396,0.021456436931079324,0.012136974425661032,0.018638925010836582,0.02543254796822569,False,0.034752010473643985,,48,3380,0.09269480927148992
ge15,age,A,0.9,70+,PN,M3_probit,0.046880518015244926,0.0028175119202427396,0.021456436931079324,0.012136974425661032,0.018638925010836582,0.025424081084165603,False,0.0347435435895839,,48,3380,0.09269480927148992
ge15,age,A,0.9,70+,PN,M1_lpm,0.05507792437211112,0.0028175119202427396,0.021456436931079324,0.012136974425661032,0.018638925010836582,0.0336214874410318,False,0.04294094994645009,,48,3380,0.09269480927148992
ge15,age,A,0.9,70+,PN,bivariate,-0.0024488199378092657,0.0028175119202427396,0.021456436931079324,0.012136974425661032,0.018638925010836582,0.005266331858052005,False,-0.014585794363470298,,48,3380,0.09269480927148992
ge15,age,A,0.85,18-29,turnout,reconciled,0.7400505362220784,0.7368131093772021,0.7513185822944827,0.7440658458358425,0.014505472917280549,0.0,True,-0.004015309613764062,0.008135612859128791,691,3145,0.657081601670254
ge15,age,A,0.85,18-29,turnout,M2_logit,0.7426475870475007,0.7368131093772021,0.7513185822944827,0.7440658458358425,0.014505472917280549,0.0,True,-0.0014182587883417863,,691,3145,0.657081601670254
ge15,age,A,0.85,18-29,turnout,M3_probit,0.7426485650035849,0.7368131093772021,0.7513185822944827,0.7440658458358425,0.014505472917280549,0.0,True,-0.0014172808322575614,,691,3145,0.657081601670254
ge15,age,A,0.85,18-29,turnout,M1_lpm,0.7426024341357199,0.7368131093772021,0.7513185822944827,0.7440658458358425,0.014505472917280549,0.0,True,-0.001463411700122541,,691,3145,0.657081601670254
ge15,age,A,0.85,18-29,turnout,bivariate,0.7091188389522899,0.7368131093772021,0.7513185822944827,0.7440658458358425,0.014505472917280549,0.027694270424912237,False,-0.03494700688355257,,691,3145,0.657081601670254
ge15,age,A,0.85,18-29,BN,reconciled,0.22145447786264855,0.1555115672231404,0.1694703890191456,0.162490978121143,0.013958821796005189,0.051984088843502946,False,0.058963499741505554,0.01695366933043998,691,3145,0.657081601670254
ge15,age,A,0.85,18-29,BN,M2_logit,0.2238895688057894,0.1555115672231404,0.1694703890191456,0.162490978121143,0.013958821796005189,0.05441917978664379,False,0.0613985906846464,,691,3145,0.657081601670254
ge15,age,A,0.85,18-29,BN,M3_probit,0.22388910627725495,0.1555115672231404,0.1694703890191456,0.162490978121143,0.013958821796005189,0.054418717258109345,False,0.06139812815611195,,691,3145,0.657081601670254
ge15,age,A,0.85,18-29,BN,M1_lpm,0.22475438717956395,0.1555115672231404,0.1694703890191456,0.162490978121143,0.013958821796005189,0.055283998160418346,False,0.062263409058420954,,691,3145,0.657081601670254
ge15,age,A,0.85,18-29,BN,bivariate,0.18041113102474432,0.1555115672231404,0.1694703890191456,0.162490978121143,0.013958821796005189,0.01094074200559872,False,0.017920152903601327,,691,3145,0.657081601670254
ge15,age,A,0.85,18-29,PH,reconciled,0.240867743670134,0.31049997224037273,0.32307508338564955,0.3167875278130111,0.012575111145276818,0.06963222857023874,False,-0.07591978414287712,0.019307691306316647,691,3145,0.657081601670254
ge15,age,A,0.85,18-29,PH,M2_logit,0.23446200513521379,0.31049997224037273,0.32307508338564955,0.3167875278130111,0.012575111145276818,0.07603796710515895,False,-0.08232552267779733,,691,3145,0.657081601670254
ge15,age,A,0.85,18-29,PH,M3_probit,0.23446102195715623,0.31049997224037273,0.32307508338564955,0.3167875278130111,0.012575111145276818,0.0760389502832165,False,-0.08232650585585488,,691,3145,0.657081601670254
ge15,age,A,0.85,18-29,PH,M1_lpm,0.23578505736000388,0.31049997224037273,0.32307508338564955,0.3167875278130111,0.012575111145276818,0.07471491488036885,False,-0.08100247045300724,,691,3145,0.657081601670254
ge15,age,A,0.85,18-29,PH,bivariate,0.21320995793851683,0.31049997224037273,0.32307508338564955,0.3167875278130111,0.012575111145276818,0.09729001430185591,False,-0.10357756987449429,,691,3145,0.657081601670254
ge15,age,A,0.85,18-29,PN,reconciled,0.27207856297354993,0.23972146417086265,0.25352013427118164,0.24662079922102215,0.013798670100318988,0.01855842870236829,False,0.025457763752527784,0.018673535557029174,691,3145,0.657081601670254
ge15,age,A,0.85,18-29,PN,M2_logit,0.2756162854277728,0.23972146417086265,0.25352013427118164,0.24662079922102215,0.013798670100318988,0.022096151156591137,False,0.02899548620675063,,691,3145,0.657081601670254
ge15,age,A,0.85,18-29,PN,M3_probit,0.27561650590735354,0.23972146417086265,0.25352013427118164,0.24662079922102215,0.013798670100318988,0.022096371636171896,False,0.02899570668633139,,691,3145,0.657081601670254
ge15,age,A,0.85,18-29,PN,M1_lpm,0.2765919334401793,0.23972146417086265,0.25352013427118164,0.24662079922102215,0.013798670100318988,0.023071799168997653,False,0.029971134219157147,,691,3145,0.657081601670254
ge15,age,A,0.85,18-29,PN,bivariate,0.3137252556158813,0.23972146417086265,0.25352013427118164,0.24662079922102215,0.013798670100318988,0.060205121344699686,False,0.06710445639485918,,691,3145,0.657081601670254
ge15,age,A,0.85,30-39,turnout,reconciled,0.6978210910284016,0.6899236216737812,0.7275785181187271,0.7087510698962541,0.03765489644494591,0.0,True,-0.010929978867852519,0.004930856194624547,287,3145,0.3297457727666582
ge15,age,A,0.85,30-39,turnout,M2_logit,0.6958879214871725,0.6899236216737812,0.7275785181187271,0.7087510698962541,0.03765489644494591,0.0,True,-0.012863148409081648,,287,3145,0.3297457727666582
ge15,age,A,0.85,30-39,turnout,M3_probit,0.6958875915198887,0.6899236216737812,0.7275785181187271,0.7087510698962541,0.03765489644494591,0.0,True,-0.012863478376365478,,287,3145,0.3297457727666582
ge15,age,A,0.85,30-39,turnout,M1_lpm,0.6960590853505337,0.6899236216737812,0.7275785181187271,0.7087510698962541,0.03765489644494591,0.0,True,-0.012691984545720403,,287,3145,0.3297457727666582
ge15,age,A,0.85,30-39,turnout,bivariate,0.6903250671082097,0.6899236216737812,0.7275785181187271,0.7087510698962541,0.03765489644494591,0.0,True,-0.018426002788044404,,287,3145,0.3297457727666582
ge15,age,A,0.85,30-39,BN,reconciled,0.18973154603508688,0.1579357680628472,0.19325188492550252,0.17559382649417488,0.03531611686265532,0.0,True,0.014137719540912003,0.011359687336574642,287,3145,0.3297457727666582
ge15,age,A,0.85,30-39,BN,M2_logit,0.18839701313095145,0.1579357680628472,0.19325188492550252,0.17559382649417488,0.03531611686265532,0.0,True,0.01280318663677657,,287,3145,0.3297457727666582
ge15,age,A,0.85,30-39,BN,M3_probit,0.18839664381374754,0.1579357680628472,0.19325188492550252,0.17559382649417488,0.03531611686265532,0.0,True,0.012802817319572668,,287,3145,0.3297457727666582
ge15,age,A,0.85,30-39,BN,M1_lpm,0.18873674250094863,0.1579357680628472,0.19325188492550252,0.17559382649417488,0.03531611686265532,0.0,True,0.013142916006773753,,287,3145,0.3297457727666582
ge15,age,A,0.85,30-39,BN,bivariate,0.14776450338086364,0.1579357680628472,0.19325188492550252,0.17559382649417488,0.03531611686265532,0.010171264681983566,False,-0.02782932311331124,,287,3145,0.3297457727666582
ge15,age,A,0.85,30-39,PH,reconciled,0.2755187331029705,0.2698591825720033,0.30460832256622455,0.28723375256911393,0.034749139994221245,0.0,True,-0.01171501946614345,0.021502132537449637,287,3145,0.3297457727666582
ge15,age,A,0.85,30-39,PH,M2_logit,0.2790384900710952,0.2698591825720033,0.30460832256622455,0.28723375256911393,0.034749139994221245,0.0,True,-0.008195262498018718,,287,3145,0.3297457727666582
ge15,age,A,0.85,30-39,PH,M3_probit,0.27903855510378134,0.2698591825720033,0.30460832256622455,0.28723375256911393,0.034749139994221245,0.0,True,-0.008195197465332593,,287,3145,0.3297457727666582
ge15,age,A,0.85,30-39,PH,M1_lpm,0.27726087742185984,0.2698591825720033,0.30460832256622455,0.28723375256911393,0.034749139994221245,0.0,True,-0.00997287514725409,,287,3145,0.3297457727666582
ge15,age,A,0.85,30-39,PH,bivariate,0.23759111468049088,0.2698591825720033,0.30460832256622455,0.28723375256911393,0.034749139994221245,0.03226806789151243,False,-0.049642637888623053,,287,3145,0.3297457727666582
ge15,age,A,0.85,30-39,PN,reconciled,0.226940837121959,0.18895049310632453,0.22408125214660712,0.2065158726264658,0.035130759040282594,0.002859584975351881,False,0.020424964495493192,0.014826175425448786,287,3145,0.3297457727666582
ge15,age,A,0.85,30-39,PN,M2_logit,0.22578414187695087,0.18895049310632453,0.22408125214660712,0.2065158726264658,0.035130759040282594,0.001702889730343743,False,0.019268269250485054,,287,3145,0.3297457727666582
ge15,age,A,0.85,30-39,PN,M3_probit,0.22578318678271758,0.18895049310632453,0.22408125214660712,0.2065158726264658,0.035130759040282594,0.0017019346361104581,False,0.01926731415625177,,287,3145,0.3297457727666582
ge15,age,A,0.85,30-39,PN,M1_lpm,0.22418025104396708,0.18895049310632453,0.22408125214660712,0.2065158726264658,0.035130759040282594,9.899889735995315e-05,False,0.017664378417501264,,287,3145,0.3297457727666582
ge15,age,A,0.85,30-39,PN,bivariate,0.30426984814752217,0.18895049310632453,0.22408125214660712,0.2065158726264658,0.035130759040282594,0.08018859600091505,False,0.09775397552105636,,287,3145,0.3297457727666582
ge15,age,A,0.85,40-49,turnout,reconciled,0.7510935160086559,0.7383486909949769,0.7756478493729417,0.7569982701839593,0.037299158377964825,0.0,True,-0.0059047541753033395,0.007798054596781442,198,3145,0.2617180443190747
ge15,age,A,0.85,40-49,turnout,M2_logit,0.7516296705763094,0.7383486909949769,0.7756478493729417,0.7569982701839593,0.037299158377964825,0.0,True,-0.005368599607649904,,198,3145,0.2617180443190747
ge15,age,A,0.85,40-49,turnout,M3_probit,0.7516302834283137,0.7383486909949769,0.7756478493729417,0.7569982701839593,0.037299158377964825,0.0,True,-0.005367986755645537,,198,3145,0.2617180443190747
ge15,age,A,0.85,40-49,turnout,M1_lpm,0.751357680468436,0.7383486909949769,0.7756478493729417,0.7569982701839593,0.037299158377964825,0.0,True,-0.005640589715523281,,198,3145,0.2617180443190747
ge15,age,A,0.85,40-49,turnout,bivariate,0.766553633651742,0.7383486909949769,0.7756478493729417,0.7569982701839593,0.037299158377964825,0.0,True,0.00955536346778274,,198,3145,0.2617180443190747
ge15,age,A,0.85,40-49,BN,reconciled,0.23166194509415514,0.1488556601576794,0.18164731712185223,0.1652514886397658,0.03279165696417283,0.05001462797230291,False,0.06641045645438934,0.015328825280633132,198,3145,0.2617180443190747
ge15,age,A,0.85,40-49,BN,M2_logit,0.2322358177066509,0.1488556601576794,0.18164731712185223,0.1652514886397658,0.03279165696417283,0.05058850058479866,False,0.06698432906688509,,198,3145,0.2617180443190747
ge15,age,A,0.85,40-49,BN,M3_probit,0.2322357043462045,0.1488556601576794,0.18164731712185223,0.1652514886397658,0.03279165696417283,0.05058838722435227,False,0.0669842157064387,,198,3145,0.2617180443190747
ge15,age,A,0.85,40-49,BN,M1_lpm,0.23276344003780233,0.1488556601576794,0.18164731712185223,0.1652514886397658,0.03279165696417283,0.05111612291595011,False,0.06751195139803653,,198,3145,0.2617180443190747
ge15,age,A,0.85,40-49,BN,bivariate,0.20721374045995586,0.1488556601576794,0.18164731712185223,0.1652514886397658,0.03279165696417283,0.025566423338103633,False,0.04196225182019006,,198,3145,0.2617180443190747
ge15,age,A,0.85,40-49,PH,reconciled,0.3005544229996972,0.3858071920428462,0.42041182928046306,0.4031095106616546,0.034604637237616864,0.08525276904314899,False,-0.10255508766195742,0.0197495365671566,198,3145,0.2617180443190747
ge15,age,A,0.85,40-49,PH,M2_logit,0.29881680351205714,0.3858071920428462,0.42041182928046306,0.4031095106616546,0.034604637237616864,0.08699038853078905,False,-0.10429270714959749,,198,3145,0.2617180443190747
ge15,age,A,0.85,40-49,PH,M3_probit,0.2988165304924456,0.3858071920428462,0.42041182928046306,0.4031095106616546,0.034604637237616864,0.08699066155040058,False,-0.10429298016920902,,198,3145,0.2617180443190747
ge15,age,A,0.85,40-49,PH,M1_lpm,0.2992379364802244,0.3858071920428462,0.42041182928046306,0.4031095106616546,0.034604637237616864,0.0865692555626218,False,-0.10387157418143023,,198,3145,0.2617180443190747
ge15,age,A,0.85,40-49,PH,bivariate,0.32352745950254674,0.3858071920428462,0.42041182928046306,0.4031095106616546,0.034604637237616864,0.06227973254029945,False,-0.07958205115910788,,198,3145,0.2617180443190747
ge15,age,A,0.85,40-49,PN,reconciled,0.20968604334197502,0.13781976647483452,0.16739296763248063,0.15260636705365757,0.029573201157646112,0.04229307570949439,False,0.05707967628831745,0.016253885996009975,198,3145,0.2617180443190747
ge15,age,A,0.85,40-49,PN,M2_logit,0.21024660379510554,0.13781976647483452,0.16739296763248063,0.15260636705365757,0.029573201157646112,0.042853636162624914,False,0.05764023674144797,,198,3145,0.2617180443190747
ge15,age,A,0.85,40-49,PN,M3_probit,0.210247125376596,0.13781976647483452,0.16739296763248063,0.15260636705365757,0.029573201157646112,0.042854157744115384,False,0.05764075832293844,,198,3145,0.2617180443190747
ge15,age,A,0.85,40-49,PN,M1_lpm,0.21037181469770558,0.13781976647483452,0.16739296763248063,0.15260636705365757,0.029573201157646112,0.04297884706522495,False,0.05776544764404801,,198,3145,0.2617180443190747
ge15,age,A,0.85,40-49,PN,bivariate,0.22873416347939438,0.13781976647483452,0.16739296763248063,0.15260636705365757,0.029573201157646112,0.06134119584691375,False,0.0761277964257368,,198,3145,0.2617180443190747
ge15,age,A,0.85,50-59,turnout,reconciled,0.8059968189601195,0.7849913950322365,0.8318435180190593,0.8084174565256479,0.04685212298682284,0.0,True,-0.0024206375655283496,0.005076810896700612,149,3145,0.20348151961719488
ge15,age,A,0.85,50-59,turnout,M2_logit,0.8063287014958176,0.7849913950322365,0.8318435180190593,0.8084174565256479,0.04685212298682284,0.0,True,-0.0020887550298303026,,149,3145,0.20348151961719488
ge15,age,A,0.85,50-59,turnout,M3_probit,0.8063289030035836,0.7849913950322365,0.8318435180190593,0.8084174565256479,0.04685212298682284,0.0,True,-0.0020885535220642737,,149,3145,0.20348151961719488
ge15,age,A,0.85,50-59,turnout,M1_lpm,0.806589723317949,0.7849913950322365,0.8318435180190593,0.8084174565256479,0.04685212298682284,0.0,True,-0.0018277332076989117,,149,3145,0.20348151961719488
ge15,age,A,0.85,50-59,turnout,bivariate,0.8417335088143869,0.7849913950322365,0.8318435180190593,0.8084174565256479,0.04685212298682284,0.009889990795327597,False,0.03331605228873902,,149,3145,0.20348151961719488
ge15,age,A,0.85,50-59,BN,reconciled,0.2681404003925858,0.15801032596131617,0.20409185482006628,0.18105109039069123,0.04608152885875011,0.06404854557251952,False,0.08708931000189457,0.013752513954508562,149,3145,0.20348151961719488
ge15,age,A,0.85,50-59,BN,M2_logit,0.2661945107243214,0.15801032596131617,0.20409185482006628,0.18105109039069123,0.04608152885875011,0.062102655904255094,False,0.08514342033363015,,149,3145,0.20348151961719488
ge15,age,A,0.85,50-59,BN,M3_probit,0.2661940880489029,0.15801032596131617,0.20409185482006628,0.18105109039069123,0.04608152885875011,0.062102233228836595,False,0.08514299765821165,,149,3145,0.20348151961719488
ge15,age,A,0.85,50-59,BN,M1_lpm,0.2669913170020845,0.15801032596131617,0.20409185482006628,0.18105109039069123,0.04608152885875011,0.06289946218201822,False,0.08594022661139328,,149,3145,0.20348151961719488
ge15,age,A,0.85,50-59,BN,bivariate,0.2978176378757113,0.15801032596131617,0.20409185482006628,0.18105109039069123,0.04608152885875011,0.09372578305564502,False,0.11676654748502008,,149,3145,0.20348151961719488
ge15,age,A,0.85,50-59,PH,reconciled,0.35610187001561316,0.4378644268064011,0.48377899360406873,0.4608217102052349,0.045914566797667644,0.08176255679078792,False,-0.10471984018962172,0.02037289790799981,149,3145,0.20348151961719488
ge15,age,A,0.85,50-59,PH,M2_logit,0.35913725832636456,0.4378644268064011,0.48377899360406873,0.4608217102052349,0.045914566797667644,0.07872716848003652,False,-0.10168445187887032,,149,3145,0.20348151961719488
ge15,age,A,0.85,50-59,PH,M3_probit,0.35913682874813935,0.4378644268064011,0.48377899360406873,0.4608217102052349,0.045914566797667644,0.07872759805826174,False,-0.10168488145709553,,149,3145,0.20348151961719488
ge15,age,A,0.85,50-59,PH,M1_lpm,0.3602478571988728,0.4378644268064011,0.48377899360406873,0.4608217102052349,0.045914566797667644,0.07761656960752827,False,-0.10057385300636207,,149,3145,0.20348151961719488
ge15,age,A,0.85,50-59,PH,bivariate,0.3948802380986384,0.4378644268064011,0.48377899360406873,0.4608217102052349,0.045914566797667644,0.04298418870776266,False,-0.06594147210659645,,149,3145,0.20348151961719488
ge15,age,A,0.85,50-59,PN,reconciled,0.16962376558403658,0.0955279854100845,0.13500809123834476,0.11526803832421463,0.039480105828260253,0.03461567434569182,False,0.05435572725982195,0.01397648271359565,149,3145,0.20348151961719488
ge15,age,A,0.85,50-59,PN,M2_logit,0.1682523022881754,0.0955279854100845,0.13500809123834476,0.11526803832421463,0.039480105828260253,0.033244211049830635,False,0.05298426396396076,,149,3145,0.20348151961719488
ge15,age,A,0.85,50-59,PN,M3_probit,0.1682506673272739,0.0955279854100845,0.13500809123834476,0.11526803832421463,0.039480105828260253,0.03324257608892914,False,0.052982629003059264,,149,3145,0.20348151961719488
ge15,age,A,0.85,50-59,PN,M1_lpm,0.1670922111728588,0.0955279854100845,0.13500809123834476,0.11526803832421463,0.039480105828260253,0.032084119934514044,False,0.05182417284864417,,149,3145,0.20348151961719488
ge15,age,A,0.85,50-59,PN,bivariate,0.13470514939905187,0.0955279854100845,0.13500809123834476,0.11526803832421463,0.039480105828260253,0.0,True,0.01943711107483724,,149,3145,0.20348151961719488
ge15,age,A,0.85,60-69,turnout,reconciled,0.8020138890595437,0.7817885833598754,0.8252291467600948,0.8035088650599851,0.0434405634002194,0.0,True,-0.0014949760004413504,0.007224489785765929,138,3145,0.1994234033318395
ge15,age,A,0.85,60-69,turnout,M2_logit,0.8020391482966017,0.7817885833598754,0.8252291467600948,0.8035088650599851,0.0434405634002194,0.0,True,-0.0014697167633833663,,138,3145,0.1994234033318395
ge15,age,A,0.85,60-69,turnout,M3_probit,0.8020409949359762,0.7817885833598754,0.8252291467600948,0.8035088650599851,0.0434405634002194,0.0,True,-0.001467870124008841,,138,3145,0.1994234033318395
ge15,age,A,0.85,60-69,turnout,M1_lpm,0.803360845380346,0.7817885833598754,0.8252291467600948,0.8035088650599851,0.0434405634002194,0.0,True,-0.00014801967963906648,,138,3145,0.1994234033318395
ge15,age,A,0.85,60-69,turnout,bivariate,0.7657333776512426,0.7817885833598754,0.8252291467600948,0.8035088650599851,0.0434405634002194,0.016055205708632836,False,-0.03777548740874248,,138,3145,0.1994234033318395
ge15,age,A,0.85,60-69,BN,reconciled,0.3276327611286976,0.2065682839650352,0.24868174257706055,0.2276250132710479,0.04211345861202534,0.07895101855163705,False,0.10000774785764971,0.02480479625679802,138,3145,0.1994234033318395
ge15,age,A,0.85,60-69,BN,M2_logit,0.3279389627621872,0.2065682839650352,0.24868174257706055,0.2276250132710479,0.04211345861202534,0.07925722018512665,False,0.10031394949113931,,138,3145,0.1994234033318395
ge15,age,A,0.85,60-69,BN,M3_probit,0.32793889520663655,0.2065682839650352,0.24868174257706055,0.2276250132710479,0.04211345861202534,0.079257152629576,False,0.10031388193558866,,138,3145,0.1994234033318395
ge15,age,A,0.85,60-69,BN,M1_lpm,0.3254436667277255,0.2065682839650352,0.24868174257706055,0.2276250132710479,0.04211345861202534,0.07676192415066496,False,0.09781865345667762,,138,3145,0.1994234033318395
ge15,age,A,0.85,60-69,BN,bivariate,0.3827716701729589,0.2065682839650352,0.24868174257706055,0.2276250132710479,0.04211345861202534,0.13408992759589833,False,0.15514665690191098,,138,3145,0.1994234033318395
ge15,age,A,0.85,60-69,PH,reconciled,0.3496775457114937,0.43695367519552675,0.47738613440917294,0.45716990480234987,0.04043245921364619,0.08727612948403307,False,-0.1074923590908562,0.024868225822559233,138,3145,0.1994234033318395
ge15,age,A,0.85,60-69,PH,M2_logit,0.3526239784044709,0.43695367519552675,0.47738613440917294,0.45716990480234987,0.04043245921364619,0.08432969679105584,False,-0.10454592639787896,,138,3145,0.1994234033318395
ge15,age,A,0.85,60-69,PH,M3_probit,0.35262484876564565,0.43695367519552675,0.47738613440917294,0.45716990480234987,0.04043245921364619,0.0843288264298811,False,-0.10454505603670422,,138,3145,0.1994234033318395
ge15,age,A,0.85,60-69,PH,M1_lpm,0.35592056565452806,0.43695367519552675,0.47738613440917294,0.45716990480234987,0.04043245921364619,0.08103310954099868,False,-0.1012493391478218,,138,3145,0.1994234033318395
ge15,age,A,0.85,60-69,PH,bivariate,0.3516169913008168,0.43695367519552675,0.47738613440917294,0.45716990480234987,0.04043245921364619,0.08533668389470994,False,-0.10555291350153306,,138,3145,0.1994234033318395
ge15,age,A,0.85,60-69,PN,reconciled,0.11052962494199878,0.05770251619067841,0.08564249566479103,0.07167250592773472,0.027939979474112614,0.02488712927720775,False,0.03885711901426406,0.009349855173857505,138,3145,0.1994234033318395
ge15,age,A,0.85,60-69,PN,M2_logit,0.1096289318960931,0.05770251619067841,0.08564249566479103,0.07167250592773472,0.027939979474112614,0.023986436231302075,False,0.03795642596835838,,138,3145,0.1994234033318395
ge15,age,A,0.85,60-69,PN,M3_probit,0.10963283225568043,0.05770251619067841,0.08564249566479103,0.07167250592773472,0.027939979474112614,0.023990336590889408,False,0.037960326327945715,,138,3145,0.1994234033318395
ge15,age,A,0.85,60-69,PN,M1_lpm,0.1078363054722326,0.05770251619067841,0.08564249566479103,0.07167250592773472,0.027939979474112614,0.022193809807441567,False,0.036163799544497874,,138,3145,0.1994234033318395
ge15,age,A,0.85,60-69,PN,bivariate,0.00845651431074354,0.05770251619067841,0.08564249566479103,0.07167250592773472,0.027939979474112614,0.04924600187993487,False,-0.06321599161699118,,138,3145,0.1994234033318395
ge15,age,A,0.85,70+,turnout,reconciled,0.5963392944223542,0.5116100733106347,0.6080795067635962,0.5598447900371155,0.09646943345296155,0.0,True,0.03649450438523871,0.010177106438312333,87,3145,0.16373772632530575
ge15,age,A,0.85,70+,turnout,M2_logit,0.5948524662799042,0.5116100733106347,0.6080795067635962,0.5598447900371155,0.09646943345296155,0.0,True,0.035007676242788666,,87,3145,0.16373772632530575
ge15,age,A,0.85,70+,turnout,M3_probit,0.5948515058353591,0.5116100733106347,0.6080795067635962,0.5598447900371155,0.09646943345296155,0.0,True,0.03500671579824355,,87,3145,0.16373772632530575
ge15,age,A,0.85,70+,turnout,M1_lpm,0.5930657889455547,0.5116100733106347,0.6080795067635962,0.5598447900371155,0.09646943345296155,0.0,True,0.033220998908439214,,87,3145,0.16373772632530575
ge15,age,A,0.85,70+,turnout,bivariate,0.6319311865618786,0.5116100733106347,0.6080795067635962,0.5598447900371155,0.09646943345296155,0.0238516797982824,False,0.07208639652476312,,87,3145,0.16373772632530575
ge15,age,A,0.85,70+,BN,reconciled,0.30014009255505714,0.07251311309469034,0.1583387012668323,0.11542590718076132,0.08582558817214196,0.14180139128822483,False,0.18471418537429582,0.021167253324926572,87,3145,0.16373772632530575
ge15,age,A,0.85,70+,BN,M2_logit,0.3009172547147738,0.07251311309469034,0.1583387012668323,0.11542590718076132,0.08582558817214196,0.14257855344794151,False,0.1854913475340125,,87,3145,0.16373772632530575
ge15,age,A,0.85,70+,BN,M3_probit,0.30091622411812646,0.07251311309469034,0.1583387012668323,0.11542590718076132,0.08582558817214196,0.14257752285129416,False,0.18549031693736515,,87,3145,0.16373772632530575
ge15,age,A,0.85,70+,BN,M1_lpm,0.30036589842055106,0.07251311309469034,0.1583387012668323,0.11542590718076132,0.08582558817214196,0.14202719715371875,False,0.18493999123978974,,87,3145,0.16373772632530575
ge15,age,A,0.85,70+,BN,bivariate,0.3601672495746976,0.07251311309469034,0.1583387012668323,0.11542590718076132,0.08582558817214196,0.20182854830786529,False,0.24474134239393627,,87,3145,0.16373772632530575
ge15,age,A,0.85,70+,PH,reconciled,0.21981629799588467,0.3113401429404006,0.40127603447747,0.35630808870893527,0.08993589153706943,0.0915238449445159,False,-0.1364917907130506,0.020510675005774623,87,3145,0.16373772632530575
ge15,age,A,0.85,70+,PH,M2_logit,0.21618690239655472,0.3113401429404006,0.40127603447747,0.35630808870893527,0.08993589153706943,0.09515324054384586,False,-0.14012118631238055,,87,3145,0.16373772632530575
ge15,age,A,0.85,70+,PH,M3_probit,0.21618495695323198,0.3113401429404006,0.40127603447747,0.35630808870893527,0.08993589153706943,0.0951551859871686,False,-0.1401231317557033,,87,3145,0.16373772632530575
ge15,age,A,0.85,70+,PH,M1_lpm,0.21002932033126043,0.3113401429404006,0.40127603447747,0.35630808870893527,0.08993589153706943,0.10131082260914015,False,-0.14627876837767484,,87,3145,0.16373772632530575
ge15,age,A,0.85,70+,PH,bivariate,0.24999050022980243,0.3113401429404006,0.40127603447747,0.35630808870893527,0.08993589153706943,0.061349642710598146,False,-0.10631758847913284,,87,3145,0.16373772632530575
ge15,age,A,0.85,70+,PN,reconciled,0.05419895892683819,0.001840434342504831,0.03239164442808503,0.01711603938529493,0.030551210085580198,0.021807314498753158,False,0.03708291954154326,0.008771281295465021,87,3145,0.16373772632530575
ge15,age,A,0.85,70+,PN,M2_logit,0.05359589465954964,0.001840434342504831,0.03239164442808503,0.01711603938529493,0.030551210085580198,0.021204250231464612,False,0.03647985527425471,,87,3145,0.16373772632530575
ge15,age,A,0.85,70+,PN,M3_probit,0.053586606219159144,0.001840434342504831,0.03239164442808503,0.01711603938529493,0.030551210085580198,0.021194961791074114,False,0.03647056683386421,,87,3145,0.16373772632530575
ge15,age,A,0.85,70+,PN,M1_lpm,0.060576106876428136,0.001840434342504831,0.03239164442808503,0.01711603938529493,0.030551210085580198,0.028184462448343106,False,0.04346006749113321,,87,3145,0.16373772632530575
ge15,age,A,0.85,70+,PN,bivariate,-0.004066722145089491,0.001840434342504831,0.03239164442808503,0.01711603938529493,0.030551210085580198,0.005907156487594322,False,-0.021182761530384422,,87,3145,0.16373772632530575
jhr_se16,ethnicity,A,0.95,Malay,turnout,reconciled,0.7386854501255036,0.7678979447042196,0.787621298205038,0.7777596214546287,0.01972335350081844,0.029212494578715997,False,-0.03907417132912516,0.006507646933986552,688,4135,0.24503197033350171
jhr_se16,ethnicity,A,0.95,Malay,turnout,M2_logit,0.7466062562104978,0.7678979447042196,0.787621298205038,0.7777596214546287,0.01972335350081844,0.02129168849372176,False,-0.031153365244130926,,688,4135,0.24503197033350171
jhr_se16,ethnicity,A,0.95,Malay,turnout,M3_probit,0.7466060681693028,0.7678979447042196,0.787621298205038,0.7777596214546287,0.01972335350081844,0.02129187653491682,False,-0.031153553285325986,,688,4135,0.24503197033350171
jhr_se16,ethnicity,A,0.95,Malay,turnout,M1_lpm,0.7456153740400732,0.7678979447042196,0.787621298205038,0.7777596214546287,0.01972335350081844,0.022282570664146406,False,-0.03214424741455557,,688,4135,0.24503197033350171
jhr_se16,ethnicity,A,0.95,Malay,turnout,bivariate,0.7437529448867355,0.7678979447042196,0.787621298205038,0.7777596214546287,0.01972335350081844,0.02414499981748408,False,-0.034006676567893246,,688,4135,0.24503197033350171
jhr_se16,ethnicity,A,0.95,Malay,BN,reconciled,0.6257307282129664,0.6366668342634957,0.6563901877643141,0.646528511013905,0.01972335350081844,0.010936106050529304,False,-0.02079778280093858,0.013424725482700515,688,4135,0.24503197033350171
jhr_se16,ethnicity,A,0.95,Malay,BN,M2_logit,0.6236504724886223,0.6366668342634957,0.6563901877643141,0.646528511013905,0.01972335350081844,0.01301636177487342,False,-0.022878038525282696,,688,4135,0.24503197033350171
jhr_se16,ethnicity,A,0.95,Malay,BN,M3_probit,0.6236512163183224,0.6366668342634957,0.6563901877643141,0.646528511013905,0.01972335350081844,0.013015617945173252,False,-0.02287729469558253,,688,4135,0.24503197033350171
jhr_se16,ethnicity,A,0.95,Malay,BN,M1_lpm,0.6240227728616798,0.6366668342634957,0.6563901877643141,0.646528511013905,0.01972335350081844,0.012644061401815843,False,-0.02250573815222512,,688,4135,0.24503197033350171
jhr_se16,ethnicity,A,0.95,Malay,BN,bivariate,0.6485289300117558,0.6366668342634957,0.6563901877643141,0.646528511013905,0.01972335350081844,0.0,True,0.0020004189978508613,,688,4135,0.24503197033350171
jhr_se16,ethnicity,A,0.95,Malay,PH,reconciled,0.038745913008265846,0.018237328283082218,0.03652493561488483,0.027381131948983527,0.018287607331802614,0.0022209773933810142,False,0.01136478105928232,0.0029283783158635312,688,4135,0.24503197033350171
jhr_se16,ethnicity,A,0.95,Malay,PH,M2_logit,0.03617753904383435,0.018237328283082218,0.03652493561488483,0.027381131948983527,0.018287607331802614,0.0,True,0.00879640709485082,,688,4135,0.24503197033350171
jhr_se16,ethnicity,A,0.95,Malay,PH,M3_probit,0.036181069873171975,0.018237328283082218,0.03652493561488483,0.027381131948983527,0.018287607331802614,0.0,True,0.008799937924188449,,688,4135,0.24503197033350171
jhr_se16,ethnicity,A,0.95,Malay,PH,M1_lpm,0.03400691049628594,0.018237328283082218,0.03652493561488483,0.027381131948983527,0.018287607331802614,0.0,True,0.0066257785473024106,,688,4135,0.24503197033350171
jhr_se16,ethnicity,A,0.95,Malay,PH,bivariate,0.006058724072513788,0.018237328283082218,0.03652493561488483,0.027381131948983527,0.018287607331802614,0.01217860421056843,False,-0.02132240787646974,,688,4135,0.24503197033350171
jhr_se16,ethnicity,A,0.95,Malay,PN,reconciled,0.06288327902501954,0.06910575918570287,0.08337942246132703,0.07624259082351495,0.014273663275624154,0.00622248016068333,False,-0.013359311798495407,0.010601968638494505,688,4135,0.24503197033350171
jhr_se16,ethnicity,A,0.95,Malay,PN,M2_logit,0.06308905386636404,0.06910575918570287,0.08337942246132703,0.07624259082351495,0.014273663275624154,0.00601670531933883,False,-0.013153536957150908,,688,4135,0.24503197033350171
jhr_se16,ethnicity,A,0.95,Malay,PN,M3_probit,0.06310706914647052,0.06910575918570287,0.08337942246132703,0.07624259082351495,0.014273663275624154,0.0059986900392323544,False,-0.013135521677044432,,688,4135,0.24503197033350171
jhr_se16,ethnicity,A,0.95,Malay,PN,M1_lpm,0.0754536579522357,0.06910575918570287,0.08337942246132703,0.07624259082351495,0.014273663275624154,0.0,True,-0.0007889328712792493,,688,4135,0.24503197033350171
jhr_se16,ethnicity,A,0.95,Malay,PN,bivariate,0.073503300212531,0.06910575918570287,0.08337942246132703,0.07624259082351495,0.014273663275624154,0.0,True,-0.0027392906109839493,,688,4135,0.24503197033350171
jhr_se16,ethnicity,A,0.95,Chinese,turnout,reconciled,0.6209817676097447,0.6587353324641461,0.6923076923076923,0.6755215123859192,0.03357235984354623,0.0377535648544014,False,-0.054539744776174515,0.008230203811629793,65,4135,0.028135230888839752
jhr_se16,ethnicity,A,0.95,Chinese,turnout,M2_logit,0.6180544642971251,0.6587353324641461,0.6923076923076923,0.6755215123859192,0.03357235984354623,0.04068086816702099,False,-0.057467048088794104,,65,4135,0.028135230888839752
jhr_se16,ethnicity,A,0.95,Chinese,turnout,M3_probit,0.618054493986364,0.6587353324641461,0.6923076923076923,0.6755215123859192,0.03357235984354623,0.04068083847778203,False,-0.05746701839955515,,65,4135,0.028135230888839752
jhr_se16,ethnicity,A,0.95,Chinese,turnout,M1_lpm,0.618758323328329,0.6587353324641461,0.6923076923076923,0.6755215123859192,0.03357235984354623,0.03997700913581703,False,-0.05676318905759015,,65,4135,0.028135230888839752
jhr_se16,ethnicity,A,0.95,Chinese,turnout,bivariate,0.6005358206374357,0.6587353324641461,0.6923076923076923,0.6755215123859192,0.03357235984354623,0.05819951182671035,False,-0.07498569174848346,,65,4135,0.028135230888839752
jhr_se16,ethnicity,A,0.95,Chinese,BN,reconciled,0.07750222523903749,0.08485441112559756,0.1183905548312328,0.10162248297841518,0.033536143705635235,0.0073521858865600725,False,-0.02412025773937769,0.009701254066609932,65,4135,0.028135230888839752
jhr_se16,ethnicity,A,0.95,Chinese,BN,M2_logit,0.076251728124264,0.08485441112559756,0.1183905548312328,0.10162248297841518,0.033536143705635235,0.008602683001333558,False,-0.025370754854151176,,65,4135,0.028135230888839752
jhr_se16,ethnicity,A,0.95,Chinese,BN,M3_probit,0.07625027875695428,0.08485441112559756,0.1183905548312328,0.10162248297841518,0.033536143705635235,0.008604132368643283,False,-0.0253722042214609,,65,4135,0.028135230888839752
jhr_se16,ethnicity,A,0.95,Chinese,BN,M1_lpm,0.07135765650003449,0.08485441112559756,0.1183905548312328,0.10162248297841518,0.033536143705635235,0.013496754625563073,False,-0.03026482647838069,,65,4135,0.028135230888839752
jhr_se16,ethnicity,A,0.95,Chinese,BN,bivariate,0.04568877372056912,0.08485441112559756,0.1183905548312328,0.10162248297841518,0.033536143705635235,0.039165637405028444,False,-0.05593370925784606,,65,4135,0.028135230888839752
jhr_se16,ethnicity,A,0.95,Chinese,PH,reconciled,0.5241543829370668,0.5095972765464291,0.5431696363899754,0.5263834564682022,0.03357235984354634,0.0,True,-0.0022290735311353282,0.007716957380112605,65,4135,0.028135230888839752
jhr_se16,ethnicity,A,0.95,Chinese,PH,M2_logit,0.525791633567392,0.5095972765464291,0.5431696363899754,0.5263834564682022,0.03357235984354634,0.0,True,-0.0005918229008101683,,65,4135,0.028135230888839752
jhr_se16,ethnicity,A,0.95,Chinese,PH,M3_probit,0.5257925627411052,0.5095972765464291,0.5431696363899754,0.5263834564682022,0.03357235984354634,0.0,True,-0.000590893727096975,,65,4135,0.028135230888839752
jhr_se16,ethnicity,A,0.95,Chinese,PH,M1_lpm,0.5259623222222782,0.5095972765464291,0.5431696363899754,0.5263834564682022,0.03357235984354634,0.0,True,-0.00042113424592393756,,65,4135,0.028135230888839752
jhr_se16,ethnicity,A,0.95,Chinese,PH,bivariate,0.5385097536920789,0.5095972765464291,0.5431696363899754,0.5263834564682022,0.03357235984354634,0.0,True,0.012126297223876703,,65,4135,0.028135230888839752
jhr_se16,ethnicity,A,0.95,Chinese,PN,reconciled,8.721718846942873e-06,0.00018108068955526583,0.005359988410835868,0.002770534550195567,0.005178907721280603,0.00017235897070832295,False,-0.002761812831348624,7.015490260447468e-05,65,4135,0.028135230888839752
jhr_se16,ethnicity,A,0.95,Chinese,PN,M2_logit,8.987210573782388e-06,0.00018108068955526583,0.005359988410835868,0.002770534550195567,0.005178907721280603,0.00017209347898148344,False,-0.0027615473396217843,,65,4135,0.028135230888839752
jhr_se16,ethnicity,A,0.95,Chinese,PN,M3_probit,7.45808044314778e-07,0.00018108068955526583,0.005359988410835868,0.002770534550195567,0.005178907721280603,0.00018033488151095105,False,-0.002769788742151252,,65,4135,0.028135230888839752
jhr_se16,ethnicity,A,0.95,Chinese,PN,M1_lpm,-0.003541739960497465,0.00018108068955526583,0.005359988410835868,0.002770534550195567,0.005178907721280603,0.0037228206500527308,False,-0.006312274510693032,,65,4135,0.028135230888839752
jhr_se16,ethnicity,A,0.95,Chinese,PN,bivariate,-0.013558436065699966,0.00018108068955526583,0.005359988410835868,0.002770534550195567,0.005178907721280603,0.013739516755255232,False,-0.016328970615895534,,65,4135,0.028135230888839752
jhr_se16,ethnicity,B,0.95,Malay,turnout,reconciled,0.7578003036485758,0.7504022903400958,0.7847080309985686,0.7675551606693322,0.034305740658472805,0.0,True,-0.009754857020756402,0.008197059170173656,189,328,0.06933065579223595
jhr_se16,ethnicity,B,0.95,Malay,turnout,M2_logit,0.7626356375819483,0.7504022903400958,0.7847080309985686,0.7675551606693322,0.034305740658472805,0.0,True,-0.004919523087383859,,189,328,0.06933065579223595
jhr_se16,ethnicity,B,0.95,Malay,turnout,M3_probit,0.7626383041336786,0.7504022903400958,0.7847080309985686,0.7675551606693322,0.034305740658472805,0.0,True,-0.0049168565356535465,,189,328,0.06933065579223595
jhr_se16,ethnicity,B,0.95,Malay,turnout,M1_lpm,0.761898431820971,0.7504022903400958,0.7847080309985686,0.7675551606693322,0.034305740658472805,0.0,True,-0.005656728848361214,,189,328,0.06933065579223595
jhr_se16,ethnicity,B,0.95,Malay,turnout,bivariate,0.7537288128702951,0.7504022903400958,0.7847080309985686,0.7675551606693322,0.034305740658472805,0.0,True,-0.01382634779903702,,189,328,0.06933065579223595
jhr_se16,ethnicity,B,0.95,Malay,BN,reconciled,0.6081670451549516,0.6064563897527026,0.6407621304111752,0.623609260081939,0.034305740658472694,0.0,True,-0.015442214926987385,0.019586917216479073,189,328,0.06933065579223595
jhr_se16,ethnicity,B,0.95,Malay,BN,M2_logit,0.6062320120221675,0.6064563897527026,0.6407621304111752,0.623609260081939,0.034305740658472694,0.0002243777305350747,False,-0.017377248059771477,,189,328,0.06933065579223595
jhr_se16,ethnicity,B,0.95,Malay,BN,M3_probit,0.6062369987277235,0.6064563897527026,0.6407621304111752,0.623609260081939,0.034305740658472694,0.00021939102497903207,False,-0.017372261354215435,,189,328,0.06933065579223595
jhr_se16,ethnicity,B,0.95,Malay,BN,M1_lpm,0.6073242650779731,0.6064563897527026,0.6407621304111752,0.623609260081939,0.034305740658472694,0.0,True,-0.016284995003965852,,189,328,0.06933065579223595
jhr_se16,ethnicity,B,0.95,Malay,BN,bivariate,0.6235135528942791,0.6064563897527026,0.6407621304111752,0.623609260081939,0.034305740658472694,0.0,True,-9.570718765983255e-05,,189,328,0.06933065579223595
jhr_se16,ethnicity,B,0.95,Malay,PH,reconciled,0.04477762202939929,0.01606199713707488,0.0479885482995212,0.03202527271829804,0.03192655116244632,0.0,True,0.012752349311101252,0.0039060716410598,189,328,0.06933065579223595
jhr_se16,ethnicity,B,0.95,Malay,PH,M2_logit,0.04346217705630821,0.01606199713707488,0.0479885482995212,0.03202527271829804,0.03192655116244632,0.0,True,0.011436904338010173,,189,328,0.06933065579223595
jhr_se16,ethnicity,B,0.95,Malay,PH,M3_probit,0.04350204279988956,0.01606199713707488,0.0479885482995212,0.03202527271829804,0.03192655116244632,0.0,True,0.011476770081591522,,189,328,0.06933065579223595
jhr_se16,ethnicity,B,0.95,Malay,PH,M1_lpm,0.045265513066633,0.01606199713707488,0.0479885482995212,0.03202527271829804,0.03192655116244632,0.0,True,0.013240240348334958,,189,328,0.06933065579223595
jhr_se16,ethnicity,B,0.95,Malay,PH,bivariate,0.01652855330510189,0.01606199713707488,0.0479885482995212,0.03202527271829804,0.03192655116244632,0.0,True,-0.01549671941319615,,189,328,0.06933065579223595
jhr_se16,ethnicity,B,0.95,Malay,PN,reconciled,0.09074945339998733,0.05750530628362703,0.08012241472925613,0.06881386050644159,0.0226171084456291,0.010627038670731198,False,0.02193559289354574,0.016788018988767053,189,328,0.06933065579223595
jhr_se16,ethnicity,B,0.95,Malay,PN,M2_logit,0.09069914177176622,0.05750530628362703,0.08012241472925613,0.06881386050644159,0.0226171084456291,0.010576727042510087,False,0.02188528126532463,,189,328,0.06933065579223595
jhr_se16,ethnicity,B,0.95,Malay,PN,M3_probit,0.09078464664350144,0.05750530628362703,0.08012241472925613,0.06881386050644159,0.0226171084456291,0.010662231914245313,False,0.021970786137059856,,189,328,0.06933065579223595
jhr_se16,ethnicity,B,0.95,Malay,PN,M1_lpm,0.09225206861813774,0.05750530628362703,0.08012241472925613,0.06881386050644159,0.0226171084456291,0.012129653888881611,False,0.023438208111696154,,189,328,0.06933065579223595
jhr_se16,ethnicity,B,0.95,Malay,PN,bivariate,0.09538454406597663,0.05750530628362703,0.08012241472925613,0.06881386050644159,0.0226171084456291,0.015262129336720498,False,0.02657068355953504,,189,328,0.06933065579223595
jhr_se16,ethnicity,B,0.95,Chinese,turnout,reconciled,0.5989939133608971,0.6547802291773559,0.6883016931759877,0.6715409611766718,0.03352146399863176,0.055786315816458765,False,-0.0725470478157747,0.01729983147582379,56,328,0.023831188614666963
jhr_se16,ethnicity,B,0.95,Chinese,turnout,M2_logit,0.6034014442443163,0.6547802291773559,0.6883016931759877,0.6715409611766718,0.03352146399863176,0.0513787849330396,False,-0.06813951693235554,,56,328,0.023831188614666963
jhr_se16,ethnicity,B,0.95,Chinese,turnout,M3_probit,0.6034010929602512,0.6547802291773559,0.6883016931759877,0.6715409611766718,0.03352146399863176,0.05137913621710466,False,-0.0681398682164206,,56,328,0.023831188614666963
jhr_se16,ethnicity,B,0.95,Chinese,turnout,M1_lpm,0.604430469771493,0.6547802291773559,0.6883016931759877,0.6715409611766718,0.03352146399863176,0.05034975940586295,False,-0.06711049140517888,,56,328,0.023831188614666963
jhr_se16,ethnicity,B,0.95,Chinese,turnout,bivariate,0.5923945879056403,0.6547802291773559,0.6883016931759877,0.6715409611766718,0.03352146399863176,0.06238564127171564,False,-0.07914637327103158,,56,328,0.023831188614666963
jhr_se16,ethnicity,B,0.95,Chinese,BN,reconciled,0.09167766848333628,0.09064477509834103,0.1241662390969728,0.10740550709765692,0.033521463998631776,0.0,True,-0.015727838614320644,0.016080834765502906,56,328,0.023831188614666963
jhr_se16,ethnicity,B,0.95,Chinese,BN,M2_logit,0.0848420035048666,0.09064477509834103,0.1241662390969728,0.10740550709765692,0.033521463998631776,0.005802771593474421,False,-0.022563503592790315,,56,328,0.023831188614666963
jhr_se16,ethnicity,B,0.95,Chinese,BN,M3_probit,0.08481860214232695,0.09064477509834103,0.1241662390969728,0.10740550709765692,0.033521463998631776,0.005826172956014078,False,-0.022586904955329973,,56,328,0.023831188614666963
jhr_se16,ethnicity,B,0.95,Chinese,BN,M1_lpm,0.08608983530829084,0.09064477509834103,0.1241662390969728,0.10740550709765692,0.033521463998631776,0.004554939790050186,False,-0.02131567178936608,,56,328,0.023831188614666963
jhr_se16,ethnicity,B,0.95,Chinese,BN,bivariate,0.08443219170671445,0.09064477509834103,0.1241662390969728,0.10740550709765692,0.033521463998631776,0.006212583391626572,False,-0.022973315390942467,,56,328,0.023831188614666963
jhr_se16,ethnicity,B,0.95,Chinese,PH,reconciled,0.49627568523372195,0.5063280314691294,0.5398494954677613,0.5230887634684454,0.03352146399863187,0.010052346235407461,False,-0.026813078234723398,0.02244893834447866,56,328,0.023831188614666963
jhr_se16,ethnicity,B,0.95,Chinese,PH,M2_logit,0.49897977473905103,0.5063280314691294,0.5398494954677613,0.5230887634684454,0.03352146399863187,0.007348256730078384,False,-0.02410898872939432,,56,328,0.023831188614666963
jhr_se16,ethnicity,B,0.95,Chinese,PH,M3_probit,0.4990651238688736,0.5063280314691294,0.5398494954677613,0.5230887634684454,0.03352146399863187,0.00726290760025583,False,-0.024023639599571767,,56,328,0.023831188614666963
jhr_se16,ethnicity,B,0.95,Chinese,PH,M1_lpm,0.5056139790304837,0.5063280314691294,0.5398494954677613,0.5230887634684454,0.03352146399863187,0.0007140524386457514,False,-0.017474784437961688,,56,328,0.023831188614666963
jhr_se16,ethnicity,B,0.95,Chinese,PH,bivariate,0.5007788056179817,0.5063280314691294,0.5398494954677613,0.5230887634684454,0.03352146399863187,0.005549225851147699,False,-0.022309957850463635,,56,328,0.023831188614666963
jhr_se16,ethnicity,B,0.95,Chinese,PN,reconciled,0.00022734120653027372,0.0002137848469300496,0.00547289208140927,0.0028433384641696597,0.005259107234479221,0.0,True,-0.002615997257639386,0.0008491540849015831,56,328,0.023831188614666963
jhr_se16,ethnicity,B,0.95,Chinese,PN,M2_logit,0.0002153340028898447,0.0002137848469300496,0.00547289208140927,0.0028433384641696597,0.005259107234479221,0.0,True,-0.002628004461279815,,56,328,0.023831188614666963
jhr_se16,ethnicity,B,0.95,Chinese,PN,M3_probit,2.9747692014275305e-05,0.0002137848469300496,0.00547289208140927,0.0028433384641696597,0.005259107234479221,0.0001840371549157743,False,-0.0028135907721553843,,56,328,0.023831188614666963
jhr_se16,ethnicity,B,0.95,Chinese,PN,M1_lpm,0.0009189186404623646,0.0002137848469300496,0.00547289208140927,0.0028433384641696597,0.005259107234479221,0.0,True,-0.0019244198237072952,,56,328,0.023831188614666963
jhr_se16,ethnicity,B,0.95,Chinese,PN,bivariate,-0.006656859208317184,0.0002137848469300496,0.00547289208140927,0.0028433384641696597,0.005259107234479221,0.006870644055247233,False,-0.009500197672486844,,56,328,0.023831188614666963
jhr_se16,ethnicity,A,0.99,Malay,turnout,reconciled,0.7483628753609648,0.7745719641741304,0.7799208498229535,0.777246406998542,0.005348885648823076,0.026209088813165637,False,-0.028883531637577176,0.006077315994990415,226,4661,0.08215027357187542
jhr_se16,ethnicity,A,0.99,Malay,turnout,M2_logit,0.7566924336972812,0.7745719641741304,0.7799208498229535,0.777246406998542,0.005348885648823076,0.017879530476849204,False,-0.020553973301260742,,226,4661,0.08215027357187542
jhr_se16,ethnicity,A,0.99,Malay,turnout,M3_probit,0.7566924033462868,0.7745719641741304,0.7799208498229535,0.777246406998542,0.005348885648823076,0.017879560827843588,False,-0.020554003652255126,,226,4661,0.08215027357187542
jhr_se16,ethnicity,A,0.99,Malay,turnout,M1_lpm,0.7552825367646934,0.7745719641741304,0.7799208498229535,0.777246406998542,0.005348885648823076,0.019289427409437065,False,-0.021963870233848604,,226,4661,0.08215027357187542
jhr_se16,ethnicity,A,0.99,Malay,turnout,bivariate,0.7526369373480328,0.7745719641741304,0.7799208498229535,0.777246406998542,0.005348885648823076,0.021935026826097603,False,-0.02460946965050914,,226,4661,0.08215027357187542
jhr_se16,ethnicity,A,0.99,Malay,BN,reconciled,0.6323938186327187,0.6573380545719641,0.6626869402207873,0.6600124973963757,0.005348885648823187,0.02494423593924544,False,-0.02761867876365698,0.01132052610778735,226,4661,0.08215027357187542
jhr_se16,ethnicity,A,0.99,Malay,BN,M2_logit,0.63039501103511,0.6573380545719641,0.6626869402207873,0.6600124973963757,0.005348885648823187,0.026943043536854172,False,-0.02961748636126571,,226,4661,0.08215027357187542
jhr_se16,ethnicity,A,0.99,Malay,BN,M3_probit,0.6303955098283129,0.6573380545719641,0.6626869402207873,0.6600124973963757,0.005348885648823187,0.02694254474365121,False,-0.029616987568062747,,226,4661,0.08215027357187542
jhr_se16,ethnicity,A,0.99,Malay,BN,M1_lpm,0.630833851830508,0.6573380545719641,0.6626869402207873,0.6600124973963757,0.005348885648823187,0.02650420274145615,False,-0.02917864556586769,,226,4661,0.08215027357187542
jhr_se16,ethnicity,A,0.99,Malay,BN,bivariate,0.6491698073042793,0.6573380545719641,0.6626869402207873,0.6600124973963757,0.005348885648823187,0.008168247267684836,False,-0.010842690092096374,,226,4661,0.08215027357187542
jhr_se16,ethnicity,A,0.99,Malay,PH,reconciled,0.037758116785862286,0.021145594667777545,0.026377837950426995,0.02376171630910227,0.00523224328264945,0.011380278835435291,False,0.013996400476760016,0.0023284035579355434,226,4661,0.08215027357187542
jhr_se16,ethnicity,A,0.99,Malay,PH,M2_logit,0.03513940199731828,0.021145594667777545,0.026377837950426995,0.02376171630910227,0.00523224328264945,0.008761564046891282,False,0.011377685688216007,,226,4661,0.08215027357187542
jhr_se16,ethnicity,A,0.99,Malay,PH,M3_probit,0.035140593640336816,0.021145594667777545,0.026377837950426995,0.02376171630910227,0.00523224328264945,0.00876275568990982,False,0.011378877331234546,,226,4661,0.08215027357187542
jhr_se16,ethnicity,A,0.99,Malay,PH,M1_lpm,0.033913183002223984,0.021145594667777545,0.026377837950426995,0.02376171630910227,0.00523224328264945,0.007535345051796989,False,0.010151466693121714,,226,4661,0.08215027357187542
jhr_se16,ethnicity,A,0.99,Malay,PH,bivariate,0.012179872672307968,0.021145594667777545,0.026377837950426995,0.02376171630910227,0.00523224328264945,0.008965721995469578,False,-0.011581843636794303,,226,4661,0.08215027357187542
jhr_se16,ethnicity,A,0.99,Malay,PN,reconciled,0.0666411046623366,0.07815038533638825,0.08287440116642367,0.08051239325140597,0.0047240158300354135,0.011509280674051658,False,-0.013871288589069372,0.009571440407010993,226,4661,0.08215027357187542
jhr_se16,ethnicity,A,0.99,Malay,PN,M2_logit,0.06689886234189624,0.07815038533638825,0.08287440116642367,0.08051239325140597,0.0047240158300354135,0.011251522994492016,False,-0.01361353090950973,,226,4661,0.08215027357187542
jhr_se16,ethnicity,A,0.99,Malay,PN,M3_probit,0.06691303562653354,0.07815038533638825,0.08287440116642367,0.08051239325140597,0.0047240158300354135,0.01123734970985471,False,-0.013599357624872424,,226,4661,0.08215027357187542
jhr_se16,ethnicity,A,0.99,Malay,PN,M1_lpm,0.0785563848628809,0.07815038533638825,0.08287440116642367,0.08051239325140597,0.0047240158300354135,0.0,True,-0.0019560083885250684,,226,4661,0.08215027357187542
jhr_se16,ethnicity,A,0.99,Malay,PN,bivariate,0.07662477006434017,0.07815038533638825,0.08287440116642367,0.08051239325140597,0.0047240158300354135,0.0015256152720480864,False,-0.0038876231870658,,226,4661,0.08215027357187542
jhr_se16,ethnicity,A,0.9,Malay,turnout,reconciled,0.7338377320166539,0.7543396963073825,0.7931969638393729,0.7737683300733778,0.03885726753199037,0.02050196429072859,False,-0.03993059805672383,0.006949527051116886,1013,3719,0.3576228472555888
jhr_se16,ethnicity,A,0.9,Malay,turnout,M2_logit,0.7421379277853195,0.7543396963073825,0.7931969638393729,0.7737683300733778,0.03885726753199037,0.012201768522063006,False,-0.031630402288058246,,1013,3719,0.3576228472555888
jhr_se16,ethnicity,A,0.9,Malay,turnout,M3_probit,0.742137632983249,0.7543396963073825,0.7931969638393729,0.7737683300733778,0.03885726753199037,0.012202063324133539,False,-0.03163069709012878,,1013,3719,0.3576228472555888
jhr_se16,ethnicity,A,0.9,Malay,turnout,M1_lpm,0.7412189674892593,0.7543396963073825,0.7931969638393729,0.7737683300733778,0.03885726753199037,0.013120728818123206,False,-0.032549362584118446,,1013,3719,0.3576228472555888
jhr_se16,ethnicity,A,0.9,Malay,turnout,bivariate,0.739730265950198,0.7543396963073825,0.7931969638393729,0.7737683300733778,0.03885726753199037,0.014609430357184539,False,-0.03403806412317978,,1013,3719,0.3576228472555888
jhr_se16,ethnicity,A,0.9,Malay,BN,reconciled,0.6241720140477552,0.6146177430899786,0.6534750106219689,0.6340463768559738,0.03885726753199026,0.0,True,-0.009874362808218518,0.01542236966189618,1013,3719,0.3576228472555888
jhr_se16,ethnicity,A,0.9,Malay,BN,M2_logit,0.6221276423951307,0.6146177430899786,0.6534750106219689,0.6340463768559738,0.03885726753199026,0.0,True,-0.011918734460843017,,1013,3719,0.3576228472555888
jhr_se16,ethnicity,A,0.9,Malay,BN,M3_probit,0.6221284980567391,0.6146177430899786,0.6534750106219689,0.6340463768559738,0.03885726753199026,0.0,True,-0.011917878799234671,,1013,3719,0.3576228472555888
jhr_se16,ethnicity,A,0.9,Malay,BN,M1_lpm,0.6224699721444521,0.6146177430899786,0.6534750106219689,0.6340463768559738,0.03885726753199026,0.0,True,-0.01157640471152166,,1013,3719,0.3576228472555888
jhr_se16,ethnicity,A,0.9,Malay,BN,bivariate,0.6522002721368159,0.6146177430899786,0.6534750106219689,0.6340463768559738,0.03885726753199026,0.0,True,0.018153895280842103,,1013,3719,0.3576228472555888
jhr_se16,ethnicity,A,0.9,Malay,PH,reconciled,0.036767379773042626,0.014392289407504661,0.045620878006208586,0.030006583706856625,0.031228588598703925,0.0,True,0.006760796066186001,0.0033004768801497527,1013,3719,0.3576228472555888
jhr_se16,ethnicity,A,0.9,Malay,PH,M2_logit,0.03423842737584072,0.014392289407504661,0.045620878006208586,0.030006583706856625,0.031228588598703925,0.0,True,0.004231843668984096,,1013,3719,0.3576228472555888
jhr_se16,ethnicity,A,0.9,Malay,PH,M3_probit,0.034246241322515636,0.014392289407504661,0.045620878006208586,0.030006583706856625,0.031228588598703925,0.0,True,0.004239657615659011,,1013,3719,0.3576228472555888
jhr_se16,ethnicity,A,0.9,Malay,PH,M1_lpm,0.03156191652601349,0.014392289407504661,0.045620878006208586,0.030006583706856625,0.031228588598703925,0.0,True,0.0015553328191568669,,1013,3719,0.3576228472555888
jhr_se16,ethnicity,A,0.9,Malay,PH,bivariate,-0.001048804341615639,0.014392289407504661,0.045620878006208586,0.030006583706856625,0.031228588598703925,0.0154410937491203,False,-0.031055388048472264,,1013,3719,0.3576228472555888
jhr_se16,ethnicity,A,0.9,Malay,PN,reconciled,0.060430493102049634,0.05679786871629199,0.08114418700789662,0.0689710278620943,0.024346318291604628,0.0,True,-0.008540534760044668,0.011258999128045614,1013,3719,0.3576228472555888
jhr_se16,ethnicity,A,0.9,Malay,PN,M2_logit,0.06061483774676327,0.05679786871629199,0.08114418700789662,0.0689710278620943,0.024346318291604628,0.0,True,-0.008356190115331036,,1013,3719,0.3576228472555888
jhr_se16,ethnicity,A,0.9,Malay,PN,M3_probit,0.06063847134130224,0.05679786871629199,0.08114418700789662,0.0689710278620943,0.024346318291604628,0.0,True,-0.00833255652079206,,1013,3719,0.3576228472555888
jhr_se16,ethnicity,A,0.9,Malay,PN,M1_lpm,0.07422873389907593,0.05679786871629199,0.08114418700789662,0.0689710278620943,0.024346318291604628,0.0,True,0.005257706036981627,,1013,3719,0.3576228472555888
jhr_se16,ethnicity,A,0.9,Malay,PN,bivariate,0.07253593233369512,0.05679786871629199,0.08114418700789662,0.0689710278620943,0.024346318291604628,0.0,True,0.0035649044716008216,,1013,3719,0.3576228472555888
jhr_se16,ethnicity,A,0.9,Chinese,turnout,reconciled,0.6201284421687497,0.6327764841930896,0.6935819099560876,0.6631791970745886,0.06080542576299797,0.01264804202433989,False,-0.04305075490583887,0.008547711783562584,154,3719,0.06520359118527251
jhr_se16,ethnicity,A,0.9,Chinese,turnout,M2_logit,0.6173837014325251,0.6327764841930896,0.6935819099560876,0.6631791970745886,0.06080542576299797,0.01539278276056455,False,-0.04579549564206353,,154,3719,0.06520359118527251
jhr_se16,ethnicity,A,0.9,Chinese,turnout,M3_probit,0.6173836797297843,0.6327764841930896,0.6935819099560876,0.6631791970745886,0.06080542576299797,0.015392804463305376,False,-0.04579551734480436,,154,3719,0.06520359118527251
jhr_se16,ethnicity,A,0.9,Chinese,turnout,M1_lpm,0.6180572365059448,0.6327764841930896,0.6935819099560876,0.6631791970745886,0.06080542576299797,0.014719247687144832,False,-0.045121960568643815,,154,3719,0.06520359118527251
jhr_se16,ethnicity,A,0.9,Chinese,turnout,bivariate,0.603332088769603,0.6327764841930896,0.6935819099560876,0.6631791970745886,0.06080542576299797,0.029444395423486647,False,-0.05984710830498563,,154,3719,0.06520359118527251
jhr_se16,ethnicity,A,0.9,Chinese,BN,reconciled,0.07613830196484445,0.06577487459173946,0.12506446218999548,0.09541966839086746,0.05928958759825602,0.0,True,-0.019281366426023017,0.010047605017989621,154,3719,0.06520359118527251
jhr_se16,ethnicity,A,0.9,Chinese,BN,M2_logit,0.07472185172682928,0.06577487459173946,0.12506446218999548,0.09541966839086746,0.05928958759825602,0.0,True,-0.02069781666403818,,154,3719,0.06520359118527251
jhr_se16,ethnicity,A,0.9,Chinese,BN,M3_probit,0.07471998613201497,0.06577487459173946,0.12506446218999548,0.09541966839086746,0.05928958759825602,0.0,True,-0.020699682258852492,,154,3719,0.06520359118527251
jhr_se16,ethnicity,A,0.9,Chinese,BN,M1_lpm,0.07026351590387121,0.06577487459173946,0.12506446218999548,0.09541966839086746,0.05928958759825602,0.0,True,-0.02515615248699625,,154,3719,0.06520359118527251
jhr_se16,ethnicity,A,0.9,Chinese,BN,bivariate,0.04806347870797745,0.06577487459173946,0.12506446218999548,0.09541966839086746,0.05928958759825602,0.017711395883762013,False,-0.047356189682890015,,154,3719,0.06520359118527251
jhr_se16,ethnicity,A,0.9,Chinese,PH,reconciled,0.5247692670720439,0.4783641449578847,0.5391695707208827,0.5087668578393837,0.06080542576299797,0.0,True,0.016002409232660164,0.008004014641626814,154,3719,0.06520359118527251
jhr_se16,ethnicity,A,0.9,Chinese,PH,M2_logit,0.5259099141641409,0.4783641449578847,0.5391695707208827,0.5087668578393837,0.06080542576299797,0.0,True,0.01714305632475721,,154,3719,0.06520359118527251
jhr_se16,ethnicity,A,0.9,Chinese,PH,M3_probit,0.5259095147608425,0.4783641449578847,0.5391695707208827,0.5087668578393837,0.06080542576299797,0.0,True,0.017142656921458777,,154,3719,0.06520359118527251
jhr_se16,ethnicity,A,0.9,Chinese,PH,M1_lpm,0.5263729952109325,0.4783641449578847,0.5391695707208827,0.5087668578393837,0.06080542576299797,0.0,True,0.017606137371548813,,154,3719,0.06520359118527251
jhr_se16,ethnicity,A,0.9,Chinese,PH,bivariate,0.5378652023427487,0.4783641449578847,0.5391695707208827,0.5087668578393837,0.06080542576299797,0.0,True,0.029098344503365015,,154,3719,0.06520359118527251
jhr_se16,ethnicity,A,0.9,Chinese,PN,reconciled,7.535034549138597e-06,7.813598787329468e-05,0.005500773546279945,0.00278945476707662,0.005422637558406651,7.060095332415608e-05,False,-0.0027819197325274813,1.3816625302784577e-05,154,3719,0.06520359118527251
jhr_se16,ethnicity,A,0.9,Chinese,PN,M2_logit,8.599964811242504e-06,7.813598787329468e-05,0.005500773546279945,0.00278945476707662,0.005422637558406651,6.953602306205218e-05,False,-0.0027808548022653775,,154,3719,0.06520359118527251
jhr_se16,ethnicity,A,0.9,Chinese,PN,M3_probit,7.097919971170426e-07,7.813598787329468e-05,0.005500773546279945,0.00278945476707662,0.005422637558406651,7.742619587617764e-05,False,-0.002788744975079503,,154,3719,0.06520359118527251
jhr_se16,ethnicity,A,0.9,Chinese,PN,M1_lpm,-0.004164412529313911,7.813598787329468e-05,0.005500773546279945,0.00278945476707662,0.005422637558406651,0.004242548517187206,False,-0.006953867296390531,,154,3719,0.06520359118527251
jhr_se16,ethnicity,A,0.9,Chinese,PN,bivariate,-0.012345055991845308,7.813598787329468e-05,0.005500773546279945,0.00278945476707662,0.005422637558406651,0.012423191979718603,False,-0.015134510758921927,,154,3719,0.06520359118527251
jhr_se16,ethnicity,A,0.85,Malay,turnout,reconciled,0.7255381717632973,0.7463259829214282,0.8023631645607745,0.7743445737411013,0.056037181639346345,0.020787811158130887,False,-0.04880640197780406,0.00915007278318285,1238,3346,0.43178019523052724
jhr_se16,ethnicity,A,0.85,Malay,turnout,M2_logit,0.7342323256081894,0.7463259829214282,0.8023631645607745,0.7743445737411013,0.056037181639346345,0.012093657313238748,False,-0.04011224813291192,,1238,3346,0.43178019523052724
jhr_se16,ethnicity,A,0.85,Malay,turnout,M3_probit,0.7342317708369057,0.7463259829214282,0.8023631645607745,0.7743445737411013,0.056037181639346345,0.012094212084522438,False,-0.04011280290419561,,1238,3346,0.43178019523052724
jhr_se16,ethnicity,A,0.85,Malay,turnout,M1_lpm,0.7336145269762433,0.7463259829214282,0.8023631645607745,0.7743445737411013,0.056037181639346345,0.012711455945184857,False,-0.04073004676485803,,1238,3346,0.43178019523052724
jhr_se16,ethnicity,A,0.85,Malay,turnout,bivariate,0.7335626360149176,0.7463259829214282,0.8023631645607745,0.7743445737411013,0.056037181639346345,0.012763346906510598,False,-0.04078193772618377,,1238,3346,0.43178019523052724
jhr_se16,ethnicity,A,0.85,Malay,BN,reconciled,0.6217651849508145,0.5999153521682685,0.6559652151307207,0.6279402836494946,0.05604986296245218,0.0,True,-0.006175098698680159,0.013596046382535497,1238,3346,0.43178019523052724
jhr_se16,ethnicity,A,0.85,Malay,BN,M2_logit,0.6186044124216148,0.5999153521682685,0.6559652151307207,0.6279402836494946,0.05604986296245218,0.0,True,-0.009335871227879822,,1238,3346,0.43178019523052724
jhr_se16,ethnicity,A,0.85,Malay,BN,M3_probit,0.6186056339156022,0.5999153521682685,0.6559652151307207,0.6279402836494946,0.05604986296245218,0.0,True,-0.00933464973389242,,1238,3346,0.43178019523052724
jhr_se16,ethnicity,A,0.85,Malay,BN,M1_lpm,0.6184538584685402,0.5999153521682685,0.6559652151307207,0.6279402836494946,0.05604986296245218,0.0,True,-0.009486425180954439,,1238,3346,0.43178019523052724
jhr_se16,ethnicity,A,0.85,Malay,BN,bivariate,0.6520552122507939,0.5999153521682685,0.6559652151307207,0.6279402836494946,0.05604986296245218,0.0,True,0.024114928601299268,,1238,3346,0.43178019523052724
jhr_se16,ethnicity,A,0.85,Malay,PH,reconciled,0.03188009371115259,0.012254913616412169,0.05261163923537962,0.03243327642589589,0.04035672561896745,0.0,True,-0.0005531827147432986,0.00464795157744888,1238,3346,0.43178019523052724
jhr_se16,ethnicity,A,0.85,Malay,PH,M2_logit,0.02961310292789645,0.012254913616412169,0.05261163923537962,0.03243327642589589,0.04035672561896745,0.0,True,-0.0028201734979994425,,1238,3346,0.43178019523052724
jhr_se16,ethnicity,A,0.85,Malay,PH,M3_probit,0.029616341909977112,0.012254913616412169,0.05261163923537962,0.03243327642589589,0.04035672561896745,0.0,True,-0.00281693451591878,,1238,3346,0.43178019523052724
jhr_se16,ethnicity,A,0.85,Malay,PH,M1_lpm,0.027429631191937195,0.012254913616412169,0.05261163923537962,0.03243327642589589,0.04035672561896745,0.0,True,-0.005003645233958697,,1238,3346,0.43178019523052724
jhr_se16,ethnicity,A,0.85,Malay,PH,bivariate,-0.007099591253133197,0.012254913616412169,0.05261163923537962,0.03243327642589589,0.04035672561896745,0.019354504869545368,False,-0.03953286767902909,,1238,3346,0.43178019523052724
jhr_se16,ethnicity,A,0.85,Malay,PN,reconciled,0.059118927302772684,0.0494175309780946,0.07945007442351498,0.06443380270080479,0.030032543445420383,0.0,True,-0.005314875398032104,0.010109568711338494,1238,3346,0.43178019523052724
jhr_se16,ethnicity,A,0.85,Malay,PN,M2_logit,0.05929194866286991,0.0494175309780946,0.07945007442351498,0.06443380270080479,0.030032543445420383,0.0,True,-0.005141854037934879,,1238,3346,0.43178019523052724
jhr_se16,ethnicity,A,0.85,Malay,PN,M3_probit,0.0593176568156238,0.0494175309780946,0.07945007442351498,0.06443380270080479,0.030032543445420383,0.0,True,-0.0051161458851809866,,1238,3346,0.43178019523052724
jhr_se16,ethnicity,A,0.85,Malay,PN,M1_lpm,0.07494951716490675,0.0494175309780946,0.07945007442351498,0.06443380270080479,0.030032543445420383,0.0,True,0.01051571446410196,,1238,3346,0.43178019523052724
jhr_se16,ethnicity,A,0.85,Malay,PN,bivariate,0.07327596901278165,0.0494175309780946,0.07945007442351498,0.06443380270080479,0.030032543445420383,0.0,True,0.00884216631197686,,1238,3346,0.43178019523052724
jhr_se16,ethnicity,A,0.85,Chinese,turnout,reconciled,0.6208128431590331,0.6084186389321103,0.7093767914175744,0.6588977151748423,0.10095815248546403,0.0,True,-0.038084872015809235,0.008617215529085226,296,3346,0.12442391148182755
jhr_se16,ethnicity,A,0.85,Chinese,turnout,M2_logit,0.6188448195899227,0.6084186389321103,0.7093767914175744,0.6588977151748423,0.10095815248546403,0.0,True,-0.040052895584919646,,296,3346,0.12442391148182755
jhr_se16,ethnicity,A,0.85,Chinese,turnout,M3_probit,0.6188449304956312,0.6084186389321103,0.7093767914175744,0.6588977151748423,0.10095815248546403,0.0,True,-0.04005278467921114,,296,3346,0.12442391148182755
jhr_se16,ethnicity,A,0.85,Chinese,turnout,M1_lpm,0.6193805328473178,0.6084186389321103,0.7093767914175744,0.6588977151748423,0.10095815248546403,0.0,True,-0.03951718232752455,,296,3346,0.12442391148182755
jhr_se16,ethnicity,A,0.85,Chinese,turnout,bivariate,0.6065365225108914,0.6084186389321103,0.7093767914175744,0.6588977151748423,0.10095815248546403,0.0018821164212189379,False,-0.052361192663950895,,296,3346,0.12442391148182755
jhr_se16,ethnicity,A,0.85,Chinese,BN,reconciled,0.0726377866941074,0.053378101711571535,0.1468266317254934,0.10010236671853247,0.09344853001392187,0.0,True,-0.02746458002442506,0.00880772345854764,296,3346,0.12442391148182755
jhr_se16,ethnicity,A,0.85,Chinese,BN,M2_logit,0.0710276390409477,0.053378101711571535,0.1468266317254934,0.10010236671853247,0.09344853001392187,0.0,True,-0.029074727677584775,,296,3346,0.12442391148182755
jhr_se16,ethnicity,A,0.85,Chinese,BN,M3_probit,0.07102559252257554,0.053378101711571535,0.1468266317254934,0.10010236671853247,0.09344853001392187,0.0,True,-0.02907677419595693,,296,3346,0.12442391148182755
jhr_se16,ethnicity,A,0.85,Chinese,BN,M1_lpm,0.06788200447870316,0.053378101711571535,0.1468266317254934,0.10010236671853247,0.09344853001392187,0.0,True,-0.03222036223982931,,296,3346,0.12442391148182755
jhr_se16,ethnicity,A,0.85,Chinese,BN,bivariate,0.04817846628170486,0.053378101711571535,0.1468266317254934,0.10010236671853247,0.09344853001392187,0.005199635429866678,False,-0.05192390043682761,,296,3346,0.12442391148182755
jhr_se16,ethnicity,A,0.85,Chinese,PH,reconciled,0.5291432503795073,0.4311849971337319,0.5321431496191958,0.4816640733764639,0.10095815248546397,0.0,True,0.04747917700304338,0.006824651308700399,296,3346,0.12442391148182755
jhr_se16,ethnicity,A,0.85,Chinese,PH,M2_logit,0.5296808670576587,0.4311849971337319,0.5321431496191958,0.4816640733764639,0.10095815248546397,0.0,True,0.048016793681194825,,296,3346,0.12442391148182755
jhr_se16,ethnicity,A,0.85,Chinese,PH,M3_probit,0.5296823064654873,0.4311849971337319,0.5321431496191958,0.4816640733764639,0.10095815248546397,0.0,True,0.04801823308902342,,296,3346,0.12442391148182755
jhr_se16,ethnicity,A,0.85,Chinese,PH,M1_lpm,0.5302609283433658,0.4311849971337319,0.5321431496191958,0.4816640733764639,0.10095815248546397,0.0,True,0.048596854966901915,,296,3346,0.12442391148182755
jhr_se16,ethnicity,A,0.85,Chinese,PH,bivariate,0.5403757685995648,0.4311849971337319,0.5321431496191958,0.4816640733764639,0.10095815248546397,0.008232618980368978,False,0.058711695223100935,,296,3346,0.12442391148182755
jhr_se16,ethnicity,A,0.85,Chinese,PN,reconciled,9.08435277411919e-06,4.094668741298829e-05,0.004749815739906641,0.002395381213659815,0.004708869052493653,3.18623346388691e-05,False,-0.0023862968608856956,0.00020307823515932564,296,3346,0.12442391148182755
jhr_se16,ethnicity,A,0.85,Chinese,PN,M2_logit,1.0011750687221086e-05,4.094668741298829e-05,0.004749815739906641,0.002395381213659815,0.004708869052493653,3.0934936725767204e-05,False,-0.002385369462972594,,296,3346,0.12442391148182755
jhr_se16,ethnicity,A,0.85,Chinese,PN,M3_probit,8.36841423795756e-07,4.094668741298829e-05,0.004749815739906641,0.002395381213659815,0.004708869052493653,4.0109845989192536e-05,False,-0.002394544372236019,,296,3346,0.12442391148182755
jhr_se16,ethnicity,A,0.85,Chinese,PN,M1_lpm,-0.004976538182307067,4.094668741298829e-05,0.004749815739906641,0.002395381213659815,0.004708869052493653,0.0050174848697200555,False,-0.007371919395966882,,296,3346,0.12442391148182755
jhr_se16,ethnicity,A,0.85,Chinese,PN,bivariate,-0.012209012157407037,4.094668741298829e-05,0.004749815739906641,0.002395381213659815,0.004708869052493653,0.012249958844820025,False,-0.014604393371066851,,296,3346,0.12442391148182755
jhr_se16,age,A,0.95,18-29,turnout,reconciled,0.6828753446637627,0.6483275796656505,0.6502891184376572,0.6493083490516538,0.0019615387720067767,0.03258622622610541,False,0.03356699561210885,0.009185528620400221,536,3786,0.5597953300055128
jhr_se16,age,A,0.95,18-29,turnout,M2_logit,0.6839403631864032,0.6483275796656505,0.6502891184376572,0.6493083490516538,0.0019615387720067767,0.03365124474874592,False,0.03463201413474937,,536,3786,0.5597953300055128
jhr_se16,age,A,0.95,18-29,turnout,M3_probit,0.6839407262613986,0.6483275796656505,0.6502891184376572,0.6493083490516538,0.0019615387720067767,0.033651607823741325,False,0.03463237720974477,,536,3786,0.5597953300055128
jhr_se16,age,A,0.95,18-29,turnout,M1_lpm,0.6841133684597636,0.6483275796656505,0.6502891184376572,0.6493083490516538,0.0019615387720067767,0.03382425002210632,False,0.03480501940810976,,536,3786,0.5597953300055128
jhr_se16,age,A,0.95,18-29,turnout,bivariate,0.6575652044028573,0.6483275796656505,0.6502891184376572,0.6493083490516538,0.0019615387720067767,0.007276085965200019,False,0.008256855351203463,,536,3786,0.5597953300055128
jhr_se16,age,A,0.95,18-29,BN,reconciled,0.4699455362157383,0.40470930748801953,0.4066708462600263,0.4056900768740229,0.0019615387720067767,0.063274689955712,False,0.06425545934171539,0.01741453187707237,536,3786,0.5597953300055128
jhr_se16,age,A,0.95,18-29,BN,M2_logit,0.47564579398858775,0.40470930748801953,0.4066708462600263,0.4056900768740229,0.0019615387720067767,0.06897494772856144,False,0.06995571711456483,,536,3786,0.5597953300055128
jhr_se16,age,A,0.95,18-29,BN,M3_probit,0.47564580282998403,0.40470930748801953,0.4066708462600263,0.4056900768740229,0.0019615387720067767,0.06897495656995772,False,0.06995572595596111,,536,3786,0.5597953300055128
jhr_se16,age,A,0.95,18-29,BN,M1_lpm,0.475349737856956,0.40470930748801953,0.4066708462600263,0.4056900768740229,0.0019615387720067767,0.06867889159692969,False,0.06965966098293308,,536,3786,0.5597953300055128
jhr_se16,age,A,0.95,18-29,BN,bivariate,0.4878287104778257,0.40470930748801953,0.4066708462600263,0.4056900768740229,0.0019615387720067767,0.08115786421779941,False,0.0821386336038028,,536,3786,0.5597953300055128
jhr_se16,age,A,0.95,18-29,PH,reconciled,0.15263067602350774,0.18979031177434502,0.191716871116947,0.19075359144564602,0.001926559342601969,0.03715963575083728,False,-0.038122915422138276,0.011510822241806546,536,3786,0.5597953300055128
jhr_se16,age,A,0.95,18-29,PH,M2_logit,0.14957858449246042,0.18979031177434502,0.191716871116947,0.19075359144564602,0.001926559342601969,0.0402117272818846,False,-0.0411750069531856,,536,3786,0.5597953300055128
jhr_se16,age,A,0.95,18-29,PH,M3_probit,0.14957764479068364,0.18979031177434502,0.191716871116947,0.19075359144564602,0.001926559342601969,0.04021266698366138,False,-0.04117594665496238,,536,3786,0.5597953300055128
jhr_se16,age,A,0.95,18-29,PH,M1_lpm,0.1485548749022843,0.18979031177434502,0.191716871116947,0.19075359144564602,0.001926559342601969,0.041235436872060716,False,-0.042198716543361714,,536,3786,0.5597953300055128
jhr_se16,age,A,0.95,18-29,PH,bivariate,0.1139380030331962,0.18979031177434502,0.191716871116947,0.19075359144564602,0.001926559342601969,0.07585230874114882,False,-0.07681558841244981,,536,3786,0.5597953300055128
jhr_se16,age,A,0.95,18-29,PN,reconciled,0.045952700863169466,0.028257997508388335,0.02920782355299518,0.02873291053069176,0.0009498260446068468,0.016744877310174284,False,0.017219790332477707,0.008058104226038887,536,3786,0.5597953300055128
jhr_se16,age,A,0.95,18-29,PN,M2_logit,0.0468515892760335,0.028257997508388335,0.02920782355299518,0.02873291053069176,0.0009498260446068468,0.01764376572303832,False,0.018118678745341742,,536,3786,0.5597953300055128
jhr_se16,age,A,0.95,18-29,PN,M3_probit,0.04685083980926368,0.028257997508388335,0.02920782355299518,0.02873291053069176,0.0009498260446068468,0.0176430162562685,False,0.018117929278571924,,536,3786,0.5597953300055128
jhr_se16,age,A,0.95,18-29,PN,M1_lpm,0.046033298343949224,0.028257997508388335,0.02920782355299518,0.02873291053069176,0.0009498260446068468,0.016825474790954042,False,0.017300387813257465,,536,3786,0.5597953300055128
jhr_se16,age,A,0.95,18-29,PN,bivariate,0.045403377755562926,0.028257997508388335,0.02920782355299518,0.02873291053069176,0.0009498260446068468,0.016195554202567745,False,0.016670467224871168,,536,3786,0.5597953300055128
jhr_se16,age,A,0.95,30-39,turnout,reconciled,0.6561661045373217,0.6420084746312626,0.6465507731641003,0.6442796238976815,0.0045422985328376075,0.009615331373221458,False,0.011886480639640262,0.006720815710745658,231,3786,0.26477182722060627
jhr_se16,age,A,0.95,30-39,turnout,M2_logit,0.6553644729929431,0.6420084746312626,0.6465507731641003,0.6442796238976815,0.0045422985328376075,0.008813699828842836,False,0.01108484909526164,,231,3786,0.26477182722060627
jhr_se16,age,A,0.95,30-39,turnout,M3_probit,0.6553644939234876,0.6420084746312626,0.6465507731641003,0.6442796238976815,0.0045422985328376075,0.008813720759387356,False,0.01108487002580616,,231,3786,0.26477182722060627
jhr_se16,age,A,0.95,30-39,turnout,M1_lpm,0.6552619687102973,0.6420084746312626,0.6465507731641003,0.6442796238976815,0.0045422985328376075,0.008711195546197037,False,0.01098234481261584,,231,3786,0.26477182722060627
jhr_se16,age,A,0.95,30-39,turnout,bivariate,0.6337814777180395,0.6420084746312626,0.6465507731641003,0.6442796238976815,0.0045422985328376075,0.00822699691322315,False,-0.010498146179641954,,231,3786,0.26477182722060627
jhr_se16,age,A,0.95,30-39,BN,reconciled,0.4242115498021771,0.38599804032263296,0.39054033885547057,0.38826918958905177,0.0045422985328376075,0.03367121094670655,False,0.03594236021312536,0.013769377137100497,231,3786,0.26477182722060627
jhr_se16,age,A,0.95,30-39,BN,M2_logit,0.42315950880947134,0.38599804032263296,0.39054033885547057,0.38826918958905177,0.0045422985328376075,0.03261916995400077,False,0.034890319220419574,,231,3786,0.26477182722060627
jhr_se16,age,A,0.95,30-39,BN,M3_probit,0.4231594203602843,0.38599804032263296,0.39054033885547057,0.38826918958905177,0.0045422985328376075,0.03261908150481374,False,0.034890230771232544,,231,3786,0.26477182722060627
jhr_se16,age,A,0.95,30-39,BN,M1_lpm,0.42311366925512983,0.38599804032263296,0.39054033885547057,0.38826918958905177,0.0045422985328376075,0.03257333039965926,False,0.034844479666078065,,231,3786,0.26477182722060627
jhr_se16,age,A,0.95,30-39,BN,bivariate,0.45529891018256274,0.38599804032263296,0.39054033885547057,0.38826918958905177,0.0045422985328376075,0.06475857132709217,False,0.06702972059351098,,231,3786,0.26477182722060627
jhr_se16,age,A,0.95,30-39,PH,reconciled,0.1778808803817743,0.20115244602775995,0.2055000746234759,0.2033262603256179,0.004347628595715941,0.023271565645985648,False,-0.025445379943843605,0.010882883636148786,231,3786,0.26477182722060627
jhr_se16,age,A,0.95,30-39,PH,M2_logit,0.1784849361882765,0.20115244602775995,0.2055000746234759,0.2033262603256179,0.004347628595715941,0.022667509839483457,False,-0.024841324137341414,,231,3786,0.26477182722060627
jhr_se16,age,A,0.95,30-39,PH,M3_probit,0.17848491752325962,0.20115244602775995,0.2055000746234759,0.2033262603256179,0.004347628595715941,0.022667528504500323,False,-0.02484134280235828,,231,3786,0.26477182722060627
jhr_se16,age,A,0.95,30-39,PH,M1_lpm,0.17768843759981834,0.20115244602775995,0.2055000746234759,0.2033262603256179,0.004347628595715941,0.023464008427941607,False,-0.025637822725799564,,231,3786,0.26477182722060627
jhr_se16,age,A,0.95,30-39,PH,bivariate,0.12272678207409371,0.20115244602775995,0.2055000746234759,0.2033262603256179,0.004347628595715941,0.07842566395366624,False,-0.08059947825152419,,231,3786,0.26477182722060627
jhr_se16,age,A,0.95,30-39,PN,reconciled,0.03736621617545841,0.026702226375180882,0.028402343826042946,0.027552285100611914,0.001700117450862064,0.008963872349415467,False,0.009813931074846498,0.007542636810344685,231,3786,0.26477182722060627
jhr_se16,age,A,0.95,30-39,PN,M2_logit,0.03697538681417015,0.026702226375180882,0.028402343826042946,0.027552285100611914,0.001700117450862064,0.008573042988127201,False,0.009423101713558233,,231,3786,0.26477182722060627
jhr_se16,age,A,0.95,30-39,PN,M3_probit,0.036974055672591356,0.026702226375180882,0.028402343826042946,0.027552285100611914,0.001700117450862064,0.00857171184654841,False,0.009421770571979442,,231,3786,0.26477182722060627
jhr_se16,age,A,0.95,30-39,PN,M1_lpm,0.03796823659700574,0.026702226375180882,0.028402343826042946,0.027552285100611914,0.001700117450862064,0.009565892770962793,False,0.010415951496393825,,231,3786,0.26477182722060627
jhr_se16,age,A,0.95,30-39,PN,bivariate,0.04438747635423326,0.026702226375180882,0.028402343826042946,0.027552285100611914,0.001700117450862064,0.015985132528190317,False,0.01683519125362135,,231,3786,0.26477182722060627
jhr_se16,age,A,0.95,40-49,turnout,reconciled,0.679864792244019,0.6843101205259706,0.6901052586308852,0.6872076895784279,0.00579513810491461,0.004445328281951655,False,-0.00734289733440896,0.0067915748188192805,144,3786,0.1880599549912955
jhr_se16,age,A,0.95,40-49,turnout,M2_logit,0.6791730568198531,0.6843101205259706,0.6901052586308852,0.6872076895784279,0.00579513810491461,0.005137063706117551,False,-0.008034632758574856,,144,3786,0.1880599549912955
jhr_se16,age,A,0.95,40-49,turnout,M3_probit,0.6791732956394385,0.6843101205259706,0.6901052586308852,0.6872076895784279,0.00579513810491461,0.00513682488653211,False,-0.008034393938989415,,144,3786,0.1880599549912955
jhr_se16,age,A,0.95,40-49,turnout,M1_lpm,0.6793755768609572,0.6843101205259706,0.6901052586308852,0.6872076895784279,0.00579513810491461,0.004934543665013447,False,-0.007832112717470752,,144,3786,0.1880599549912955
jhr_se16,age,A,0.95,40-49,turnout,bivariate,0.6821763736409848,0.6843101205259706,0.6901052586308852,0.6872076895784279,0.00579513810491461,0.002133746884985799,False,-0.005031315937443104,,144,3786,0.1880599549912955
jhr_se16,age,A,0.95,40-49,BN,reconciled,0.4026174368799288,0.39674655140900345,0.402541689513918,0.3996441204614607,0.0057951381049145545,7.574736601079213e-05,False,0.002973316418468097,0.01463022101375227,144,3786,0.1880599549912955
jhr_se16,age,A,0.95,40-49,BN,M2_logit,0.4037106492922955,0.39674655140900345,0.402541689513918,0.3996441204614607,0.0057951381049145545,0.0011689597783774985,False,0.0040665288308348035,,144,3786,0.1880599549912955
jhr_se16,age,A,0.95,40-49,BN,M3_probit,0.40371064023540193,0.39674655140900345,0.402541689513918,0.3996441204614607,0.0057951381049145545,0.00116895072148393,False,0.004066519773941235,,144,3786,0.1880599549912955
jhr_se16,age,A,0.95,40-49,BN,M1_lpm,0.4034827240524969,0.39674655140900345,0.402541689513918,0.3996441204614607,0.0057951381049145545,0.000941034538578911,False,0.003838603591036216,,144,3786,0.1880599549912955
jhr_se16,age,A,0.95,40-49,BN,bivariate,0.4057223675572259,0.39674655140900345,0.402541689513918,0.3996441204614607,0.0057951381049145545,0.003180678043307905,False,0.00607824709576521,,144,3786,0.1880599549912955
jhr_se16,age,A,0.95,40-49,PH,reconciled,0.20628986084281442,0.22001096668064382,0.22560182347944824,0.22280639508004602,0.005590856798804417,0.0137211058378294,False,-0.016516534237231595,0.013417907359707259,144,3786,0.1880599549912955
jhr_se16,age,A,0.95,40-49,PH,M2_logit,0.2056532899933491,0.22001096668064382,0.22560182347944824,0.22280639508004602,0.005590856798804417,0.014357676687294735,False,-0.01715310508669693,,144,3786,0.1880599549912955
jhr_se16,age,A,0.95,40-49,PH,M3_probit,0.20565264237034253,0.22001096668064382,0.22560182347944824,0.22280639508004602,0.005590856798804417,0.01435832431030129,False,-0.017153752709703485,,144,3786,0.1880599549912955
jhr_se16,age,A,0.95,40-49,PH,M1_lpm,0.205211014271223,0.22001096668064382,0.22560182347944824,0.22280639508004602,0.005590856798804417,0.014799952409420808,False,-0.017595380808823002,,144,3786,0.1880599549912955
jhr_se16,age,A,0.95,40-49,PH,bivariate,0.20341494292733278,0.22001096668064382,0.22560182347944824,0.22280639508004602,0.005590856798804417,0.01659602375331104,False,-0.019391452152713234,,144,3786,0.1880599549912955
jhr_se16,age,A,0.95,40-49,PN,reconciled,0.04991928759287069,0.0334161210205464,0.0358244901031083,0.03462030556182735,0.0024083690825619022,0.01409479748976239,False,0.015298982031043337,0.0086487865098525,144,3786,0.1880599549912955
jhr_se16,age,A,0.95,40-49,PN,M2_logit,0.050545524734671,0.0334161210205464,0.0358244901031083,0.03462030556182735,0.0024083690825619022,0.014721034631562699,False,0.015925219172843647,,144,3786,0.1880599549912955
jhr_se16,age,A,0.95,40-49,PN,M3_probit,0.050545727464510755,0.0334161210205464,0.0358244901031083,0.03462030556182735,0.0024083690825619022,0.014721237361402455,False,0.015925421902683402,,144,3786,0.1880599549912955
jhr_se16,age,A,0.95,40-49,PN,M1_lpm,0.04931935090485785,0.0334161210205464,0.0358244901031083,0.03462030556182735,0.0024083690825619022,0.013494860801749553,False,0.0146990453430305,,144,3786,0.1880599549912955
jhr_se16,age,A,0.95,40-49,PN,bivariate,0.05212256936212028,0.0334161210205464,0.0358244901031083,0.03462030556182735,0.0024083690825619022,0.01629807925901198,False,0.017502263800292926,,144,3786,0.1880599549912955
jhr_se16,age,A,0.95,50-59,turnout,reconciled,0.7500581699575136,0.7295071536349919,0.7344701583434835,0.7319886559892377,0.004963004708491647,0.015588011614030117,False,0.01806951396827594,0.006775107709998936,89,3786,0.13795447078621534
jhr_se16,age,A,0.95,50-59,turnout,M2_logit,0.7503252974065736,0.7295071536349919,0.7344701583434835,0.7319886559892377,0.004963004708491647,0.015855139063090107,False,0.01833664141733593,,89,3786,0.13795447078621534
jhr_se16,age,A,0.95,50-59,turnout,M3_probit,0.7503253334018689,0.7295071536349919,0.7344701583434835,0.7319886559892377,0.004963004708491647,0.015855175058385407,False,0.01833667741263123,,89,3786,0.13795447078621534
jhr_se16,age,A,0.95,50-59,turnout,M1_lpm,0.7495909219167396,0.7295071536349919,0.7344701583434835,0.7319886559892377,0.004963004708491647,0.01512076357325609,False,0.017602265927501914,,89,3786,0.13795447078621534
jhr_se16,age,A,0.95,50-59,turnout,bivariate,0.786702033638529,0.7295071536349919,0.7344701583434835,0.7319886559892377,0.004963004708491647,0.05223187529504547,False,0.054713377649291295,,89,3786,0.13795447078621534
jhr_se16,age,A,0.95,50-59,BN,reconciled,0.40615779358082416,0.2974348719253913,0.30239787663388296,0.29991637427963713,0.004963004708491647,0.1037599169469412,False,0.10624141930118702,0.015324718150432725,89,3786,0.13795447078621534
jhr_se16,age,A,0.95,50-59,BN,M2_logit,0.4040897140442601,0.2974348719253913,0.30239787663388296,0.29991637427963713,0.004963004708491647,0.10169183741037713,False,0.10417333976462295,,89,3786,0.13795447078621534
jhr_se16,age,A,0.95,50-59,BN,M3_probit,0.4040895175328995,0.2974348719253913,0.30239787663388296,0.29991637427963713,0.004963004708491647,0.10169164089901656,False,0.10417314325326238,,89,3786,0.13795447078621534
jhr_se16,age,A,0.95,50-59,BN,M1_lpm,0.40432411588282813,0.2974348719253913,0.30239787663388296,0.29991637427963713,0.004963004708491647,0.10192623924894517,False,0.104407741603191,,89,3786,0.13795447078621534
jhr_se16,age,A,0.95,50-59,BN,bivariate,0.3986486796663047,0.2974348719253913,0.30239787663388296,0.29991637427963713,0.004963004708491647,0.09625080303242173,False,0.09873230538666755,,89,3786,0.13795447078621534
jhr_se16,age,A,0.95,50-59,PH,reconciled,0.2742999683139991,0.35946334102932354,0.3643899867289618,0.36192666387914263,0.0049266456996382435,0.08516337271532443,False,-0.08762669556514352,0.015211247386360795,89,3786,0.13795447078621534
jhr_se16,age,A,0.95,50-59,PH,M2_logit,0.2753451375617535,0.35946334102932354,0.3643899867289618,0.36192666387914263,0.0049266456996382435,0.08411820346757004,False,-0.08658152631738913,,89,3786,0.13795447078621534
jhr_se16,age,A,0.95,50-59,PH,M3_probit,0.27534536334918347,0.35946334102932354,0.3643899867289618,0.36192666387914263,0.0049266456996382435,0.08411797768014007,False,-0.08658130052995916,,89,3786,0.13795447078621534
jhr_se16,age,A,0.95,50-59,PH,M1_lpm,0.27531946948708824,0.35946334102932354,0.3643899867289618,0.36192666387914263,0.0049266456996382435,0.0841438715422353,False,-0.08660719439205439,,89,3786,0.13795447078621534
jhr_se16,age,A,0.95,50-59,PH,bivariate,0.3127101205993129,0.35946334102932354,0.3643899867289618,0.36192666387914263,0.0049266456996382435,0.04675322043001062,False,-0.049216543279829716,,89,3786,0.13795447078621534
jhr_se16,age,A,0.95,50-59,PN,reconciled,0.04383937743845336,0.026160306870034723,0.027996436817132365,0.027078371843583544,0.0018361299470976422,0.015842940621320998,False,0.01676100559486982,0.008609190553333593,89,3786,0.13795447078621534
jhr_se16,age,A,0.95,50-59,PN,M2_logit,0.04349760518342015,0.026160306870034723,0.027996436817132365,0.027078371843583544,0.0018361299470976422,0.015501168366287784,False,0.016419233339836605,,89,3786,0.13795447078621534
jhr_se16,age,A,0.95,50-59,PN,M3_probit,0.04349549365359686,0.026160306870034723,0.027996436817132365,0.027078371843583544,0.0018361299470976422,0.015499056836464496,False,0.016417121810013317,,89,3786,0.13795447078621534
jhr_se16,age,A,0.95,50-59,PN,M1_lpm,0.043709259489951184,0.026160306870034723,0.027996436817132365,0.027078371843583544,0.0018361299470976422,0.01571282267281882,False,0.01663088764636764,,89,3786,0.13795447078621534
jhr_se16,age,A,0.95,50-59,PN,bivariate,0.045666795419507855,0.026160306870034723,0.027996436817132365,0.027078371843583544,0.0018361299470976422,0.01767035860237549,False,0.01858842357592431,,89,3786,0.13795447078621534
jhr_se16,age,A,0.95,60-69,turnout,reconciled,0.7979467614003936,0.7663856819986562,0.7723413352880093,0.7693635086433328,0.005955653289353102,0.025605426112384255,False,0.02858325275706075,0.005258353066001004,74,3786,0.10428185593803348
jhr_se16,age,A,0.95,60-69,turnout,M2_logit,0.7980763276345488,0.7663856819986562,0.7723413352880093,0.7693635086433328,0.005955653289353102,0.02573499234653953,False,0.028712818991216027,,74,3786,0.10428185593803348
jhr_se16,age,A,0.95,60-69,turnout,M3_probit,0.7980774634980792,0.7663856819986562,0.7723413352880093,0.7693635086433328,0.005955653289353102,0.025736128210069875,False,0.02871395485474637,,74,3786,0.10428185593803348
jhr_se16,age,A,0.95,60-69,turnout,M1_lpm,0.8018532402107935,0.7663856819986562,0.7723413352880093,0.7693635086433328,0.005955653289353102,0.029511904922784216,False,0.03248973156746071,,74,3786,0.10428185593803348
jhr_se16,age,A,0.95,60-69,turnout,bivariate,0.7948612564015176,0.7663856819986562,0.7723413352880093,0.7693635086433328,0.005955653289353102,0.022519921113508312,False,0.025497747758184808,,74,3786,0.10428185593803348
jhr_se16,age,A,0.95,60-69,BN,reconciled,0.4242937272696027,0.2850467289719626,0.29100238226131575,0.2880245556166392,0.005955653289353158,0.13329134500828693,False,0.13626917165296348,0.01622911577552212,74,3786,0.10428185593803348
jhr_se16,age,A,0.95,60-69,BN,M2_logit,0.4269784965838264,0.2850467289719626,0.29100238226131575,0.2880245556166392,0.005955653289353158,0.13597611432251067,False,0.13895394096718722,,74,3786,0.10428185593803348
jhr_se16,age,A,0.95,60-69,BN,M3_probit,0.42697873075082843,0.2850467289719626,0.29100238226131575,0.2880245556166392,0.005955653289353158,0.13597634848951268,False,0.13895417513418923,,74,3786,0.10428185593803348
jhr_se16,age,A,0.95,60-69,BN,M1_lpm,0.4245670498257211,0.2850467289719626,0.29100238226131575,0.2880245556166392,0.005955653289353158,0.13356466756440533,False,0.13654249420908188,,74,3786,0.10428185593803348
jhr_se16,age,A,0.95,60-69,BN,bivariate,0.3749520489294602,0.2850467289719626,0.29100238226131575,0.2880245556166392,0.005955653289353158,0.08394966666814446,False,0.08692749331282101,,74,3786,0.10428185593803348
jhr_se16,age,A,0.95,60-69,PH,reconciled,0.30913423362302656,0.42150754382749983,0.427463197116853,0.4244853704721764,0.005955653289353158,0.11237331020447328,False,-0.11535113684914983,0.016955531378903776,74,3786,0.10428185593803348
jhr_se16,age,A,0.95,60-69,PH,M2_logit,0.31112993503962105,0.42150754382749983,0.427463197116853,0.4244853704721764,0.005955653289353158,0.11037760878787878,False,-0.11335543543255533,,74,3786,0.10428185593803348
jhr_se16,age,A,0.95,60-69,PH,M3_probit,0.31112994646485514,0.42150754382749983,0.427463197116853,0.4244853704721764,0.005955653289353158,0.11037759736264469,False,-0.11335542400732124,,74,3786,0.10428185593803348
jhr_se16,age,A,0.95,60-69,PH,M1_lpm,0.3148313937805709,0.42150754382749983,0.427463197116853,0.4244853704721764,0.005955653289353158,0.10667615004692893,False,-0.10965397669160548,,74,3786,0.10428185593803348
jhr_se16,age,A,0.95,60-69,PH,bivariate,0.36044448369177506,0.42150754382749983,0.427463197116853,0.4244853704721764,0.005955653289353158,0.06106306013572477,False,-0.06404088678040132,,74,3786,0.10428185593803348
jhr_se16,age,A,0.95,60-69,PN,reconciled,0.03670625580347406,0.012491601001771425,0.013835440718343412,0.013163520860057419,0.001343839716571987,0.022870815085130648,False,0.02354273494341664,0.007115229850692517,74,3786,0.10428185593803348
jhr_se16,age,A,0.95,60-69,PN,M2_logit,0.03676249354418422,0.012491601001771425,0.013835440718343412,0.013163520860057419,0.001343839716571987,0.02292705282584081,False,0.0235989726841268,,74,3786,0.10428185593803348
jhr_se16,age,A,0.95,60-69,PN,M3_probit,0.03676510334393644,0.012491601001771425,0.013835440718343412,0.013163520860057419,0.001343839716571987,0.022929662625593032,False,0.023601582483879023,,74,3786,0.10428185593803348
jhr_se16,age,A,0.95,60-69,PN,M1_lpm,0.03435484492477604,0.012491601001771425,0.013835440718343412,0.013163520860057419,0.001343839716571987,0.020519404206432633,False,0.021191324064718624,,74,3786,0.10428185593803348
jhr_se16,age,A,0.95,60-69,PN,bivariate,0.025887881688810538,0.012491601001771425,0.013835440718343412,0.013163520860057419,0.001343839716571987,0.012052440970467126,False,0.012724360828753119,,74,3786,0.10428185593803348
jhr_se16,age,A,0.95,70+,turnout,reconciled,0.5939389319829871,0.5843133707255292,0.601501718834811,0.5929075447801702,0.017188348109281715,0.0,True,0.0010313872028169246,0.009738017671064959,29,3786,0.04422307569211074
jhr_se16,age,A,0.95,70+,turnout,M2_logit,0.5940864827963471,0.5843133707255292,0.601501718834811,0.5929075447801702,0.017188348109281715,0.0,True,0.001178938016176967,,29,3786,0.04422307569211074
jhr_se16,age,A,0.95,70+,turnout,M3_probit,0.5940860706673817,0.5843133707255292,0.601501718834811,0.5929075447801702,0.017188348109281715,0.0,True,0.0011785258872115678,,29,3786,0.04422307569211074
jhr_se16,age,A,0.95,70+,turnout,M1_lpm,0.5909387614176229,0.5843133707255292,0.601501718834811,0.5929075447801702,0.017188348109281715,0.0,True,-0.001968783362547244,,29,3786,0.04422307569211074
jhr_se16,age,A,0.95,70+,turnout,bivariate,0.6342715358368849,0.5843133707255292,0.601501718834811,0.5929075447801702,0.017188348109281715,0.03276981700207393,False,0.04136399105671473,,29,3786,0.04422307569211074
jhr_se16,age,A,0.95,70+,BN,reconciled,0.3097405065380019,0.10123032386466438,0.11823774199384839,0.10973403292925638,0.017007418129184007,0.1915027645441535,False,0.20000647360874552,0.017482505760649053,29,3786,0.04422307569211074
jhr_se16,age,A,0.95,70+,BN,M2_logit,0.30188691962748193,0.10123032386466438,0.11823774199384839,0.10973403292925638,0.017007418129184007,0.18364917763363353,False,0.19215288669822556,,29,3786,0.04422307569211074
jhr_se16,age,A,0.95,70+,BN,M3_probit,0.3018862187313356,0.10123032386466438,0.11823774199384839,0.10973403292925638,0.017007418129184007,0.1836484767374872,False,0.1921521858020792,,29,3786,0.04422307569211074
jhr_se16,age,A,0.95,70+,BN,M1_lpm,0.3059583288896515,0.10123032386466438,0.11823774199384839,0.10973403292925638,0.017007418129184007,0.18772058689580312,False,0.19622429596039515,,29,3786,0.04422307569211074
jhr_se16,age,A,0.95,70+,BN,bivariate,0.3058965115479329,0.10123032386466438,0.11823774199384839,0.10973403292925638,0.017007418129184007,0.1876587695540845,False,0.19616247861867653,,29,3786,0.04422307569211074
jhr_se16,age,A,0.95,70+,PH,reconciled,0.2396527452681045,0.43350823231409447,0.4506965804233762,0.4421024063687353,0.017188348109281715,0.19385548704598995,False,-0.2024496611006308,0.013291319397030812,29,3786,0.04422307569211074
jhr_se16,age,A,0.95,70+,PH,M2_logit,0.24019779265728664,0.43350823231409447,0.4506965804233762,0.4421024063687353,0.017188348109281715,0.19331043965680783,False,-0.2019046137114487,,29,3786,0.04422307569211074
jhr_se16,age,A,0.95,70+,PH,M3_probit,0.24019674971006388,0.43350823231409447,0.4506965804233762,0.4421024063687353,0.017188348109281715,0.19331148260403058,False,-0.20190565665867144,,29,3786,0.04422307569211074
jhr_se16,age,A,0.95,70+,PH,M1_lpm,0.23862192042275057,0.43350823231409447,0.4506965804233762,0.4421024063687353,0.017188348109281715,0.1948863118913439,False,-0.20348048594598475,,29,3786,0.04422307569211074
jhr_se16,age,A,0.95,70+,PH,bivariate,0.2820565446000737,0.43350823231409447,0.4506965804233762,0.4421024063687353,0.017188348109281715,0.1514516877140208,False,-0.16004586176866165,,29,3786,0.04422307569211074
jhr_se16,age,A,0.95,70+,PN,reconciled,0.01680705016508026,0.0018092998009770218,0.0024425547313189798,0.002125927266148001,0.000633254930341958,0.014364495433761278,False,0.014681122898932258,0.0032811999502992133,29,3786,0.04422307569211074
jhr_se16,age,A,0.95,70+,PN,M2_logit,0.015739420723527905,0.0018092998009770218,0.0024425547313189798,0.002125927266148001,0.000633254930341958,0.013296865992208924,False,0.013613493457379904,,29,3786,0.04422307569211074
jhr_se16,age,A,0.95,70+,PN,M3_probit,0.01573225221008929,0.0018092998009770218,0.0024425547313189798,0.002125927266148001,0.000633254930341958,0.013289697478770308,False,0.013606324943941287,,29,3786,0.04422307569211074
jhr_se16,age,A,0.95,70+,PN,M1_lpm,0.01959365014184623,0.0018092998009770218,0.0024425547313189798,0.002125927266148001,0.000633254930341958,0.01715109541052725,False,0.017467722875698227,,29,3786,0.04422307569211074
jhr_se16,age,A,0.95,70+,PN,bivariate,0.016237177628081693,0.0018092998009770218,0.0024425547313189798,0.002125927266148001,0.000633254930341958,0.013794622896762712,False,0.014111250361933692,,29,3786,0.04422307569211074
jhr_se16,age,B,0.95,18-29,turnout,reconciled,0.6466798436202117,0.6483275796656505,0.6502891184376572,0.6493083490516538,0.0019615387720067767,0.0016477360454387746,False,-0.0026285054314421075,0.010653235482793079,536,2050,0.5597953300055128
jhr_se16,age,B,0.95,18-29,turnout,M2_logit,0.6461610268662303,0.6483275796656505,0.6502891184376572,0.6493083490516538,0.0019615387720067767,0.0021665527994201295,False,-0.0031473221854234623,,536,2050,0.5597953300055128
jhr_se16,age,B,0.95,18-29,turnout,M3_probit,0.6461616057129286,0.6483275796656505,0.6502891184376572,0.6493083490516538,0.0019615387720067767,0.002165973952721889,False,-0.003146743338725222,,536,2050,0.5597953300055128
jhr_se16,age,B,0.95,18-29,turnout,M1_lpm,0.6462022999325273,0.6483275796656505,0.6502891184376572,0.6493083490516538,0.0019615387720067767,0.002125279733123153,False,-0.003106049119126486,,536,2050,0.5597953300055128
jhr_se16,age,B,0.95,18-29,turnout,bivariate,0.6169960561501984,0.6483275796656505,0.6502891184376572,0.6493083490516538,0.0019615387720067767,0.0313315235154521,False,-0.03231229290145543,,536,2050,0.5597953300055128
jhr_se16,age,B,0.95,18-29,BN,reconciled,0.40217867427756876,0.40470930748801953,0.4066708462600263,0.4056900768740229,0.0019615387720067767,0.0025306332104507723,False,-0.0035114025964541606,0.024846045777858174,536,2050,0.5597953300055128
jhr_se16,age,B,0.95,18-29,BN,M2_logit,0.4024481600587587,0.40470930748801953,0.4066708462600263,0.4056900768740229,0.0019615387720067767,0.0022611474292608125,False,-0.003241916815264201,,536,2050,0.5597953300055128
jhr_se16,age,B,0.95,18-29,BN,M3_probit,0.4024477400865791,0.40470930748801953,0.4066708462600263,0.4056900768740229,0.0019615387720067767,0.0022615674014404563,False,-0.0032423367874438447,,536,2050,0.5597953300055128
jhr_se16,age,B,0.95,18-29,BN,M1_lpm,0.4022699463307731,0.40470930748801953,0.4066708462600263,0.4056900768740229,0.0019615387720067767,0.0024393611572464113,False,-0.0034201305432497997,,536,2050,0.5597953300055128
jhr_se16,age,B,0.95,18-29,BN,bivariate,0.41209214859329524,0.40470930748801953,0.4066708462600263,0.4056900768740229,0.0019615387720067767,0.005421302333268929,False,0.0064020717192723176,,536,2050,0.5597953300055128
jhr_se16,age,B,0.95,18-29,PH,reconciled,0.2006221710745055,0.18979031177434502,0.191716871116947,0.19075359144564602,0.001926559342601969,0.00890529995755851,False,0.00986857962885948,0.01836829298169157,536,2050,0.5597953300055128
jhr_se16,age,B,0.95,18-29,PH,M2_logit,0.20094843606864726,0.18979031177434502,0.191716871116947,0.19075359144564602,0.001926559342601969,0.009231564951700272,False,0.010194844623001242,,536,2050,0.5597953300055128
jhr_se16,age,B,0.95,18-29,PH,M3_probit,0.200946863297293,0.18979031177434502,0.191716871116947,0.19075359144564602,0.001926559342601969,0.009229992180346008,False,0.010193271851646979,,536,2050,0.5597953300055128
jhr_se16,age,B,0.95,18-29,PH,M1_lpm,0.20027168678230886,0.18979031177434502,0.191716871116947,0.19075359144564602,0.001926559342601969,0.00855481566536187,False,0.00951809533666284,,536,2050,0.5597953300055128
jhr_se16,age,B,0.95,18-29,PH,bivariate,0.1667514377946616,0.18979031177434502,0.191716871116947,0.19075359144564602,0.001926559342601969,0.023038873979683433,False,-0.02400215365098443,,536,2050,0.5597953300055128
jhr_se16,age,B,0.95,18-29,PN,reconciled,0.024637444545485616,0.028257997508388335,0.02920782355299518,0.02873291053069176,0.0009498260446068468,0.0036205529629027185,False,-0.004095465985206142,0.006384580787565845,536,2050,0.5597953300055128
jhr_se16,age,B,0.95,18-29,PN,M2_logit,0.024493703670094305,0.028257997508388335,0.02920782355299518,0.02873291053069176,0.0009498260446068468,0.00376429383829403,False,-0.004239206860597453,,536,2050,0.5597953300055128
jhr_se16,age,B,0.95,18-29,PN,M3_probit,0.02448800825228713,0.028257997508388335,0.02920782355299518,0.02873291053069176,0.0009498260446068468,0.003769989256101204,False,-0.0042449022784046275,,536,2050,0.5597953300055128
jhr_se16,age,B,0.95,18-29,PN,M1_lpm,0.02442297452564485,0.028257997508388335,0.02920782355299518,0.02873291053069176,0.0009498260446068468,0.0038350229827434842,False,-0.004309936005046908,,536,2050,0.5597953300055128
jhr_se16,age,B,0.95,18-29,PN,bivariate,0.023394999603450522,0.028257997508388335,0.02920782355299518,0.02873291053069176,0.0009498260446068468,0.004862997904937813,False,-0.0053379109272412364,,536,2050,0.5597953300055128
jhr_se16,age,B,0.95,30-39,turnout,reconciled,0.6497021548158722,0.6420084746312626,0.6465507731641003,0.6442796238976815,0.0045422985328376075,0.0031513816517719784,False,0.005422530918190782,0.0074885621688072805,231,2050,0.26477182722060627
jhr_se16,age,B,0.95,30-39,turnout,M2_logit,0.6502112608499018,0.6420084746312626,0.6465507731641003,0.6442796238976815,0.0045422985328376075,0.0036604876858015167,False,0.0059316369522203205,,231,2050,0.26477182722060627
jhr_se16,age,B,0.95,30-39,turnout,M3_probit,0.6502113734704571,0.6420084746312626,0.6465507731641003,0.6442796238976815,0.0045422985328376075,0.0036606003063568426,False,0.005931749572775646,,231,2050,0.26477182722060627
jhr_se16,age,B,0.95,30-39,turnout,M1_lpm,0.650276937460506,0.6420084746312626,0.6465507731641003,0.6442796238976815,0.0045422985328376075,0.0037261642964057096,False,0.005997313562824513,,231,2050,0.26477182722060627
jhr_se16,age,B,0.95,30-39,turnout,bivariate,0.6213139564765716,0.6420084746312626,0.6465507731641003,0.6442796238976815,0.0045422985328376075,0.020694518154691033,False,-0.022965667421109837,,231,2050,0.26477182722060627
jhr_se16,age,B,0.95,30-39,BN,reconciled,0.4068720429530593,0.38599804032263296,0.39054033885547057,0.38826918958905177,0.0045422985328376075,0.016331704097588717,False,0.01860285336400752,0.017262800885737027,231,2050,0.26477182722060627
jhr_se16,age,B,0.95,30-39,BN,M2_logit,0.40846707635418283,0.38599804032263296,0.39054033885547057,0.38826918958905177,0.0045422985328376075,0.017926737498712264,False,0.020197886765131068,,231,2050,0.26477182722060627
jhr_se16,age,B,0.95,30-39,BN,M3_probit,0.40846707493635437,0.38599804032263296,0.39054033885547057,0.38826918958905177,0.0045422985328376075,0.0179267360808838,False,0.020197885347302602,,231,2050,0.26477182722060627
jhr_se16,age,B,0.95,30-39,BN,M1_lpm,0.40851894001225514,0.38599804032263296,0.39054033885547057,0.38826918958905177,0.0045422985328376075,0.01797860115678457,False,0.020249750423203372,,231,2050,0.26477182722060627
jhr_se16,age,B,0.95,30-39,BN,bivariate,0.4108816602363003,0.38599804032263296,0.39054033885547057,0.38826918958905177,0.0045422985328376075,0.020341321380829724,False,0.022612470647248528,,231,2050,0.26477182722060627
jhr_se16,age,B,0.95,30-39,PH,reconciled,0.19258472022019857,0.20115244602775995,0.2055000746234759,0.2033262603256179,0.004347628595715941,0.008567725807561377,False,-0.010741540105419334,0.012354486228551537,231,2050,0.26477182722060627
jhr_se16,age,B,0.95,30-39,PH,M2_logit,0.19128137829396974,0.20115244602775995,0.2055000746234759,0.2033262603256179,0.004347628595715941,0.009871067733790206,False,-0.012044882031648163,,231,2050,0.26477182722060627
jhr_se16,age,B,0.95,30-39,PH,M3_probit,0.1912810114313493,0.20115244602775995,0.2055000746234759,0.2033262603256179,0.004347628595715941,0.009871434596410655,False,-0.012045248894268612,,231,2050,0.26477182722060627
jhr_se16,age,B,0.95,30-39,PH,M1_lpm,0.19133814871642757,0.20115244602775995,0.2055000746234759,0.2033262603256179,0.004347628595715941,0.009814297311332376,False,-0.011988111609190333,,231,2050,0.26477182722060627
jhr_se16,age,B,0.95,30-39,PH,bivariate,0.16382985437479716,0.20115244602775995,0.2055000746234759,0.2033262603256179,0.004347628595715941,0.03732259165296278,False,-0.03949640595082074,,231,2050,0.26477182722060627
jhr_se16,age,B,0.95,30-39,PN,reconciled,0.031837081073820404,0.026702226375180882,0.028402343826042946,0.027552285100611914,0.001700117450862064,0.0034347372477774585,False,0.0042847959732084905,0.006425624859090805,231,2050,0.26477182722060627
jhr_se16,age,B,0.95,30-39,PN,M2_logit,0.0320945816950702,0.026702226375180882,0.028402343826042946,0.027552285100611914,0.001700117450862064,0.003692237869027254,False,0.004542296594458286,,231,2050,0.26477182722060627
jhr_se16,age,B,0.95,30-39,PN,M3_probit,0.032094599193555104,0.026702226375180882,0.028402343826042946,0.027552285100611914,0.001700117450862064,0.003692255367512158,False,0.00454231409294319,,231,2050,0.26477182722060627
jhr_se16,age,B,0.95,30-39,PN,M1_lpm,0.031981224569756946,0.026702226375180882,0.028402343826042946,0.027552285100611914,0.001700117450862064,0.0035788807437139997,False,0.004428939469145032,,231,2050,0.26477182722060627
jhr_se16,age,B,0.95,30-39,PN,bivariate,0.03163629392697456,0.026702226375180882,0.028402343826042946,0.027552285100611914,0.001700117450862064,0.0032339501009316166,False,0.0040840088263626485,,231,2050,0.26477182722060627
jhr_se16,age,B,0.95,40-49,turnout,reconciled,0.669641896221812,0.6843101205259706,0.6901052586308852,0.6872076895784279,0.00579513810491461,0.014668224304158595,False,-0.0175657933566159,0.006785284753900501,144,2050,0.1880599549912955
jhr_se16,age,B,0.95,40-49,turnout,M2_logit,0.668986328368745,0.6843101205259706,0.6901052586308852,0.6872076895784279,0.00579513810491461,0.015323792157225569,False,-0.018221361209682874,,144,2050,0.1880599549912955
jhr_se16,age,B,0.95,40-49,turnout,M3_probit,0.6689866150090247,0.6843101205259706,0.6901052586308852,0.6872076895784279,0.00579513810491461,0.015323505516945946,False,-0.01822107456940325,,144,2050,0.1880599549912955
jhr_se16,age,B,0.95,40-49,turnout,M1_lpm,0.6690733288335878,0.6843101205259706,0.6901052586308852,0.6872076895784279,0.00579513810491461,0.01523679169238279,False,-0.018134360744840095,,144,2050,0.1880599549912955
jhr_se16,age,B,0.95,40-49,turnout,bivariate,0.6727088392691971,0.6843101205259706,0.6901052586308852,0.6872076895784279,0.00579513810491461,0.01160128125677351,False,-0.014498850309230815,,144,2050,0.1880599549912955
jhr_se16,age,B,0.95,40-49,BN,reconciled,0.3761490145164661,0.39674655140900345,0.402541689513918,0.3996441204614607,0.0057951381049145545,0.02059753689253735,False,-0.0234951059449946,0.016221381952740473,144,2050,0.1880599549912955
jhr_se16,age,B,0.95,40-49,BN,M2_logit,0.37574886863542684,0.39674655140900345,0.402541689513918,0.3996441204614607,0.0057951381049145545,0.02099768277357661,False,-0.02389525182603386,,144,2050,0.1880599549912955
jhr_se16,age,B,0.95,40-49,BN,M3_probit,0.37574863175883194,0.39674655140900345,0.402541689513918,0.3996441204614607,0.0057951381049145545,0.020997919650171504,False,-0.023895488702628753,,144,2050,0.1880599549912955
jhr_se16,age,B,0.95,40-49,BN,M1_lpm,0.37561291185330153,0.39674655140900345,0.402541689513918,0.3996441204614607,0.0057951381049145545,0.02113363955570191,False,-0.02403120860815916,,144,2050,0.1880599549912955
jhr_se16,age,B,0.95,40-49,BN,bivariate,0.38152826019332076,0.39674655140900345,0.402541689513918,0.3996441204614607,0.0057951381049145545,0.015218291215682689,False,-0.01811586026813994,,144,2050,0.1880599549912955
jhr_se16,age,B,0.95,40-49,PH,reconciled,0.2309015966098783,0.22001096668064382,0.22560182347944824,0.22280639508004602,0.005590856798804417,0.005299773130430063,False,0.008095201529832285,0.015225971987891619,144,2050,0.1880599549912955
jhr_se16,age,B,0.95,40-49,PH,M2_logit,0.23127716135547763,0.22001096668064382,0.22560182347944824,0.22280639508004602,0.005590856798804417,0.0056753378760293904,False,0.008470766275431613,,144,2050,0.1880599549912955
jhr_se16,age,B,0.95,40-49,PH,M3_probit,0.231276672903322,0.22001096668064382,0.22560182347944824,0.22280639508004602,0.005590856798804417,0.005674849423873751,False,0.008470277823275973,,144,2050,0.1880599549912955
jhr_se16,age,B,0.95,40-49,PH,M1_lpm,0.23088071949796465,0.22001096668064382,0.22560182347944824,0.22280639508004602,0.005590856798804417,0.005278896018516416,False,0.008074324417918638,,144,2050,0.1880599549912955
jhr_se16,age,B,0.95,40-49,PH,bivariate,0.22593752066542014,0.22001096668064382,0.22560182347944824,0.22280639508004602,0.005590856798804417,0.00033569718597190046,False,0.0031311255853741227,,144,2050,0.1880599549912955
jhr_se16,age,B,0.95,40-49,PN,reconciled,0.037246728098213236,0.0334161210205464,0.0358244901031083,0.03462030556182735,0.0024083690825619022,0.0014222379951049358,False,0.0026264225363858834,0.00790443017321893,144,2050,0.1880599549912955
jhr_se16,age,B,0.95,40-49,PN,M2_logit,0.03731294899827264,0.0334161210205464,0.0358244901031083,0.03462030556182735,0.0024083690825619022,0.0014884588951643365,False,0.002692643436445284,,144,2050,0.1880599549912955
jhr_se16,age,B,0.95,40-49,PN,M3_probit,0.03731141840430242,0.0334161210205464,0.0358244901031083,0.03462030556182735,0.0024083690825619022,0.0014869283011941167,False,0.0026911128424750644,,144,2050,0.1880599549912955
jhr_se16,age,B,0.95,40-49,PN,M1_lpm,0.037227366334184886,0.0334161210205464,0.0358244901031083,0.03462030556182735,0.0024083690825619022,0.0014028762310765858,False,0.0026070607723575334,,144,2050,0.1880599549912955
jhr_se16,age,B,0.95,40-49,PN,bivariate,0.04098358886081701,0.0334161210205464,0.0358244901031083,0.03462030556182735,0.0024083690825619022,0.005159098757708709,False,0.006363283298989657,,144,2050,0.1880599549912955
jhr_se16,age,B,0.95,50-59,turnout,reconciled,0.7508390125384231,0.7295071536349919,0.7344701583434835,0.7319886559892377,0.004963004708491647,0.016368854194939608,False,0.018850356549185432,0.006086021389727518,89,2050,0.13795447078621534
jhr_se16,age,B,0.95,50-59,turnout,M2_logit,0.751245044413294,0.7295071536349919,0.7344701583434835,0.7319886559892377,0.004963004708491647,0.01677488606981048,False,0.019256388424056303,,89,2050,0.13795447078621534
jhr_se16,age,B,0.95,50-59,turnout,M3_probit,0.7512453892215505,0.7295071536349919,0.7344701583434835,0.7319886559892377,0.004963004708491647,0.016775230878066982,False,0.019256733232312806,,89,2050,0.13795447078621534
jhr_se16,age,B,0.95,50-59,turnout,M1_lpm,0.7506008533399399,0.7295071536349919,0.7344701583434835,0.7319886559892377,0.004963004708491647,0.016130694996456363,False,0.018612197350702187,,89,2050,0.13795447078621534
jhr_se16,age,B,0.95,50-59,turnout,bivariate,0.7851599450150519,0.7295071536349919,0.7344701583434835,0.7319886559892377,0.004963004708491647,0.050689786671568426,False,0.05317128902581425,,89,2050,0.13795447078621534
jhr_se16,age,B,0.95,50-59,BN,reconciled,0.3980638947394121,0.2974348719253913,0.30239787663388296,0.29991637427963713,0.004963004708491647,0.09566601810552916,False,0.09814752045977498,0.01961092068727084,89,2050,0.13795447078621534
jhr_se16,age,B,0.95,50-59,BN,M2_logit,0.3981780639626614,0.2974348719253913,0.30239787663388296,0.29991637427963713,0.004963004708491647,0.09578018732877847,False,0.09826168968302429,,89,2050,0.13795447078621534
jhr_se16,age,B,0.95,50-59,BN,M3_probit,0.39817786384111076,0.2974348719253913,0.30239787663388296,0.29991637427963713,0.004963004708491647,0.0957799872072278,False,0.09826148956147363,,89,2050,0.13795447078621534
jhr_se16,age,B,0.95,50-59,BN,M1_lpm,0.39822379221364124,0.2974348719253913,0.30239787663388296,0.29991637427963713,0.004963004708491647,0.09582591557975828,False,0.0983074179340041,,89,2050,0.13795447078621534
jhr_se16,age,B,0.95,50-59,BN,bivariate,0.3972921217713146,0.2974348719253913,0.30239787663388296,0.29991637427963713,0.004963004708491647,0.09489424513743167,False,0.09737574749167749,,89,2050,0.13795447078621534
jhr_se16,age,B,0.95,50-59,PH,reconciled,0.2851887892837014,0.35946334102932354,0.3643899867289618,0.36192666387914263,0.0049266456996382435,0.07427455174562214,False,-0.07673787459544124,0.01919967682190741,89,2050,0.13795447078621534
jhr_se16,age,B,0.95,50-59,PH,M2_logit,0.28466098136638796,0.35946334102932354,0.3643899867289618,0.36192666387914263,0.0049266456996382435,0.07480235966293558,False,-0.07726568251275467,,89,2050,0.13795447078621534
jhr_se16,age,B,0.95,50-59,PH,M3_probit,0.284660461840601,0.35946334102932354,0.3643899867289618,0.36192666387914263,0.0049266456996382435,0.07480287918872253,False,-0.07726620203854162,,89,2050,0.13795447078621534
jhr_se16,age,B,0.95,50-59,PH,M1_lpm,0.28462662756575535,0.35946334102932354,0.3643899867289618,0.36192666387914263,0.0049266456996382435,0.07483671346356818,False,-0.07730003631338728,,89,2050,0.13795447078621534
jhr_se16,age,B,0.95,50-59,PH,bivariate,0.31464729352328685,0.35946334102932354,0.3643899867289618,0.36192666387914263,0.0049266456996382435,0.04481604750603668,False,-0.047279370355855777,,89,2050,0.13795447078621534
jhr_se16,age,B,0.95,50-59,PN,reconciled,0.03831256024643694,0.026160306870034723,0.027996436817132365,0.027078371843583544,0.0018361299470976422,0.010316123429304578,False,0.011234188402853399,0.007732873079663044,89,2050,0.13795447078621534
jhr_se16,age,B,0.95,50-59,PN,M2_logit,0.03845668128422894,0.026160306870034723,0.027996436817132365,0.027078371843583544,0.0018361299470976422,0.010460244467096574,False,0.011378309440645395,,89,2050,0.13795447078621534
jhr_se16,age,B,0.95,50-59,PN,M3_probit,0.03845499292553488,0.026160306870034723,0.027996436817132365,0.027078371843583544,0.0018361299470976422,0.010458556108402513,False,0.011376621081951335,,89,2050,0.13795447078621534
jhr_se16,age,B,0.95,50-59,PN,M1_lpm,0.03835365502212274,0.026160306870034723,0.027996436817132365,0.027078371843583544,0.0018361299470976422,0.010357218204990377,False,0.011275283178539198,,89,2050,0.13795447078621534
jhr_se16,age,B,0.95,50-59,PN,bivariate,0.04054544568134141,0.026160306870034723,0.027996436817132365,0.027078371843583544,0.0018361299470976422,0.012549008864209048,False,0.01346707383775787,,89,2050,0.13795447078621534
jhr_se16,age,B,0.95,60-69,turnout,reconciled,0.7971215692736285,0.7663856819986562,0.7723413352880093,0.7693635086433328,0.005955653289353102,0.024780233985619238,False,0.027758060630295733,0.004659591701086562,74,2050,0.10428185593803348
jhr_se16,age,B,0.95,60-69,turnout,M2_logit,0.7972910398709232,0.7663856819986562,0.7723413352880093,0.7693635086433328,0.005955653289353102,0.0249497045829139,False,0.027927531227590396,,74,2050,0.10428185593803348
jhr_se16,age,B,0.95,60-69,turnout,M3_probit,0.79729282301369,0.7663856819986562,0.7723413352880093,0.7693635086433328,0.005955653289353102,0.024951487725680677,False,0.027929314370357172,,74,2050,0.10428185593803348
jhr_se16,age,B,0.95,60-69,turnout,M1_lpm,0.7994469458024331,0.7663856819986562,0.7723413352880093,0.7693635086433328,0.005955653289353102,0.02710561051442384,False,0.030083437159100335,,74,2050,0.10428185593803348
jhr_se16,age,B,0.95,60-69,turnout,bivariate,0.8073998744015698,0.7663856819986562,0.7723413352880093,0.7693635086433328,0.005955653289353102,0.035058539113560494,False,0.03803636575823699,,74,2050,0.10428185593803348
jhr_se16,age,B,0.95,60-69,BN,reconciled,0.40757854398198456,0.2850467289719626,0.29100238226131575,0.2880245556166392,0.005955653289353158,0.11657616172066881,False,0.11955398836534536,0.019892593836103818,74,2050,0.10428185593803348
jhr_se16,age,B,0.95,60-69,BN,M2_logit,0.4079369963330631,0.2850467289719626,0.29100238226131575,0.2880245556166392,0.005955653289353158,0.11693461407174732,False,0.11991244071642387,,74,2050,0.10428185593803348
jhr_se16,age,B,0.95,60-69,BN,M3_probit,0.4079370178244619,0.2850467289719626,0.29100238226131575,0.2880245556166392,0.005955653289353158,0.11693463556314615,False,0.1199124622078227,,74,2050,0.10428185593803348
jhr_se16,age,B,0.95,60-69,BN,M1_lpm,0.4077559459392959,0.2850467289719626,0.29100238226131575,0.2880245556166392,0.005955653289353158,0.11675356367798018,False,0.11973139032265673,,74,2050,0.10428185593803348
jhr_se16,age,B,0.95,60-69,BN,bivariate,0.3893263761780862,0.2850467289719626,0.29100238226131575,0.2880245556166392,0.005955653289353158,0.09832399391677044,False,0.10130182056144699,,74,2050,0.10428185593803348
jhr_se16,age,B,0.95,60-69,PH,reconciled,0.32756888404828755,0.42150754382749983,0.427463197116853,0.4244853704721764,0.005955653289353158,0.09393865977921229,False,-0.09691648642388884,0.018667983056143422,74,2050,0.10428185593803348
jhr_se16,age,B,0.95,60-69,PH,M2_logit,0.3300581700935391,0.42150754382749983,0.427463197116853,0.4244853704721764,0.005955653289353158,0.09144937373396073,False,-0.09442720037863728,,74,2050,0.10428185593803348
jhr_se16,age,B,0.95,60-69,PH,M3_probit,0.3300581834585814,0.42150754382749983,0.427463197116853,0.4244853704721764,0.005955653289353158,0.09144936036891843,False,-0.09442718701359498,,74,2050,0.10428185593803348
jhr_se16,age,B,0.95,60-69,PH,M1_lpm,0.33023077164226516,0.42150754382749983,0.427463197116853,0.4244853704721764,0.005955653289353158,0.09127677218523467,False,-0.09425459882991122,,74,2050,0.10428185593803348
jhr_se16,age,B,0.95,60-69,PH,bivariate,0.35510936805744464,0.42150754382749983,0.427463197116853,0.4244853704721764,0.005955653289353158,0.06639817577005519,False,-0.06937600241473174,,74,2050,0.10428185593803348
jhr_se16,age,B,0.95,60-69,PN,reconciled,0.028327806436712465,0.012491601001771425,0.013835440718343412,0.013163520860057419,0.001343839716571987,0.014492365718369054,False,0.015164285576655046,0.005953439904180958,74,2050,0.10428185593803348
jhr_se16,age,B,0.95,60-69,PN,M2_logit,0.028102940830046018,0.012491601001771425,0.013835440718343412,0.013163520860057419,0.001343839716571987,0.014267500111702606,False,0.014939419969988599,,74,2050,0.10428185593803348
jhr_se16,age,B,0.95,60-69,PN,M3_probit,0.028102619987882455,0.012491601001771425,0.013835440718343412,0.013163520860057419,0.001343839716571987,0.014267179269539043,False,0.014939099127825036,,74,2050,0.10428185593803348
jhr_se16,age,B,0.95,60-69,PN,M1_lpm,0.02789822180764142,0.012491601001771425,0.013835440718343412,0.013163520860057419,0.001343839716571987,0.014062781089298008,False,0.014734700947584,,74,2050,0.10428185593803348
jhr_se16,age,B,0.95,60-69,PN,bivariate,0.024631582270943163,0.012491601001771425,0.013835440718343412,0.013163520860057419,0.001343839716571987,0.010796141552599751,False,0.011468061410885744,,74,2050,0.10428185593803348
jhr_se16,age,B,0.95,70+,turnout,reconciled,0.6051016201523948,0.5843133707255292,0.601501718834811,0.5929075447801702,0.017188348109281715,0.003599901317583809,False,0.012194075372224611,0.011238614238828997,29,2050,0.04422307569211074
jhr_se16,age,B,0.95,70+,turnout,M2_logit,0.6046679335558329,0.5843133707255292,0.601501718834811,0.5929075447801702,0.017188348109281715,0.003166214721021965,False,0.011760388775662767,,29,2050,0.04422307569211074
jhr_se16,age,B,0.95,70+,turnout,M3_probit,0.6046676206355448,0.5843133707255292,0.601501718834811,0.5929075447801702,0.017188348109281715,0.003165901800733839,False,0.011760075855374641,,29,2050,0.04422307569211074
jhr_se16,age,B,0.95,70+,turnout,M1_lpm,0.6030204370159237,0.5843133707255292,0.601501718834811,0.5929075447801702,0.017188348109281715,0.0015187181811127104,False,0.010112892235753512,,29,2050,0.04422307569211074
jhr_se16,age,B,0.95,70+,turnout,bivariate,0.6407782592179325,0.5843133707255292,0.601501718834811,0.5929075447801702,0.017188348109281715,0.03927654038312156,False,0.04787071443776236,,29,2050,0.04422307569211074
jhr_se16,age,B,0.95,70+,BN,reconciled,0.3269097859345525,0.10123032386466438,0.11823774199384839,0.10973403292925638,0.017007418129184007,0.2086720439407041,False,0.21717575300529612,0.022419511950791664,29,2050,0.04422307569211074
jhr_se16,age,B,0.95,70+,BN,M2_logit,0.3234460502403691,0.10123032386466438,0.11823774199384839,0.10973403292925638,0.017007418129184007,0.2052083082465207,False,0.21371201731111272,,29,2050,0.04422307569211074
jhr_se16,age,B,0.95,70+,BN,M3_probit,0.3234451353701164,0.10123032386466438,0.11823774199384839,0.10973403292925638,0.017007418129184007,0.20520739337626798,False,0.21371110244086,,29,2050,0.04422307569211074
jhr_se16,age,B,0.95,70+,BN,M1_lpm,0.32399809172651867,0.10123032386466438,0.11823774199384839,0.10973403292925638,0.017007418129184007,0.20576034973267027,False,0.2142640587972623,,29,2050,0.04422307569211074
jhr_se16,age,B,0.95,70+,BN,bivariate,0.32817556739741643,0.10123032386466438,0.11823774199384839,0.10973403292925638,0.017007418129184007,0.20993782540356803,False,0.21844153446816006,,29,2050,0.04422307569211074
jhr_se16,age,B,0.95,70+,PH,reconciled,0.23104062803558345,0.43350823231409447,0.4506965804233762,0.4421024063687353,0.017188348109281715,0.20246760427851102,False,-0.21106177833315187,0.017473973696627332,29,2050,0.04422307569211074
jhr_se16,age,B,0.95,70+,PH,M2_logit,0.23051497525404357,0.43350823231409447,0.4506965804233762,0.4421024063687353,0.017188348109281715,0.2029932570600509,False,-0.21158743111469175,,29,2050,0.04422307569211074
jhr_se16,age,B,0.95,70+,PH,M3_probit,0.2305135113119426,0.43350823231409447,0.4506965804233762,0.4421024063687353,0.017188348109281715,0.20299472100215188,False,-0.21158889505679274,,29,2050,0.04422307569211074
jhr_se16,age,B,0.95,70+,PH,M1_lpm,0.23160938733149095,0.43350823231409447,0.4506965804233762,0.4421024063687353,0.017188348109281715,0.20189884498260352,False,-0.21049301903724438,,29,2050,0.04422307569211074
jhr_se16,age,B,0.95,70+,PH,bivariate,0.26409626996126484,0.43350823231409447,0.4506965804233762,0.4421024063687353,0.017188348109281715,0.16941196235282963,False,-0.17800613640747048,,29,2050,0.04422307569211074
jhr_se16,age,B,0.95,70+,PN,reconciled,0.01548075554984392,0.0018092998009770218,0.0024425547313189798,0.002125927266148001,0.000633254930341958,0.013038200818524939,False,0.013354828283695918,0.0028742832204287656,29,2050,0.04422307569211074
jhr_se16,age,B,0.95,70+,PN,M2_logit,0.015028280120869958,0.0018092998009770218,0.0024425547313189798,0.002125927266148001,0.000633254930341958,0.012585725389550977,False,0.012902352854721957,,29,2050,0.04422307569211074
jhr_se16,age,B,0.95,70+,PN,M3_probit,0.015019614366840824,0.0018092998009770218,0.0024425547313189798,0.002125927266148001,0.000633254930341958,0.012577059635521845,False,0.012893687100692823,,29,2050,0.04422307569211074
jhr_se16,age,B,0.95,70+,PN,M1_lpm,0.015915094647621118,0.0018092998009770218,0.0024425547313189798,0.002125927266148001,0.000633254930341958,0.013472539916302137,False,0.013789167381473117,,29,2050,0.04422307569211074
jhr_se16,age,B,0.95,70+,PN,bivariate,0.013806071416318302,0.0018092998009770218,0.0024425547313189798,0.002125927266148001,0.000633254930341958,0.011363516684999322,False,0.011680144150170301,,29,2050,0.04422307569211074
jhr_se16,age,A,0.99,18-29,turnout,reconciled,0.6806182697883598,0.6475152777617935,0.6475785754566066,0.6475469266092,6.329769481305814e-05,0.033039694331753244,False,0.03307134317915983,0.008505289229586516,500,3933,0.5235201793046522
jhr_se16,age,A,0.99,18-29,turnout,M2_logit,0.681459134699469,0.6475152777617935,0.6475785754566066,0.6475469266092,6.329769481305814e-05,0.033880559242862374,False,0.03391220809026896,,500,3933,0.5235201793046522
jhr_se16,age,A,0.99,18-29,turnout,M3_probit,0.6814594280364301,0.6475152777617935,0.6475785754566066,0.6475469266092,6.329769481305814e-05,0.03388085257982354,False,0.033912501427230124,,500,3933,0.5235201793046522
jhr_se16,age,A,0.99,18-29,turnout,M1_lpm,0.6815950409090497,0.6475152777617935,0.6475785754566066,0.6475469266092,6.329769481305814e-05,0.03401646545244308,False,0.03404811429984966,,500,3933,0.5235201793046522
jhr_se16,age,A,0.99,18-29,turnout,bivariate,0.659338975134459,0.6475152777617935,0.6475785754566066,0.6475469266092,6.329769481305814e-05,0.011760399677852473,False,0.011792048525259058,,500,3933,0.5235201793046522
jhr_se16,age,A,0.99,18-29,BN,reconciled,0.46862044016596294,0.4019748880781669,0.40203818577297995,0.4020065369255734,6.329769481305814e-05,0.06658225439298299,False,0.06661390324038952,0.017101897800284618,500,3933,0.5235201793046522
jhr_se16,age,A,0.99,18-29,BN,M2_logit,0.4738122836974419,0.4019748880781669,0.40203818577297995,0.4020065369255734,6.329769481305814e-05,0.07177409792446193,False,0.07180574677186846,,500,3933,0.5235201793046522
jhr_se16,age,A,0.99,18-29,BN,M3_probit,0.47381228144819626,0.4019748880781669,0.40203818577297995,0.4020065369255734,6.329769481305814e-05,0.07177409567521631,False,0.07180574452262284,,500,3933,0.5235201793046522
jhr_se16,age,A,0.99,18-29,BN,M1_lpm,0.47349717976211214,0.4019748880781669,0.40203818577297995,0.4020065369255734,6.329769481305814e-05,0.07145899398913219,False,0.07149064283653872,,500,3933,0.5235201793046522
jhr_se16,age,A,0.99,18-29,BN,bivariate,0.4853180354262788,0.4019748880781669,0.40203818577297995,0.4020065369255734,6.329769481305814e-05,0.08327984965329888,False,0.0833114985007054,,500,3933,0.5235201793046522
jhr_se16,age,A,0.99,18-29,PH,reconciled,0.15270464311995288,0.19374561231888227,0.19380891001369532,0.1937772611662888,6.329769481305814e-05,0.04104096919892938,False,-0.04107261804633591,0.010827963936752238,500,3933,0.5235201793046522
jhr_se16,age,A,0.99,18-29,PH,M2_logit,0.14999256895382082,0.19374561231888227,0.19380891001369532,0.1937772611662888,6.329769481305814e-05,0.043753043365061445,False,-0.043784692212467974,,500,3933,0.5235201793046522
jhr_se16,age,A,0.99,18-29,PH,M3_probit,0.14999158654524153,0.19374561231888227,0.19380891001369532,0.1937772611662888,6.329769481305814e-05,0.04375402577364074,False,-0.043785674621047266,,500,3933,0.5235201793046522
jhr_se16,age,A,0.99,18-29,PH,M1_lpm,0.1489517900983781,0.19374561231888227,0.19380891001369532,0.1937772611662888,6.329769481305814e-05,0.044793822220504154,False,-0.04482547106791068,,500,3933,0.5235201793046522
jhr_se16,age,A,0.99,18-29,PH,bivariate,0.11842806822135153,0.19374561231888227,0.19380891001369532,0.1937772611662888,6.329769481305814e-05,0.07531754409753073,False,-0.07534919294493726,,500,3933,0.5235201793046522
jhr_se16,age,A,0.99,18-29,PN,reconciled,0.04466234780963319,0.028673855750307856,0.028711258933606473,0.028692557341957164,3.740318329861769e-05,0.01595108887602672,False,0.015969790467676027,0.006402168226081896,500,3933,0.5235201793046522
jhr_se16,age,A,0.99,18-29,PN,M2_logit,0.045449318320402006,0.028673855750307856,0.028711258933606473,0.028692557341957164,3.740318329861769e-05,0.016738059386795533,False,0.01675676097844484,,500,3933,0.5235201793046522
jhr_se16,age,A,0.99,18-29,PN,M3_probit,0.04544849465294597,0.028673855750307856,0.028711258933606473,0.028692557341957164,3.740318329861769e-05,0.016737235719339494,False,0.016755937310988803,,500,3933,0.5235201793046522
jhr_se16,age,A,0.99,18-29,PN,M1_lpm,0.04472386291296338,0.028673855750307856,0.028711258933606473,0.028692557341957164,3.740318329861769e-05,0.01601260397935691,False,0.016031305571006217,,500,3933,0.5235201793046522
jhr_se16,age,A,0.99,18-29,PN,bivariate,0.04442628581373349,0.028673855750307856,0.028711258933606473,0.028692557341957164,3.740318329861769e-05,0.01571502688012702,False,0.01573372847177633,,500,3933,0.5235201793046522
jhr_se16,age,A,0.99,30-39,turnout,reconciled,0.6578394833687908,0.6388042709006431,0.6390427397766085,0.6389235053386257,0.00023846887596545852,0.018796743592182308,False,0.018915978030165093,0.007220531592999942,192,3933,0.22334662572997938
jhr_se16,age,A,0.99,30-39,turnout,M2_logit,0.6571088912735923,0.6388042709006431,0.6390427397766085,0.6389235053386257,0.00023846887596545852,0.018066151496983762,False,0.018185385934966547,,192,3933,0.22334662572997938
jhr_se16,age,A,0.99,30-39,turnout,M3_probit,0.6571089219940096,0.6388042709006431,0.6390427397766085,0.6389235053386257,0.00023846887596545852,0.018066182217401083,False,0.018185416655383868,,192,3933,0.22334662572997938
jhr_se16,age,A,0.99,30-39,turnout,M1_lpm,0.6570593477268605,0.6388042709006431,0.6390427397766085,0.6389235053386257,0.00023846887596545852,0.01801660795025195,False,0.018135842388234735,,192,3933,0.22334662572997938
jhr_se16,age,A,0.99,30-39,turnout,bivariate,0.6380419618213448,0.6388042709006431,0.6390427397766085,0.6389235053386257,0.00023846887596545852,0.0007623090792983067,False,-0.0008815435172809805,,192,3933,0.22334662572997938
jhr_se16,age,A,0.99,30-39,BN,reconciled,0.42476375409605127,0.38170405243238253,0.38194252130834794,0.38182328687036526,0.000238468875965403,0.042821232787703334,False,0.04294046722568601,0.014112082229845868,192,3933,0.22334662572997938
jhr_se16,age,A,0.99,30-39,BN,M2_logit,0.42393302476767236,0.38170405243238253,0.38194252130834794,0.38182328687036526,0.000238468875965403,0.041990503459324424,False,0.0421097378973071,,192,3933,0.22334662572997938
jhr_se16,age,A,0.99,30-39,BN,M3_probit,0.4239328819631605,0.38170405243238253,0.38194252130834794,0.38182328687036526,0.000238468875965403,0.04199036065481254,False,0.042109595092795216,,192,3933,0.22334662572997938
jhr_se16,age,A,0.99,30-39,BN,M1_lpm,0.42387935113232894,0.38170405243238253,0.38194252130834794,0.38182328687036526,0.000238468875965403,0.041936829823981,False,0.04205606426196368,,192,3933,0.22334662572997938
jhr_se16,age,A,0.99,30-39,BN,bivariate,0.45319195408273943,0.38170405243238253,0.38194252130834794,0.38182328687036526,0.000238468875965403,0.0712494327743915,False,0.07136866721237417,,192,3933,0.22334662572997938
jhr_se16,age,A,0.99,30-39,PH,reconciled,0.1785058297291116,0.207252530847103,0.2074909997230684,0.2073717652850857,0.000238468875965403,0.02874670111799138,False,-0.02886593555597408,0.010372677765899188,192,3933,0.22334662572997938
jhr_se16,age,A,0.99,30-39,PH,M2_logit,0.17897164697561477,0.207252530847103,0.2074909997230684,0.2073717652850857,0.000238468875965403,0.02828088387148822,False,-0.028400118309470923,,192,3933,0.22334662572997938
jhr_se16,age,A,0.99,30-39,PH,M3_probit,0.1789714877872161,0.207252530847103,0.2074909997230684,0.2073717652850857,0.000238468875965403,0.02828104305988688,False,-0.02840027749786958,,192,3933,0.22334662572997938
jhr_se16,age,A,0.99,30-39,PH,M1_lpm,0.17825804372719048,0.207252530847103,0.2074909997230684,0.2073717652850857,0.000238468875965403,0.02899448711991251,False,-0.02911372155789521,,192,3933,0.22334662572997938
jhr_se16,age,A,0.99,30-39,PH,bivariate,0.1290020132050669,0.207252530847103,0.2074909997230684,0.2073717652850857,0.000238468875965403,0.07825051764203608,False,-0.07836975208001878,,192,3933,0.22334662572997938
jhr_se16,age,A,0.99,30-39,PN,reconciled,0.037613986136019364,0.027570079079356286,0.02765469706760208,0.027612388073479183,8.461798824579286e-05,0.009959289068417285,False,0.010001598062540182,0.006400687346346278,192,3933,0.22334662572997938
jhr_se16,age,A,0.99,30-39,PN,M2_logit,0.03730838759608112,0.027570079079356286,0.02765469706760208,0.027612388073479183,8.461798824579286e-05,0.009653690528479041,False,0.009695999522601938,,192,3933,0.22334662572997938
jhr_se16,age,A,0.99,30-39,PN,M3_probit,0.03730735367590476,0.027570079079356286,0.02765469706760208,0.027612388073479183,8.461798824579286e-05,0.009652656608302678,False,0.009694965602425575,,192,3933,0.22334662572997938
jhr_se16,age,A,0.99,30-39,PN,M1_lpm,0.038162023566871234,0.027570079079356286,0.02765469706760208,0.027612388073479183,8.461798824579286e-05,0.010507326499269155,False,0.010549635493392051,,192,3933,0.22334662572997938
jhr_se16,age,A,0.99,30-39,PN,bivariate,0.04343196213018701,0.027570079079356286,0.02765469706760208,0.027612388073479183,8.461798824579286e-05,0.015777265062584932,False,0.01581957405670783,,192,3933,0.22334662572997938
jhr_se16,age,A,0.99,40-49,turnout,reconciled,0.6812276838299649,0.6839293644366657,0.6842820198009456,0.6841056921188057,0.00035265536427986355,0.0027016806067008403,False,-0.002878008288840772,0.006348333527141472,118,3933,0.1548048712924939
jhr_se16,age,A,0.99,40-49,turnout,M2_logit,0.6805267687202339,0.6839293644366657,0.6842820198009456,0.6841056921188057,0.00035265536427986355,0.0034025957164318665,False,-0.0035789233985717983,,118,3933,0.1548048712924939
jhr_se16,age,A,0.99,40-49,turnout,M3_probit,0.6805270517226638,0.6839293644366657,0.6842820198009456,0.6841056921188057,0.00035265536427986355,0.0034023127140019316,False,-0.0035786403961418634,,118,3933,0.1548048712924939
jhr_se16,age,A,0.99,40-49,turnout,M1_lpm,0.6806644517684955,0.6839293644366657,0.6842820198009456,0.6841056921188057,0.00035265536427986355,0.0032649126681701945,False,-0.0034412403503101263,,118,3933,0.1548048712924939
jhr_se16,age,A,0.99,40-49,turnout,bivariate,0.6840561037433953,0.6839293644366657,0.6842820198009456,0.6841056921188057,0.00035265536427986355,0.0,True,-4.9588375410358765e-05,,118,3933,0.1548048712924939
jhr_se16,age,A,0.99,40-49,BN,reconciled,0.4037367185182184,0.4009430265667041,0.401295681930984,0.40111935424884404,0.00035265536427991906,0.0024410365872343798,False,0.002617364269374367,0.013401986206106827,118,3933,0.1548048712924939
jhr_se16,age,A,0.99,40-49,BN,M2_logit,0.40500527538483994,0.4009430265667041,0.401295681930984,0.40111935424884404,0.00035265536427991906,0.0037095934538559083,False,0.0038859211359958956,,118,3933,0.1548048712924939
jhr_se16,age,A,0.99,40-49,BN,M3_probit,0.4050051576141808,0.4009430265667041,0.401295681930984,0.40111935424884404,0.00035265536427991906,0.0037094756831967945,False,0.003885803365336782,,118,3933,0.1548048712924939
jhr_se16,age,A,0.99,40-49,BN,M1_lpm,0.4047071209738729,0.4009430265667041,0.401295681930984,0.40111935424884404,0.00035265536427991906,0.0034114390428888752,False,0.0035877667250288625,,118,3933,0.1548048712924939
jhr_se16,age,A,0.99,40-49,BN,bivariate,0.4056099033127854,0.4009430265667041,0.401295681930984,0.40111935424884404,0.00035265536427991906,0.004314221381801375,False,0.0044905490639413626,,118,3933,0.1548048712924939
jhr_se16,age,A,0.99,40-49,PH,reconciled,0.20719133822392607,0.22115409733288055,0.22150675269716047,0.2213304250150205,0.00035265536427991906,0.013962759108954476,False,-0.014139086791094435,0.011956970473539679,118,3933,0.1548048712924939
jhr_se16,age,A,0.99,40-49,PH,M2_logit,0.20650727907043673,0.22115409733288055,0.22150675269716047,0.2213304250150205,0.00035265536427991906,0.014646818262443823,False,-0.014823145944583782,,118,3933,0.1548048712924939
jhr_se16,age,A,0.99,40-49,PH,M3_probit,0.20650696691524112,0.22115409733288055,0.22150675269716047,0.2213304250150205,0.00035265536427991906,0.014647130417639431,False,-0.01482345809977939,,118,3933,0.1548048712924939
jhr_se16,age,A,0.99,40-49,PH,M1_lpm,0.20581098420368993,0.22115409733288055,0.22150675269716047,0.2213304250150205,0.00035265536427991906,0.015343113129190622,False,-0.015519440811330582,,118,3933,0.1548048712924939
jhr_se16,age,A,0.99,40-49,PH,bivariate,0.20589449163058585,0.22115409733288055,0.22150675269716047,0.2213304250150205,0.00035265536427991906,0.015259605702294704,False,-0.015435933384434664,,118,3933,0.1548048712924939
jhr_se16,age,A,0.99,40-49,PN,reconciled,0.04869288272140799,0.03624513466210392,0.03653248347744312,0.036388809069773514,0.0002873488153391987,0.012160399243964871,False,0.012304073651634474,0.0075111912170094915,118,3933,0.1548048712924939
jhr_se16,age,A,0.99,40-49,PN,M2_logit,0.049280211583734135,0.03624513466210392,0.03653248347744312,0.036388809069773514,0.0002873488153391987,0.012747728106291017,False,0.01289140251396062,,118,3933,0.1548048712924939
jhr_se16,age,A,0.99,40-49,PN,M3_probit,0.04928023940841193,0.03624513466210392,0.03653248347744312,0.036388809069773514,0.0002873488153391987,0.012747755930968815,False,0.012891430338638418,,118,3933,0.1548048712924939
jhr_se16,age,A,0.99,40-49,PN,M1_lpm,0.048150082210978475,0.03624513466210392,0.03653248347744312,0.036388809069773514,0.0002873488153391987,0.011617598733535357,False,0.01176127314120496,,118,3933,0.1548048712924939
jhr_se16,age,A,0.99,40-49,PN,bivariate,0.050905651792928955,0.03624513466210392,0.03653248347744312,0.036388809069773514,0.0002873488153391987,0.014373168315485838,False,0.01451684272315544,,118,3933,0.1548048712924939
jhr_se16,age,A,0.99,50-59,turnout,reconciled,0.7480393785015905,0.7327314354831742,0.7328826299192189,0.7328070327011966,0.0001511944360447215,0.015156748582371593,False,0.015232345800393898,0.007229747860741408,74,3933,0.11611278725362587
jhr_se16,age,A,0.99,50-59,turnout,M2_logit,0.7482862741470258,0.7327314354831742,0.7328826299192189,0.7328070327011966,0.0001511944360447215,0.015403644227806823,False,0.015479241445829128,,74,3933,0.11611278725362587
jhr_se16,age,A,0.99,50-59,turnout,M3_probit,0.74828634708088,0.7327314354831742,0.7328826299192189,0.7328070327011966,0.0001511944360447215,0.015403717161661112,False,0.015479314379683418,,74,3933,0.11611278725362587
jhr_se16,age,A,0.99,50-59,turnout,M1_lpm,0.7475849535487908,0.7327314354831742,0.7328826299192189,0.7328070327011966,0.0001511944360447215,0.014702323629571912,False,0.014777920847594217,,74,3933,0.11611278725362587
jhr_se16,age,A,0.99,50-59,turnout,bivariate,0.7836809384810466,0.7327314354831742,0.7328826299192189,0.7328070327011966,0.0001511944360447215,0.050798308561827654,False,0.05087390577984996,,74,3933,0.11611278725362587
jhr_se16,age,A,0.99,50-59,BN,reconciled,0.4009069758199353,0.29936498336861206,0.2995161778046568,0.2994405805866344,0.0001511944360447215,0.1013907980152785,False,0.10146639523330087,0.01748824360082172,74,3933,0.11611278725362587
jhr_se16,age,A,0.99,50-59,BN,M2_logit,0.3981610223898282,0.29936498336861206,0.2995161778046568,0.2994405805866344,0.0001511944360447215,0.09864484458517142,False,0.09872044180319378,,74,3933,0.11611278725362587
jhr_se16,age,A,0.99,50-59,BN,M3_probit,0.39816074556605197,0.29936498336861206,0.2995161778046568,0.2994405805866344,0.0001511944360447215,0.09864456776139519,False,0.09872016497941755,,74,3933,0.11611278725362587
jhr_se16,age,A,0.99,50-59,BN,M1_lpm,0.39853635137960763,0.29936498336861206,0.2995161778046568,0.2994405805866344,0.0001511944360447215,0.09902017357495085,False,0.09909577079297321,,74,3933,0.11611278725362587
jhr_se16,age,A,0.99,50-59,BN,bivariate,0.394294609176818,0.29936498336861206,0.2995161778046568,0.2994405805866344,0.0001511944360447215,0.09477843137216124,False,0.0948540285901836,,74,3933,0.11611278725362587
jhr_se16,age,A,0.99,50-59,PH,reconciled,0.2777404199798129,0.3636226186876323,0.36377381312367707,0.36369821590565465,0.000151194436044777,0.08588219870781938,False,-0.08595779592584174,0.01572912023592187,74,3933,0.11611278725362587
jhr_se16,age,A,0.99,50-59,PH,M2_logit,0.2790945912231921,0.3636226186876323,0.36377381312367707,0.36369821590565465,0.000151194436044777,0.08452802746444021,False,-0.08460362468246257,,74,3933,0.11611278725362587
jhr_se16,age,A,0.99,50-59,PH,M3_probit,0.27909420042346306,0.3636226186876323,0.36377381312367707,0.36369821590565465,0.000151194436044777,0.08452841826416924,False,-0.0846040154821916,,74,3933,0.11611278725362587
jhr_se16,age,A,0.99,50-59,PH,M1_lpm,0.27948746914938666,0.3636226186876323,0.36377381312367707,0.36369821590565465,0.000151194436044777,0.08413514953824563,False,-0.084210746756268,,74,3933,0.11611278725362587
jhr_se16,age,A,0.99,50-59,PH,bivariate,0.31472100151556576,0.3636226186876323,0.36377381312367707,0.36369821590565465,0.000151194436044777,0.048901617172066536,False,-0.0489772143900889,,74,3933,0.11611278725362587
jhr_se16,age,A,0.99,50-59,PN,reconciled,0.04375678970890731,0.02812216510432416,0.028251760335219665,0.02818696271977191,0.00012959523089550382,0.015505029373687647,False,0.0155698269891354,0.0076103871339402735,74,3933,0.11611278725362587
jhr_se16,age,A,0.99,50-59,PN,M2_logit,0.04335575615583063,0.02812216510432416,0.028251760335219665,0.02818696271977191,0.00012959523089550382,0.015103995820610963,False,0.015168793436058717,,74,3933,0.11611278725362587
jhr_se16,age,A,0.99,50-59,PN,M3_probit,0.04335391942109684,0.02812216510432416,0.028251760335219665,0.02818696271977191,0.00012959523089550382,0.015102159085877177,False,0.015166956701324931,,74,3933,0.11611278725362587
jhr_se16,age,A,0.99,50-59,PN,M1_lpm,0.04352622093799769,0.02812216510432416,0.028251760335219665,0.02818696271977191,0.00012959523089550382,0.015274460602778026,False,0.01533925821822578,,74,3933,0.11611278725362587
jhr_se16,age,A,0.99,50-59,PN,bivariate,0.04509672526620003,0.02812216510432416,0.028251760335219665,0.02818696271977191,0.00012959523089550382,0.016844964930980366,False,0.01690976254642812,,74,3933,0.11611278725362587
jhr_se16,age,A,0.99,60-69,turnout,reconciled,0.7989564698347628,0.7657279808268425,0.7657654284002396,0.7657467046135411,3.744757339718685e-05,0.033191041434523116,False,0.033209765221221654,0.004643573552536468,60,3933,0.08505108670726425
jhr_se16,age,A,0.99,60-69,turnout,M2_logit,0.7988837185869897,0.7657279808268425,0.7657654284002396,0.7657467046135411,3.744757339718685e-05,0.033118290186750055,False,0.03313701397344859,,60,3933,0.08505108670726425
jhr_se16,age,A,0.99,60-69,turnout,M3_probit,0.7988848488510034,0.7657279808268425,0.7657654284002396,0.7657467046135411,3.744757339718685e-05,0.03311942045076377,False,0.03313814423746231,,60,3933,0.08505108670726425
jhr_se16,age,A,0.99,60-69,turnout,M1_lpm,0.8027842425637594,0.7657279808268425,0.7657654284002396,0.7657467046135411,3.744757339718685e-05,0.03701881416351971,False,0.03703753795021825,,60,3933,0.08505108670726425
jhr_se16,age,A,0.99,60-69,turnout,bivariate,0.7945329656139669,0.7657279808268425,0.7657654284002396,0.7657467046135411,3.744757339718685e-05,0.028767537213727268,False,0.028786261000425806,,60,3933,0.08505108670726425
jhr_se16,age,A,0.99,60-69,BN,reconciled,0.42777868833200766,0.26677651288196524,0.2668139604553625,0.2667952366686639,3.744757339724236e-05,0.16096472787664518,False,0.16098345166334377,0.016994902139411065,60,3933,0.08505108670726425
jhr_se16,age,A,0.99,60-69,BN,M2_logit,0.43184683390513817,0.26677651288196524,0.2668139604553625,0.2667952366686639,3.744757339724236e-05,0.16503287344977569,False,0.16505159723647428,,60,3933,0.08505108670726425
jhr_se16,age,A,0.99,60-69,BN,M3_probit,0.43184696196100225,0.26677651288196524,0.2668139604553625,0.2667952366686639,3.744757339724236e-05,0.16503300150563976,False,0.16505172529233836,,60,3933,0.08505108670726425
jhr_se16,age,A,0.99,60-69,BN,M1_lpm,0.4288632586685331,0.26677651288196524,0.2668139604553625,0.2667952366686639,3.744757339724236e-05,0.1620492982131706,False,0.1620680219998692,,60,3933,0.08505108670726425
jhr_se16,age,A,0.99,60-69,BN,bivariate,0.37613884095536265,0.26677651288196524,0.2668139604553625,0.2667952366686639,3.744757339724236e-05,0.10932488050000017,False,0.10934360428669876,,60,3933,0.08505108670726425
jhr_se16,age,A,0.99,60-69,PH,reconciled,0.3067102934719968,0.4446899340922708,0.44472738166566805,0.4447086578789694,3.744757339724236e-05,0.137979640620274,False,-0.1379983644069726,0.01651706177080114,60,3933,0.08505108670726425
jhr_se16,age,A,0.99,60-69,PH,M2_logit,0.30820326889404603,0.4446899340922708,0.44472738166566805,0.4447086578789694,3.744757339724236e-05,0.13648666519822478,False,-0.13650538898492337,,60,3933,0.08505108670726425
jhr_se16,age,A,0.99,60-69,PH,M3_probit,0.3082030165748173,0.4446899340922708,0.44472738166566805,0.4447086578789694,3.744757339724236e-05,0.1364869175174535,False,-0.1365056413041521,,60,3933,0.08505108670726425
jhr_se16,age,A,0.99,60-69,PH,M1_lpm,0.31144008851143384,0.4446899340922708,0.44472738166566805,0.4447086578789694,3.744757339724236e-05,0.13324984558083697,False,-0.13326856936753556,,60,3933,0.08505108670726425
jhr_se16,age,A,0.99,60-69,PH,bivariate,0.3589356620295441,0.4446899340922708,0.44472738166566805,0.4447086578789694,3.744757339724236e-05,0.08575427206272673,False,-0.08577299584942533,,60,3933,0.08505108670726425
jhr_se16,age,A,0.99,60-69,PN,reconciled,0.03629267107106604,0.013406231276213302,0.013406231276213302,0.013406231276213302,0.0,0.02288643979485274,False,0.02288643979485274,0.006140627462834286,60,3933,0.08505108670726425
jhr_se16,age,A,0.99,60-69,PN,M2_logit,0.0365000703899632,0.013406231276213302,0.013406231276213302,0.013406231276213302,0.0,0.023093839113749903,False,0.023093839113749903,,60,3933,0.08505108670726425
jhr_se16,age,A,0.99,60-69,PN,M3_probit,0.03650265190622309,0.013406231276213302,0.013406231276213302,0.013406231276213302,0.0,0.023096420630009787,False,0.023096420630009787,,60,3933,0.08505108670726425
jhr_se16,age,A,0.99,60-69,PN,M1_lpm,0.033905942713406446,0.013406231276213302,0.013406231276213302,0.013406231276213302,0.0,0.020499711437193147,False,0.020499711437193147,,60,3933,0.08505108670726425
jhr_se16,age,A,0.99,60-69,PN,bivariate,0.02595790468013872,0.013406231276213302,0.013406231276213302,0.013406231276213302,0.0,0.012551673403925418,False,0.012551673403925418,,60,3933,0.08505108670726425
jhr_se16,age,A,0.99,70+,turnout,reconciled,0.5910267325943623,0.6562559151996972,0.6562559151996972,0.6562559151996972,0.0,0.06522918260533483,False,-0.06522918260533483,0.010471483063889226,12,3933,0.02113538166106577
jhr_se16,age,A,0.99,70+,turnout,M2_logit,0.5915470942839999,0.6562559151996972,0.6562559151996972,0.6562559151996972,0.0,0.0647088209156973,False,-0.0647088209156973,,12,3933,0.02113538166106577
jhr_se16,age,A,0.99,70+,turnout,M3_probit,0.5915467681820819,0.6562559151996972,0.6562559151996972,0.6562559151996972,0.0,0.06470914701761532,False,-0.06470914701761532,,12,3933,0.02113538166106577
jhr_se16,age,A,0.99,70+,turnout,M1_lpm,0.5883278507753522,0.6562559151996972,0.6562559151996972,0.6562559151996972,0.0,0.06792806442434496,False,-0.06792806442434496,,12,3933,0.02113538166106577
jhr_se16,age,A,0.99,70+,turnout,bivariate,0.6306632332703361,0.6562559151996972,0.6562559151996972,0.6562559151996972,0.0,0.02559268192936104,False,-0.02559268192936104,,12,3933,0.02113538166106577
jhr_se16,age,A,0.99,70+,BN,reconciled,0.3012541099130868,0.12171114896838918,0.12171114896838918,0.12171114896838918,0.0,0.17954296094469763,False,0.17954296094469763,0.016683897796540684,12,3933,0.02113538166106577
jhr_se16,age,A,0.99,70+,BN,M2_logit,0.29213624892947543,0.12171114896838918,0.12171114896838918,0.12171114896838918,0.0,0.17042509996108623,False,0.17042509996108623,,12,3933,0.02113538166106577
jhr_se16,age,A,0.99,70+,BN,M3_probit,0.29213544232092237,0.12171114896838918,0.12171114896838918,0.12171114896838918,0.0,0.17042429335253317,False,0.17042429335253317,,12,3933,0.02113538166106577
jhr_se16,age,A,0.99,70+,BN,M1_lpm,0.29706663472007017,0.12171114896838918,0.12171114896838918,0.12171114896838918,0.0,0.17535548575168097,False,0.17535548575168097,,12,3933,0.02113538166106577
jhr_se16,age,A,0.99,70+,BN,bivariate,0.2983045581745173,0.12171114896838918,0.12171114896838918,0.12171114896838918,0.0,0.1765934092061281,False,0.1765934092061281,,12,3933,0.02113538166106577
jhr_se16,age,A,0.99,70+,PH,reconciled,0.24608886171874883,0.4940374787052811,0.4940374787052811,0.4940374787052811,0.0,0.24794861698653226,False,-0.24794861698653226,0.013666288640874933,12,3933,0.02113538166106577
jhr_se16,age,A,0.99,70+,PH,M2_logit,0.24689054334769053,0.4940374787052811,0.4940374787052811,0.4940374787052811,0.0,0.24714693535759055,False,-0.24714693535759055,,12,3933,0.02113538166106577
jhr_se16,age,A,0.99,70+,PH,M3_probit,0.24688998991269917,0.4940374787052811,0.4940374787052811,0.4940374787052811,0.0,0.24714748879258192,False,-0.24714748879258192,,12,3933,0.02113538166106577
jhr_se16,age,A,0.99,70+,PH,M1_lpm,0.24568703240955525,0.4940374787052811,0.4940374787052811,0.4940374787052811,0.0,0.24835044629572584,False,-0.24835044629572584,,12,3933,0.02113538166106577
jhr_se16,age,A,0.99,70+,PH,bivariate,0.2866754962956884,0.4940374787052811,0.4940374787052811,0.4940374787052811,0.0,0.2073619824095927,False,-0.2073619824095927,,12,3933,0.02113538166106577
jhr_se16,age,A,0.99,70+,PN,reconciled,0.016196987272492372,0.0037857278061707365,0.0037857278061707365,0.0037857278061707365,0.0,0.012411259466321635,False,0.012411259466321635,0.002938389220691375,12,3933,0.02113538166106577
jhr_se16,age,A,0.99,70+,PN,M2_logit,0.015029287404786673,0.0037857278061707365,0.0037857278061707365,0.0037857278061707365,0.0,0.011243559598615937,False,0.011243559598615937,,12,3933,0.02113538166106577
jhr_se16,age,A,0.99,70+,PN,M3_probit,0.015022127717124113,0.0037857278061707365,0.0037857278061707365,0.0037857278061707365,0.0,0.011236399910953376,False,0.011236399910953376,,12,3933,0.02113538166106577
jhr_se16,age,A,0.99,70+,PN,M1_lpm,0.019166589927361095,0.0037857278061707365,0.0037857278061707365,0.0037857278061707365,0.0,0.015380862121190358,False,0.015380862121190358,,12,3933,0.02113538166106577
jhr_se16,age,A,0.99,70+,PN,bivariate,0.01597241554040665,0.0037857278061707365,0.0037857278061707365,0.0037857278061707365,0.0,0.012186687734235913,False,0.012186687734235913,,12,3933,0.02113538166106577
jhr_se16,age,A,0.9,18-29,turnout,reconciled,0.6842997648783468,0.6479025167768201,0.6543112112813328,0.6511068640290765,0.0064086945045127575,0.02998855359701391,False,0.03319290084927029,0.00793788285367229,573,3551,0.5934586337057801
jhr_se16,age,A,0.9,18-29,turnout,M2_logit,0.6854569363651992,0.6479025167768201,0.6543112112813328,0.6511068640290765,0.0064086945045127575,0.03114572508386637,False,0.03435007233612275,,573,3551,0.5934586337057801
jhr_se16,age,A,0.9,18-29,turnout,M3_probit,0.6854574522001158,0.6479025167768201,0.6543112112813328,0.6511068640290765,0.0064086945045127575,0.03114624091878293,False,0.03435058817103931,,573,3551,0.5934586337057801
jhr_se16,age,A,0.9,18-29,turnout,M1_lpm,0.6856012054095267,0.6479025167768201,0.6543112112813328,0.6511068640290765,0.0064086945045127575,0.03128999412819389,False,0.034494341380450266,,573,3551,0.5934586337057801
jhr_se16,age,A,0.9,18-29,turnout,bivariate,0.6550069917930322,0.6479025167768201,0.6543112112813328,0.6511068640290765,0.0064086945045127575,0.0006957805116993843,False,0.003900127763955763,,573,3551,0.5934586337057801
jhr_se16,age,A,0.9,18-29,BN,reconciled,0.46482324196086944,0.4063670697164438,0.4127757642209566,0.4095714169687002,0.0064086945045127575,0.05204747773991286,False,0.05525182499216924,0.0173211009164724,573,3551,0.5934586337057801
jhr_se16,age,A,0.9,18-29,BN,M2_logit,0.469820550067391,0.4063670697164438,0.4127757642209566,0.4095714169687002,0.0064086945045127575,0.05704478584643441,False,0.06024913309869079,,573,3551,0.5934586337057801
jhr_se16,age,A,0.9,18-29,BN,M3_probit,0.4698205564171164,0.4063670697164438,0.4127757642209566,0.4095714169687002,0.0064086945045127575,0.05704479219615982,False,0.0602491394484162,,573,3551,0.5934586337057801
jhr_se16,age,A,0.9,18-29,BN,M1_lpm,0.4696795716940592,0.4063670697164438,0.4127757642209566,0.4095714169687002,0.0064086945045127575,0.05690380747310264,False,0.06010815472535902,,573,3551,0.5934586337057801
jhr_se16,age,A,0.9,18-29,BN,bivariate,0.4859793410184809,0.4063670697164438,0.4127757642209566,0.4095714169687002,0.0064086945045127575,0.07320357679752432,False,0.0764079240497807,,573,3551,0.5934586337057801
jhr_se16,age,A,0.9,18-29,PH,reconciled,0.15565478401094174,0.18427090630361728,0.18997654798525873,0.187123727144438,0.005705641681641449,0.028616122292675544,False,-0.03146894313349627,0.012345449320221082,573,3551,0.5934586337057801
jhr_se16,age,A,0.9,18-29,PH,M2_logit,0.15272015443215328,0.18427090630361728,0.18997654798525873,0.187123727144438,0.005705641681641449,0.031550751871464,False,-0.034403572712284725,,573,3551,0.5934586337057801
jhr_se16,age,A,0.9,18-29,PH,M3_probit,0.15271898147680363,0.18427090630361728,0.18997654798525873,0.187123727144438,0.005705641681641449,0.031551924826813654,False,-0.03440474566763438,,573,3551,0.5934586337057801
jhr_se16,age,A,0.9,18-29,PH,M1_lpm,0.15184119446159766,0.18427090630361728,0.18997654798525873,0.187123727144438,0.005705641681641449,0.03242971184201962,False,-0.035282532682840345,,573,3551,0.5934586337057801
jhr_se16,age,A,0.9,18-29,PH,bivariate,0.11136625534683714,0.18427090630361728,0.18997654798525873,0.187123727144438,0.005705641681641449,0.07290465095678014,False,-0.07575747179760087,,573,3551,0.5934586337057801
jhr_se16,age,A,0.9,18-29,PN,reconciled,0.04942399161878337,0.026919055015786963,0.029073899227403326,0.027996477121595142,0.002154844211616363,0.020350092391380047,False,0.02142751449718823,0.007181416296757609,573,3551,0.5934586337057801
jhr_se16,age,A,0.9,18-29,PN,M2_logit,0.05040920424464948,0.026919055015786963,0.029073899227403326,0.027996477121595142,0.002154844211616363,0.021335305017246155,False,0.022412727123054338,,573,3551,0.5934586337057801
jhr_se16,age,A,0.9,18-29,PN,M3_probit,0.05040881982338256,0.026919055015786963,0.029073899227403326,0.027996477121595142,0.002154844211616363,0.02133492059597923,False,0.022412342701787415,,573,3551,0.5934586337057801
jhr_se16,age,A,0.9,18-29,PN,M1_lpm,0.04972677216042381,0.026919055015786963,0.029073899227403326,0.027996477121595142,0.002154844211616363,0.020652872933020483,False,0.021730295038828666,,573,3551,0.5934586337057801
jhr_se16,age,A,0.9,18-29,PN,bivariate,0.04813450759613587,0.026919055015786963,0.029073899227403326,0.027996477121595142,0.002154844211616363,0.019060608368732544,False,0.020138030474540727,,573,3551,0.5934586337057801
jhr_se16,age,A,0.9,30-39,turnout,reconciled,0.6565893884989366,0.6391226091859306,0.656779936678666,0.6479512729322983,0.01765732749273541,0.0,True,0.008638115566638294,0.007834527280419475,281,3551,0.3169145604145441
jhr_se16,age,A,0.9,30-39,turnout,M2_logit,0.6559193494255836,0.6391226091859306,0.656779936678666,0.6479512729322983,0.01765732749273541,0.0,True,0.007968076493285348,,281,3551,0.3169145604145441
jhr_se16,age,A,0.9,30-39,turnout,M3_probit,0.6559193111467634,0.6391226091859306,0.656779936678666,0.6479512729322983,0.01765732749273541,0.0,True,0.007968038214465123,,281,3551,0.3169145604145441
jhr_se16,age,A,0.9,30-39,turnout,M1_lpm,0.6558363857239237,0.6391226091859306,0.656779936678666,0.6479512729322983,0.01765732749273541,0.0,True,0.007885112791625404,,281,3551,0.3169145604145441
jhr_se16,age,A,0.9,30-39,turnout,bivariate,0.6287010962037753,0.6391226091859306,0.656779936678666,0.6479512729322983,0.01765732749273541,0.010421512982155212,False,-0.019250176728522916,,281,3551,0.3169145604145441
jhr_se16,age,A,0.9,30-39,BN,reconciled,0.43086857981842097,0.3799659539402351,0.3976232814329705,0.3887946176866028,0.01765732749273541,0.033245298385450484,False,0.04207396213181819,0.014496592365627059,281,3551,0.3169145604145441
jhr_se16,age,A,0.9,30-39,BN,M2_logit,0.43063401574013216,0.3799659539402351,0.3976232814329705,0.3887946176866028,0.01765732749273541,0.03301073430716167,False,0.041839398053529375,,281,3551,0.3169145604145441
jhr_se16,age,A,0.9,30-39,BN,M3_probit,0.4306339495133336,0.3799659539402351,0.3976232814329705,0.3887946176866028,0.01765732749273541,0.033010668080363126,False,0.04183933182673083,,281,3551,0.3169145604145441
jhr_se16,age,A,0.9,30-39,BN,M1_lpm,0.43054573251949035,0.3799659539402351,0.3976232814329705,0.3887946176866028,0.01765732749273541,0.032922451086519866,False,0.04175111483288757,,281,3551,0.3169145604145441
jhr_se16,age,A,0.9,30-39,BN,bivariate,0.46018172157003007,0.3799659539402351,0.3976232814329705,0.3887946176866028,0.01765732749273541,0.06255844013705958,False,0.07138710388342728,,281,3551,0.3169145604145441
jhr_se16,age,A,0.9,30-39,PH,reconciled,0.17385996281445437,0.19130849633516936,0.2075400095415709,0.19942425293837013,0.016231513206401538,0.017448533520714987,False,-0.025564290123915756,0.01088009546743363,281,3551,0.3169145604145441
jhr_se16,age,A,0.9,30-39,PH,M2_logit,0.1741578084968504,0.19130849633516936,0.2075400095415709,0.19942425293837013,0.016231513206401538,0.017150687838318968,False,-0.025266444441519736,,281,3551,0.3169145604145441
jhr_se16,age,A,0.9,30-39,PH,M3_probit,0.17415776899857338,0.19130849633516936,0.2075400095415709,0.19942425293837013,0.016231513206401538,0.017150727336595978,False,-0.025266483939796747,,281,3551,0.3169145604145441
jhr_se16,age,A,0.9,30-39,PH,M1_lpm,0.1733017565763076,0.19130849633516936,0.2075400095415709,0.19942425293837013,0.016231513206401538,0.018006739758861773,False,-0.02612249636206254,,281,3551,0.3169145604145441
jhr_se16,age,A,0.9,30-39,PH,bivariate,0.11278680750226702,0.19130849633516936,0.2075400095415709,0.19942425293837013,0.016231513206401538,0.07852168883290234,False,-0.0866374454361031,,281,3551,0.3169145604145441
jhr_se16,age,A,0.9,30-39,PN,reconciled,0.036195910781436184,0.02335516329097454,0.028901201370516546,0.026128182330745542,0.005546038079542005,0.0072947094109196385,False,0.010067728450690643,0.006545050346295234,281,3551,0.3169145604145441
jhr_se16,age,A,0.9,30-39,PN,M2_logit,0.035731093859072235,0.02335516329097454,0.028901201370516546,0.026128182330745542,0.005546038079542005,0.0068298924885556896,False,0.009602911528326694,,281,3551,0.3169145604145441
jhr_se16,age,A,0.9,30-39,PN,M3_probit,0.035729010304853225,0.02335516329097454,0.028901201370516546,0.026128182330745542,0.005546038079542005,0.006827808934336679,False,0.009600827974107683,,281,3551,0.3169145604145441
jhr_se16,age,A,0.9,30-39,PN,M1_lpm,0.036712705356796486,0.02335516329097454,0.028901201370516546,0.026128182330745542,0.005546038079542005,0.0078115039862799406,False,0.010584523026050945,,281,3551,0.3169145604145441
jhr_se16,age,A,0.9,30-39,PN,bivariate,0.04621895054016207,0.02335516329097454,0.028901201370516546,0.026128182330745542,0.005546038079542005,0.017317749169645524,False,0.020090768209416528,,281,3551,0.3169145604145441
jhr_se16,age,A,0.9,40-49,turnout,reconciled,0.6774069060913421,0.680013208949063,0.7029224799801865,0.6914678444646247,0.0229092710311235,0.002606302857720899,False,-0.014060938373282594,0.0067183865985832696,191,3551,0.24491933412998335
jhr_se16,age,A,0.9,40-49,turnout,M2_logit,0.6766973011169036,0.680013208949063,0.7029224799801865,0.6914678444646247,0.0229092710311235,0.0033159078321594038,False,-0.014770543347721099,,191,3551,0.24491933412998335
jhr_se16,age,A,0.9,40-49,turnout,M3_probit,0.6766975495528853,0.680013208949063,0.7029224799801865,0.6914678444646247,0.0229092710311235,0.003315659396177728,False,-0.014770294911739423,,191,3551,0.24491933412998335
jhr_se16,age,A,0.9,40-49,turnout,M1_lpm,0.6768263481536788,0.680013208949063,0.7029224799801865,0.6914678444646247,0.0229092710311235,0.0031868607953842165,False,-0.014641496310945912,,191,3551,0.24491933412998335
jhr_se16,age,A,0.9,40-49,turnout,bivariate,0.678098352523419,0.680013208949063,0.7029224799801865,0.6914678444646247,0.0229092710311235,0.0019148564256440403,False,-0.013369491941205736,,191,3551,0.24491933412998335
jhr_se16,age,A,0.9,40-49,BN,reconciled,0.3974258895520017,0.3887393709238009,0.41164864195492445,0.40019400643936265,0.022909271031123557,0.0,True,-0.0027681168873609496,0.013778344616315705,191,3551,0.24491933412998335
jhr_se16,age,A,0.9,40-49,BN,M2_logit,0.3979363299909392,0.3887393709238009,0.41164864195492445,0.40019400643936265,0.022909271031123557,0.0,True,-0.0022576764484234513,,191,3551,0.24491933412998335
jhr_se16,age,A,0.9,40-49,BN,M3_probit,0.39793621969239956,0.3887393709238009,0.41164864195492445,0.40019400643936265,0.022909271031123557,0.0,True,-0.0022577867469630863,,191,3551,0.24491933412998335
jhr_se16,age,A,0.9,40-49,BN,M1_lpm,0.3979361386820845,0.3887393709238009,0.41164864195492445,0.40019400643936265,0.022909271031123557,0.0,True,-0.0022578677572781536,,191,3551,0.24491933412998335
jhr_se16,age,A,0.9,40-49,BN,bivariate,0.40184010787585,0.3887393709238009,0.41164864195492445,0.40019400643936265,0.022909271031123557,0.0,True,0.0016461014364873572,,191,3551,0.24491933412998335
jhr_se16,age,A,0.9,40-49,PH,reconciled,0.20557695322401856,0.21016263518533806,0.22977792454387846,0.21997027986460826,0.0196152893585404,0.004585681961319504,False,-0.014393326640589704,0.01330409897093416,191,3551,0.24491933412998335
jhr_se16,age,A,0.9,40-49,PH,M2_logit,0.20504656682910033,0.21016263518533806,0.22977792454387846,0.21997027986460826,0.0196152893585404,0.005116068356237735,False,-0.014923713035507935,,191,3551,0.24491933412998335
jhr_se16,age,A,0.9,40-49,PH,M3_probit,0.20504603050128484,0.21016263518533806,0.22977792454387846,0.21997027986460826,0.0196152893585404,0.0051166046840532275,False,-0.014924249363323427,,191,3551,0.24491933412998335
jhr_se16,age,A,0.9,40-49,PH,M1_lpm,0.20467041388176302,0.21016263518533806,0.22977792454387846,0.21997027986460826,0.0196152893585404,0.0054922213035750456,False,-0.015299865982845245,,191,3551,0.24491933412998335
jhr_se16,age,A,0.9,40-49,PH,bivariate,0.20111503509162407,0.21016263518533806,0.22977792454387846,0.21997027986460826,0.0196152893585404,0.009047600093713998,False,-0.018855244772984198,,191,3551,0.24491933412998335
jhr_se16,age,A,0.9,40-49,PN,reconciled,0.05330836633287706,0.027639725914306943,0.03554032857260794,0.03159002724345744,0.007900602658301,0.01776803776026912,False,0.02171833908941962,0.008123720198333935,191,3551,0.24491933412998335
jhr_se16,age,A,0.9,40-49,PN,M2_logit,0.05407474722533483,0.027639725914306943,0.03554032857260794,0.03159002724345744,0.007900602658301,0.018534418652726883,False,0.022484719981877385,,191,3551,0.24491933412998335
jhr_se16,age,A,0.9,40-49,PN,M3_probit,0.054075555570060566,0.027639725914306943,0.03554032857260794,0.03159002724345744,0.007900602658301,0.018535226997452622,False,0.022485528326603124,,191,3551,0.24491933412998335
jhr_se16,age,A,0.9,40-49,PN,M1_lpm,0.052785288433859226,0.027639725914306943,0.03554032857260794,0.03159002724345744,0.007900602658301,0.017244959861251283,False,0.021195261190401785,,191,3551,0.24491933412998335
jhr_se16,age,A,0.9,40-49,PN,bivariate,0.05448728413111981,0.027639725914306943,0.03554032857260794,0.03159002724345744,0.007900602658301,0.01894695555851187,False,0.022897256887662372,,191,3551,0.24491933412998335
jhr_se16,age,A,0.9,50-59,turnout,reconciled,0.7518066729878395,0.7298743497637538,0.7478201249049798,0.7388472373343669,0.017945775141226084,0.003986548082859698,False,0.012959435653472684,0.006850985916648523,110,3551,0.16826046502296022
jhr_se16,age,A,0.9,50-59,turnout,M2_logit,0.7520953905122177,0.7298743497637538,0.7478201249049798,0.7388472373343669,0.017945775141226084,0.004275265607237899,False,0.013248153177850885,,110,3551,0.16826046502296022
jhr_se16,age,A,0.9,50-59,turnout,M3_probit,0.7520955485138109,0.7298743497637538,0.7478201249049798,0.7388472373343669,0.017945775141226084,0.0042754236088310416,False,0.013248311179444028,,110,3551,0.16826046502296022
jhr_se16,age,A,0.9,50-59,turnout,M1_lpm,0.751594969135132,0.7298743497637538,0.7478201249049798,0.7388472373343669,0.017945775141226084,0.0037748442301521745,False,0.01274773180076516,,110,3551,0.16826046502296022
jhr_se16,age,A,0.9,50-59,turnout,bivariate,0.7868047869711684,0.7298743497637538,0.7478201249049798,0.7388472373343669,0.017945775141226084,0.03898466206618856,False,0.047957549636801544,,110,3551,0.16826046502296022
jhr_se16,age,A,0.9,50-59,BN,reconciled,0.41034231200460086,0.30855107242402113,0.3264968475652472,0.3175239599946342,0.017945775141226084,0.08384546443935365,False,0.09281835200996669,0.016701356927689988,110,3551,0.16826046502296022
jhr_se16,age,A,0.9,50-59,BN,M2_logit,0.4091215828763898,0.30855107242402113,0.3264968475652472,0.3175239599946342,0.017945775141226084,0.08262473531114256,False,0.0915976228817556,,110,3551,0.16826046502296022
jhr_se16,age,A,0.9,50-59,BN,M3_probit,0.4091214419073005,0.30855107242402113,0.3264968475652472,0.3175239599946342,0.017945775141226084,0.08262459434205327,False,0.09159748191266631,,110,3551,0.16826046502296022
jhr_se16,age,A,0.9,50-59,BN,M1_lpm,0.4090057234711049,0.30855107242402113,0.3264968475652472,0.3175239599946342,0.017945775141226084,0.0825088759058577,False,0.09148176347647075,,110,3551,0.16826046502296022
jhr_se16,age,A,0.9,50-59,BN,bivariate,0.3953678303441212,0.30855107242402113,0.3264968475652472,0.3175239599946342,0.017945775141226084,0.06887098277887399,False,0.07784387034948703,,110,3551,0.16826046502296022
jhr_se16,age,A,0.9,50-59,PH,reconciled,0.2734625846255012,0.3336960248021344,0.3509412588871831,0.34231864184465877,0.01724523408504869,0.06023344017663318,False,-0.06885605721915755,0.014982260381310836,110,3551,0.16826046502296022
jhr_se16,age,A,0.9,50-59,PH,M2_logit,0.2744559782677474,0.3336960248021344,0.3509412588871831,0.34231864184465877,0.01724523408504869,0.05924004653438697,False,-0.06786266357691134,,110,3551,0.16826046502296022
jhr_se16,age,A,0.9,50-59,PH,M3_probit,0.2744556918861857,0.3336960248021344,0.3509412588871831,0.34231864184465877,0.01724523408504869,0.05924033291594871,False,-0.06786294995847308,,110,3551,0.16826046502296022
jhr_se16,age,A,0.9,50-59,PH,M1_lpm,0.27426827328333864,0.3336960248021344,0.3509412588871831,0.34231864184465877,0.01724523408504869,0.05942775151879576,False,-0.06805036856132013,,110,3551,0.16826046502296022
jhr_se16,age,A,0.9,50-59,PH,bivariate,0.3170027233888557,0.3336960248021344,0.3509412588871831,0.34231864184465877,0.01724523408504869,0.016693301413278683,False,-0.025315918455803055,,110,3551,0.16826046502296022
jhr_se16,age,A,0.9,50-59,PN,reconciled,0.04218775150576513,0.025532485728339122,0.03292542964033924,0.029228957684339182,0.007392943912000117,0.009262321865425888,False,0.012958793821425944,0.007122848051039835,110,3551,0.16826046502296022
jhr_se16,age,A,0.9,50-59,PN,M2_logit,0.04183559603472824,0.025532485728339122,0.03292542964033924,0.029228957684339182,0.007392943912000117,0.008910166394388998,False,0.012606638350389054,,110,3551,0.16826046502296022
jhr_se16,age,A,0.9,50-59,PN,M3_probit,0.041833017143566555,0.025532485728339122,0.03292542964033924,0.029228957684339182,0.007392943912000117,0.008907587503227316,False,0.012604059459227372,,110,3551,0.16826046502296022
jhr_se16,age,A,0.9,50-59,PN,M1_lpm,0.041878114983609216,0.025532485728339122,0.03292542964033924,0.029228957684339182,0.007392943912000117,0.008952685343269977,False,0.012649157299270034,,110,3551,0.16826046502296022
jhr_se16,age,A,0.9,50-59,PN,bivariate,0.04422422390708291,0.025532485728339122,0.03292542964033924,0.029228957684339182,0.007392943912000117,0.01129879426674367,False,0.014995266222743726,,110,3551,0.16826046502296022
jhr_se16,age,A,0.9,60-69,turnout,reconciled,0.792187371015761,0.7634170080807624,0.7900812603273049,0.7767491342040336,0.026664252246542453,0.00210611068845612,False,0.015438236811727402,0.0056429378697511095,102,3551,0.14070820699671313
jhr_se16,age,A,0.9,60-69,turnout,M2_logit,0.7930040212653576,0.7634170080807624,0.7900812603273049,0.7767491342040336,0.026664252246542453,0.002922760938052771,False,0.016254887061324053,,102,3551,0.14070820699671313
jhr_se16,age,A,0.9,60-69,turnout,M3_probit,0.7930052140682159,0.7634170080807624,0.7900812603273049,0.7767491342040336,0.026664252246542453,0.002923953740911034,False,0.016256079864182316,,102,3551,0.14070820699671313
jhr_se16,age,A,0.9,60-69,turnout,M1_lpm,0.7955454342060249,0.7634170080807624,0.7900812603273049,0.7767491342040336,0.026664252246542453,0.005464173878720002,False,0.018796300001991284,,102,3551,0.14070820699671313
jhr_se16,age,A,0.9,60-69,turnout,bivariate,0.7940199997335249,0.7634170080807624,0.7900812603273049,0.7767491342040336,0.026664252246542453,0.0039387394062200265,False,0.01727086552949131,,102,3551,0.14070820699671313
jhr_se16,age,A,0.9,60-69,BN,reconciled,0.4141296648470884,0.2964530659363046,0.32311731818284706,0.30978519205957583,0.026664252246542453,0.09101234666424135,False,0.10434447278751258,0.016336734134650463,102,3551,0.14070820699671313
jhr_se16,age,A,0.9,60-69,BN,M2_logit,0.41247989424939685,0.2964530659363046,0.32311731818284706,0.30978519205957583,0.026664252246542453,0.08936257606654979,False,0.10269470218982102,,102,3551,0.14070820699671313
jhr_se16,age,A,0.9,60-69,BN,M3_probit,0.4124799744231622,0.2964530659363046,0.32311731818284706,0.30978519205957583,0.026664252246542453,0.08936265624031514,False,0.10269478236358637,,102,3551,0.14070820699671313
jhr_se16,age,A,0.9,60-69,BN,M1_lpm,0.41171599797196196,0.2964530659363046,0.32311731818284706,0.30978519205957583,0.026664252246542453,0.0885986797891149,False,0.10193080591238612,,102,3551,0.14070820699671313
jhr_se16,age,A,0.9,60-69,BN,bivariate,0.3722980486261754,0.2964530659363046,0.32311731818284706,0.30978519205957583,0.026664252246542453,0.049180730443328324,False,0.06251285656659955,,102,3551,0.14070820699671313
jhr_se16,age,A,0.9,60-69,PH,reconciled,0.3151552169677876,0.3841644220104575,0.408474614635913,0.39631951832318524,0.02431019262545553,0.06900920504266989,False,-0.08116430135539765,0.016914937064144177,102,3551,0.14070820699671313
jhr_se16,age,A,0.9,60-69,PH,M2_logit,0.31829114643376505,0.3841644220104575,0.408474614635913,0.39631951832318524,0.02431019262545553,0.06587327557669242,False,-0.07802837188942019,,102,3551,0.14070820699671313
jhr_se16,age,A,0.9,60-69,PH,M3_probit,0.31829124032359474,0.3841644220104575,0.408474614635913,0.39631951832318524,0.02431019262545553,0.06587318168686274,False,-0.0780282779995905,,102,3551,0.14070820699671313
jhr_se16,age,A,0.9,60-69,PH,M1_lpm,0.3225498254330411,0.3841644220104575,0.408474614635913,0.39631951832318524,0.02431019262545553,0.06161459657741636,False,-0.07376969289014412,,102,3551,0.14070820699671313
jhr_se16,age,A,0.9,60-69,PH,bivariate,0.3639816016129732,0.3841644220104575,0.408474614635913,0.39631951832318524,0.02431019262545553,0.020182820397484258,False,-0.03233791671021202,,102,3551,0.14070820699671313
jhr_se16,age,A,0.9,60-69,PN,reconciled,0.035404182591196716,0.011340229520813056,0.019986871590574707,0.01566355055569388,0.00864664206976165,0.015417311000622009,False,0.019740632035502834,0.006653186527472782,102,3551,0.14070820699671313
jhr_se16,age,A,0.9,60-69,PN,M2_logit,0.03497588728940615,0.011340229520813056,0.019986871590574707,0.01566355055569388,0.00864664206976165,0.014989015698831442,False,0.019312336733712267,,102,3551,0.14070820699671313
jhr_se16,age,A,0.9,60-69,PN,M3_probit,0.034978231479471114,0.011340229520813056,0.019986871590574707,0.01566355055569388,0.00864664206976165,0.014991359888896407,False,0.019314680923777233,,102,3551,0.14070820699671313
jhr_se16,age,A,0.9,60-69,PN,M1_lpm,0.033692435860997245,0.011340229520813056,0.019986871590574707,0.01566355055569388,0.00864664206976165,0.013705564270422538,False,0.018028885305303364,,102,3551,0.14070820699671313
jhr_se16,age,A,0.9,60-69,PN,bivariate,0.023855361507502677,0.011340229520813056,0.019986871590574707,0.01566355055569388,0.00864664206976165,0.0038684899169279703,False,0.008191810951808796,,102,3551,0.14070820699671313
jhr_se16,age,A,0.9,70+,turnout,reconciled,0.6101797998776124,0.5167009911185481,0.5764255373921998,0.5465632642553739,0.05972454627365176,0.03375426248541258,False,0.06361653562223846,0.00816963256490956,81,3551,0.12432389182269163
jhr_se16,age,A,0.9,70+,turnout,M2_logit,0.6094027442068982,0.5167009911185481,0.5764255373921998,0.5465632642553739,0.05972454627365176,0.0329772068146984,False,0.06283947995152428,,81,3551,0.12432389182269163
jhr_se16,age,A,0.9,70+,turnout,M3_probit,0.609402378861043,0.5167009911185481,0.5764255373921998,0.5465632642553739,0.05972454627365176,0.032976841468843165,False,0.06283911460566904,,81,3551,0.12432389182269163
jhr_se16,age,A,0.9,70+,turnout,M1_lpm,0.6071167824920485,0.5167009911185481,0.5764255373921998,0.5465632642553739,0.05972454627365176,0.030691245099848663,False,0.06055351823667454,,81,3551,0.12432389182269163
jhr_se16,age,A,0.9,70+,turnout,bivariate,0.6534004532472045,0.5167009911185481,0.5764255373921998,0.5465632642553739,0.05972454627365176,0.07697491585500471,False,0.10683718899183059,,81,3551,0.12432389182269163
jhr_se16,age,A,0.9,70+,BN,reconciled,0.3409702360609404,0.0813811301325782,0.14026901789162055,0.11082507401209937,0.05888788775904236,0.20070121816931985,False,0.23014516204884103,0.01811362427257647,81,3551,0.12432389182269163
jhr_se16,age,A,0.9,70+,BN,M2_logit,0.33800293448065133,0.0813811301325782,0.14026901789162055,0.11082507401209937,0.05888788775904236,0.19773391658903078,False,0.22717786046855196,,81,3551,0.12432389182269163
jhr_se16,age,A,0.9,70+,BN,M3_probit,0.33800237331831673,0.0813811301325782,0.14026901789162055,0.11082507401209937,0.05888788775904236,0.19773335542669618,False,0.22717729930621736,,81,3551,0.12432389182269163
jhr_se16,age,A,0.9,70+,BN,M1_lpm,0.3397128033715843,0.0813811301325782,0.14026901789162055,0.11082507401209937,0.05888788775904236,0.19944378547996378,False,0.22888772935948495,,81,3551,0.12432389182269163
jhr_se16,age,A,0.9,70+,BN,bivariate,0.3344867165878996,0.0813811301325782,0.14026901789162055,0.11082507401209937,0.05888788775904236,0.19421769869627903,False,0.2236616425758002,,81,3551,0.12432389182269163
jhr_se16,age,A,0.9,70+,PH,reconciled,0.22143435762952887,0.3416462865233621,0.4013708327970138,0.3715085596601879,0.0597245462736517,0.12021192889383323,False,-0.15007420203065905,0.014262514220397012,81,3551,0.12432389182269163
jhr_se16,age,A,0.9,70+,PH,M2_logit,0.2207669846051386,0.3416462865233621,0.4013708327970138,0.3715085596601879,0.0597245462736517,0.12087930191822349,False,-0.15074157505504931,,81,3551,0.12432389182269163
jhr_se16,age,A,0.9,70+,PH,M3_probit,0.22076600914693612,0.3416462865233621,0.4013708327970138,0.3715085596601879,0.0597245462736517,0.12088027737642598,False,-0.1507425505132518,,81,3551,0.12432389182269163
jhr_se16,age,A,0.9,70+,PH,M1_lpm,0.2183487663419296,0.3416462865233621,0.4013708327970138,0.3715085596601879,0.0597245462736517,0.1232975201814325,False,-0.15315979331825832,,81,3551,0.12432389182269163
jhr_se16,age,A,0.9,70+,PH,bivariate,0.27073330498499626,0.3416462865233621,0.4013708327970138,0.3715085596601879,0.0597245462736517,0.07091298153836584,False,-0.10077525467519166,,81,3551,0.12432389182269163
jhr_se16,age,A,0.9,70+,PN,reconciled,0.019876244554116743,0.0006435834727764191,0.005470459518599562,0.0030570214956879907,0.004826876045823143,0.01440578503551718,False,0.016819223058428753,0.003276157676327114,81,3551,0.12432389182269163
jhr_se16,age,A,0.9,70+,PN,M2_logit,0.01923359878628182,0.0006435834727764191,0.005470459518599562,0.0030570214956879907,0.004826876045823143,0.013763139267682255,False,0.016176577290593828,,81,3551,0.12432389182269163
jhr_se16,age,A,0.9,70+,PN,M3_probit,0.019226622397967113,0.0006435834727764191,0.005470459518599562,0.0030570214956879907,0.004826876045823143,0.01375616287936755,False,0.016169600902279122,,81,3551,0.12432389182269163
jhr_se16,age,A,0.9,70+,PN,M1_lpm,0.022034800208529704,0.0006435834727764191,0.005470459518599562,0.0030570214956879907,0.004826876045823143,0.01656434068993014,False,0.018977778712841713,,81,3551,0.12432389182269163
jhr_se16,age,A,0.9,70+,PN,bivariate,0.017506609020928345,0.0006435834727764191,0.005470459518599562,0.0030570214956879907,0.004826876045823143,0.012036149502328782,False,0.014449587525240355,,81,3551,0.12432389182269163
jhr_se16,age,A,0.85,18-29,turnout,reconciled,0.6888529861548557,0.6462474994496397,0.6605784048163711,0.6534129521330054,0.014330905366731428,0.028274581338484595,False,0.03544003402185025,0.009060601321859528,615,3299,0.629476214719731
jhr_se16,age,A,0.85,18-29,turnout,M2_logit,0.6908336042339601,0.6462474994496397,0.6605784048163711,0.6534129521330054,0.014330905366731428,0.03025519941758903,False,0.03742065210095469,,615,3299,0.629476214719731
jhr_se16,age,A,0.85,18-29,turnout,M3_probit,0.6908343194051123,0.6462474994496397,0.6605784048163711,0.6534129521330054,0.014330905366731428,0.030255914588741217,False,0.037421367272106876,,615,3299,0.629476214719731
jhr_se16,age,A,0.85,18-29,turnout,M1_lpm,0.6910063523243953,0.6462474994496397,0.6605784048163711,0.6534129521330054,0.014330905366731428,0.030427947508024245,False,0.0375934001913899,,615,3299,0.629476214719731
jhr_se16,age,A,0.85,18-29,turnout,bivariate,0.65259790349176,0.6462474994496397,0.6605784048163711,0.6534129521330054,0.014330905366731428,0.0,True,-0.000815048641245486,,615,3299,0.629476214719731
jhr_se16,age,A,0.85,18-29,BN,reconciled,0.47476493616482335,0.40337586263005254,0.4176684820582521,0.41052217234415234,0.014292619428199538,0.05709645410657127,False,0.06424276382067101,0.019222197235108585,615,3299,0.629476214719731
jhr_se16,age,A,0.85,18-29,BN,M2_logit,0.48132434595000134,0.40337586263005254,0.4176684820582521,0.41052217234415234,0.014292619428199538,0.06365586389174926,False,0.070802173605849,,615,3299,0.629476214719731
jhr_se16,age,A,0.85,18-29,BN,M3_probit,0.48132444620655407,0.40337586263005254,0.4176684820582521,0.41052217234415234,0.014292619428199538,0.06365596414830199,False,0.07080227386240173,,615,3299,0.629476214719731
jhr_se16,age,A,0.85,18-29,BN,M1_lpm,0.48124541120468983,0.40337586263005254,0.4176684820582521,0.41052217234415234,0.014292619428199538,0.06357692914643776,False,0.0707232388605375,,615,3299,0.629476214719731
jhr_se16,age,A,0.85,18-29,BN,bivariate,0.4900214359108701,0.40337586263005254,0.4176684820582521,0.41052217234415234,0.014292619428199538,0.07235295385261803,False,0.07949926356671777,,615,3299,0.629476214719731
jhr_se16,age,A,0.85,18-29,PH,reconciled,0.1507420309051661,0.1793145859854322,0.19059697349655905,0.18495577974099564,0.01128238751112684,0.0285725550802661,False,-0.03421374883582953,0.012209675639207225,615,3299,0.629476214719731
jhr_se16,age,A,0.85,18-29,PH,M2_logit,0.14664946214940572,0.1793145859854322,0.19059697349655905,0.18495577974099564,0.01128238751112684,0.03266512383602649,False,-0.03830631759158992,,615,3299,0.629476214719731
jhr_se16,age,A,0.85,18-29,PH,M3_probit,0.1466476858704729,0.1793145859854322,0.19059697349655905,0.18495577974099564,0.01128238751112684,0.03266690011495932,False,-0.03830809387052275,,615,3299,0.629476214719731
jhr_se16,age,A,0.85,18-29,PH,M1_lpm,0.1459586565416846,0.1793145859854322,0.19059697349655905,0.18495577974099564,0.01128238751112684,0.0333559294437476,False,-0.038997123199311035,,615,3299,0.629476214719731
jhr_se16,age,A,0.85,18-29,PH,bivariate,0.1050409336149972,0.1793145859854322,0.19059697349655905,0.18495577974099564,0.01128238751112684,0.07427365237043501,False,-0.07991484612599845,,615,3299,0.629476214719731
jhr_se16,age,A,0.85,18-29,PN,reconciled,0.0498104778817803,0.025462541994888826,0.0300616403610364,0.027762091177962613,0.0045990983661475734,0.0197488375207439,False,0.022048386703817688,0.008916498530048899,615,3299,0.629476214719731
jhr_se16,age,A,0.85,18-29,PN,M2_logit,0.05094923510969996,0.025462541994888826,0.0300616403610364,0.027762091177962613,0.0045990983661475734,0.02088759474866356,False,0.023187143931737347,,615,3299,0.629476214719731
jhr_se16,age,A,0.85,18-29,PN,M3_probit,0.050948860808369724,0.025462541994888826,0.0300616403610364,0.027762091177962613,0.0045990983661475734,0.020887220447333325,False,0.02318676963040711,,615,3299,0.629476214719731
jhr_se16,age,A,0.85,18-29,PN,M1_lpm,0.05048193030207377,0.025462541994888826,0.0300616403610364,0.027762091177962613,0.0045990983661475734,0.02042028994103737,False,0.022719839124111157,,615,3299,0.629476214719731
jhr_se16,age,A,0.85,18-29,PN,bivariate,0.048495062290478994,0.025462541994888826,0.0300616403610364,0.027762091177962613,0.0045990983661475734,0.018433421929442594,False,0.02073297111251638,,615,3299,0.629476214719731
jhr_se16,age,A,0.85,30-39,turnout,reconciled,0.6520738264740339,0.6362832640792149,0.6719495228212872,0.654116393450251,0.0356662587420723,0.0,True,-0.002042566976217075,0.008076520806579307,334,3299,0.3692359764069982
jhr_se16,age,A,0.85,30-39,turnout,M2_logit,0.6506910815820657,0.6362832640792149,0.6719495228212872,0.654116393450251,0.0356662587420723,0.0,True,-0.003425311868185288,,334,3299,0.3692359764069982
jhr_se16,age,A,0.85,30-39,turnout,M3_probit,0.6506908419935102,0.6362832640792149,0.6719495228212872,0.654116393450251,0.0356662587420723,0.0,True,-0.0034255514567407275,,334,3299,0.3692359764069982
jhr_se16,age,A,0.85,30-39,turnout,M1_lpm,0.6505435617492873,0.6362832640792149,0.6719495228212872,0.654116393450251,0.0356662587420723,0.0,True,-0.0035728317009636745,,334,3299,0.3692359764069982
jhr_se16,age,A,0.85,30-39,turnout,bivariate,0.6214668324138527,0.6362832640792149,0.6719495228212872,0.654116393450251,0.0356662587420723,0.014816431665362173,False,-0.03264956103639827,,334,3299,0.3692359764069982
jhr_se16,age,A,0.85,30-39,BN,reconciled,0.42088154419953233,0.37769009208548737,0.41335635082755956,0.39552322145652347,0.03566625874207219,0.0075251933719727715,False,0.025358322743008865,0.01712665127744539,334,3299,0.3692359764069982
jhr_se16,age,A,0.85,30-39,BN,M2_logit,0.41893118213886393,0.37769009208548737,0.41335635082755956,0.39552322145652347,0.03566625874207219,0.0055748313113043735,False,0.023407960682340467,,334,3299,0.3692359764069982
jhr_se16,age,A,0.85,30-39,BN,M3_probit,0.41893100995188304,0.37769009208548737,0.41335635082755956,0.39552322145652347,0.03566625874207219,0.005574659124323478,False,0.02340778849535957,,334,3299,0.3692359764069982
jhr_se16,age,A,0.85,30-39,BN,M1_lpm,0.4188478155897302,0.37769009208548737,0.41335635082755956,0.39552322145652347,0.03566625874207219,0.005491464762170661,False,0.023324594133206755,,334,3299,0.3692359764069982
jhr_se16,age,A,0.85,30-39,BN,bivariate,0.4560776944455311,0.37769009208548737,0.41335635082755956,0.39552322145652347,0.03566625874207219,0.04272134361797153,False,0.060554472989007624,,334,3299,0.3692359764069982
jhr_se16,age,A,0.85,30-39,PH,reconciled,0.17697939961108647,0.17741927978818942,0.2072272450199852,0.19232326240408731,0.029807965231795797,0.000439880177102947,False,-0.015343862793000845,0.012594827361478345,334,3299,0.3692359764069982
jhr_se16,age,A,0.85,30-39,PH,M2_logit,0.1784950152163932,0.17741927978818942,0.2072272450199852,0.19232326240408731,0.029807965231795797,0.0,True,-0.013828247187694126,,334,3299,0.3692359764069982
jhr_se16,age,A,0.85,30-39,PH,M3_probit,0.17849534213931284,0.17741927978818942,0.2072272450199852,0.19232326240408731,0.029807965231795797,0.0,True,-0.013827920264774474,,334,3299,0.3692359764069982
jhr_se16,age,A,0.85,30-39,PH,M1_lpm,0.17748387639623783,0.17741927978818942,0.2072272450199852,0.19232326240408731,0.029807965231795797,0.0,True,-0.014839386007849481,,334,3299,0.3692359764069982
jhr_se16,age,A,0.85,30-39,PH,bivariate,0.10792942208684067,0.17741927978818942,0.2072272450199852,0.19232326240408731,0.029807965231795797,0.06948985770134875,False,-0.08439384031724664,,334,3299,0.3692359764069982
jhr_se16,age,A,0.85,30-39,PN,reconciled,0.037448219657398425,0.020124797007105334,0.02954738982546101,0.02483609341628317,0.009422592818355675,0.007900829831937416,False,0.012612126241115254,0.007245380074659045,334,3299,0.3692359764069982
jhr_se16,age,A,0.85,30-39,PN,M2_logit,0.03680307164266236,0.020124797007105334,0.02954738982546101,0.02483609341628317,0.009422592818355675,0.007255681817201352,False,0.01196697822637919,,334,3299,0.3692359764069982
jhr_se16,age,A,0.85,30-39,PN,M3_probit,0.03680066763867823,0.020124797007105334,0.02954738982546101,0.02483609341628317,0.009422592818355675,0.007253277813217222,False,0.01196457422239506,,334,3299,0.3692359764069982
jhr_se16,age,A,0.85,30-39,PN,M1_lpm,0.037538461918424894,0.020124797007105334,0.02954738982546101,0.02483609341628317,0.009422592818355675,0.007991072092963885,False,0.012702368502141723,,334,3299,0.3692359764069982
jhr_se16,age,A,0.85,30-39,PN,bivariate,0.047984731686735574,0.020124797007105334,0.02954738982546101,0.02483609341628317,0.009422592818355675,0.018437341861274565,False,0.023148638270452403,,334,3299,0.3692359764069982
jhr_se16,age,A,0.85,40-49,turnout,reconciled,0.6804905087495075,0.6702879581151833,0.712503444475062,0.6913957012951226,0.04221548635987871,0.0,True,-0.010905192545615172,0.007542445411566754,234,3299,0.2935068978973696
jhr_se16,age,A,0.85,40-49,turnout,M2_logit,0.6802157468475869,0.6702879581151833,0.712503444475062,0.6913957012951226,0.04221548635987871,0.0,True,-0.011179954447535723,,234,3299,0.2935068978973696
jhr_se16,age,A,0.85,40-49,turnout,M3_probit,0.6802161730489921,0.6702879581151833,0.712503444475062,0.6913957012951226,0.04221548635987871,0.0,True,-0.011179528246130555,,234,3299,0.2935068978973696
jhr_se16,age,A,0.85,40-49,turnout,M1_lpm,0.6804741907412516,0.6702879581151833,0.712503444475062,0.6913957012951226,0.04221548635987871,0.0,True,-0.010921510553871028,,234,3299,0.2935068978973696
jhr_se16,age,A,0.85,40-49,turnout,bivariate,0.6780073549404496,0.6702879581151833,0.712503444475062,0.6913957012951226,0.04221548635987871,0.0,True,-0.013388346354673009,,234,3299,0.2935068978973696
jhr_se16,age,A,0.85,40-49,BN,reconciled,0.40662429215557727,0.36727748691099477,0.40949297327087353,0.3883852300909342,0.04221548635987876,0.0,True,0.018239062064643097,0.01563901236282543,234,3299,0.2935068978973696
jhr_se16,age,A,0.85,40-49,BN,M2_logit,0.40789070026158436,0.36727748691099477,0.40949297327087353,0.3883852300909342,0.04221548635987876,0.0,True,0.019505470170650185,,234,3299,0.2935068978973696
jhr_se16,age,A,0.85,40-49,BN,M3_probit,0.4078906408815155,0.36727748691099477,0.40949297327087353,0.3883852300909342,0.04221548635987876,0.0,True,0.019505410790581323,,234,3299,0.2935068978973696
jhr_se16,age,A,0.85,40-49,BN,M1_lpm,0.40794173619787605,0.36727748691099477,0.40949297327087353,0.3883852300909342,0.04221548635987876,0.0,True,0.019556506106941873,,234,3299,0.2935068978973696
jhr_se16,age,A,0.85,40-49,BN,bivariate,0.4069446497793566,0.36727748691099477,0.40949297327087353,0.3883852300909342,0.04221548635987876,0.0,True,0.01855941968842245,,234,3299,0.2935068978973696
jhr_se16,age,A,0.85,40-49,PH,reconciled,0.20033844400297218,0.20276246899972444,0.23897767980159823,0.22087007440066134,0.03621521080187379,0.002424024996752261,False,-0.020531630397689155,0.012342279193725028,234,3299,0.2935068978973696
jhr_se16,age,A,0.85,40-49,PH,M2_logit,0.19905079651314544,0.20276246899972444,0.23897767980159823,0.22087007440066134,0.03621521080187379,0.0037116724865789985,False,-0.021819277887515892,,234,3299,0.2935068978973696
jhr_se16,age,A,0.85,40-49,PH,M3_probit,0.1990500079559236,0.20276246899972444,0.23897767980159823,0.22087007440066134,0.03621521080187379,0.003712461043800852,False,-0.021820066444737746,,234,3299,0.2935068978973696
jhr_se16,age,A,0.85,40-49,PH,M1_lpm,0.1990459469720773,0.20276246899972444,0.23897767980159823,0.22087007440066134,0.03621521080187379,0.0037165220276471345,False,-0.021824127428584028,,234,3299,0.2935068978973696
jhr_se16,age,A,0.85,40-49,PH,bivariate,0.19589519320458904,0.20276246899972444,0.23897767980159823,0.22087007440066134,0.03621521080187379,0.006867275795135408,False,-0.0249748811960723,,234,3299,0.2935068978973696
jhr_se16,age,A,0.85,40-49,PN,reconciled,0.05396359290179875,0.024214659685863876,0.03641499035546983,0.030314825020666854,0.012200330669605953,0.017548602546328923,False,0.023648767881131898,0.008090639846051023,234,3299,0.2935068978973696
jhr_se16,age,A,0.85,40-49,PN,M2_logit,0.05481193710755703,0.024214659685863876,0.03641499035546983,0.030314825020666854,0.012200330669605953,0.018396946752087202,False,0.024497112086890177,,234,3299,0.2935068978973696
jhr_se16,age,A,0.85,40-49,PN,M3_probit,0.05481273688597588,0.024214659685863876,0.03641499035546983,0.030314825020666854,0.012200330669605953,0.01839774653050605,False,0.024497911865309023,,234,3299,0.2935068978973696
jhr_se16,age,A,0.85,40-49,PN,M1_lpm,0.05387212090744761,0.024214659685863876,0.03641499035546983,0.030314825020666854,0.012200330669605953,0.017457130551977784,False,0.02355729588678076,,234,3299,0.2935068978973696
jhr_se16,age,A,0.85,40-49,PN,bivariate,0.05629137532018723,0.024214659685863876,0.03641499035546983,0.030314825020666854,0.012200330669605953,0.0198763849647174,False,0.025976550299520375,,234,3299,0.2935068978973696
jhr_se16,age,A,0.85,50-59,turnout,reconciled,0.7515901203403486,0.7238948379176644,0.7660228750622926,0.7449588564899785,0.042128037144628205,0.0,True,0.0066312638503700505,0.006665029457573571,140,3299,0.2063360695001417
jhr_se16,age,A,0.85,50-59,turnout,M2_logit,0.751645758944626,0.7238948379176644,0.7660228750622926,0.7449588564899785,0.042128037144628205,0.0,True,0.006686902454647536,,140,3299,0.2063360695001417
jhr_se16,age,A,0.85,50-59,turnout,M3_probit,0.7516457952468075,0.7238948379176644,0.7660228750622926,0.7449588564899785,0.042128037144628205,0.0,True,0.0066869387568290195,,140,3299,0.2063360695001417
jhr_se16,age,A,0.85,50-59,turnout,M1_lpm,0.7510785787414592,0.7238948379176644,0.7660228750622926,0.7449588564899785,0.042128037144628205,0.0,True,0.006119722251480719,,140,3299,0.2063360695001417
jhr_se16,age,A,0.85,50-59,turnout,bivariate,0.7891254121957366,0.7238948379176644,0.7660228750622926,0.7449588564899785,0.042128037144628205,0.023102537133444012,False,0.044166555705758115,,140,3299,0.2063360695001417
jhr_se16,age,A,0.85,50-59,BN,reconciled,0.4132841745533433,0.29783768672590033,0.33909058864998237,0.31846413768794135,0.04125290192408204,0.07419358590336095,False,0.09482003686540197,0.01743999801077852,140,3299,0.2063360695001417
jhr_se16,age,A,0.85,50-59,BN,M2_logit,0.41258821938536683,0.29783768672590033,0.33909058864998237,0.31846413768794135,0.04125290192408204,0.07349763073538446,False,0.09412408169742548,,140,3299,0.2063360695001417
jhr_se16,age,A,0.85,50-59,BN,M3_probit,0.41258807086143434,0.29783768672590033,0.33909058864998237,0.31846413768794135,0.04125290192408204,0.07349748221145197,False,0.09412393317349299,,140,3299,0.2063360695001417
jhr_se16,age,A,0.85,50-59,BN,M1_lpm,0.4123266359386548,0.29783768672590033,0.33909058864998237,0.31846413768794135,0.04125290192408204,0.07323604728867245,False,0.09386249825071347,,140,3299,0.2063360695001417
jhr_se16,age,A,0.85,50-59,BN,bivariate,0.3991667556386498,0.29783768672590033,0.33909058864998237,0.31846413768794135,0.04125290192408204,0.06007616698866741,False,0.08070261795070843,,140,3299,0.2063360695001417
jhr_se16,age,A,0.85,50-59,PH,reconciled,0.26871685827103425,0.31695696036366733,0.3573955003464077,0.3371762303550375,0.040438539982740385,0.048240102092633075,False,-0.06845937208400327,0.01532351942990115,140,3299,0.2063360695001417
jhr_se16,age,A,0.85,50-59,PH,M2_logit,0.2697532796333498,0.31695696036366733,0.3573955003464077,0.3371762303550375,0.040438539982740385,0.047203680730317554,False,-0.06742295072168775,,140,3299,0.2063360695001417
jhr_se16,age,A,0.85,50-59,PH,M3_probit,0.26975298804566744,0.31695696036366733,0.3573955003464077,0.3371762303550375,0.040438539982740385,0.04720397231799989,False,-0.06742324230937008,,140,3299,0.2063360695001417
jhr_se16,age,A,0.85,50-59,PH,M1_lpm,0.2689527501647505,0.31695696036366733,0.3573955003464077,0.3371762303550375,0.040438539982740385,0.04800421019891682,False,-0.06822348019028701,,140,3299,0.2063360695001417
jhr_se16,age,A,0.85,50-59,PH,bivariate,0.31466353958678017,0.31695696036366733,0.3573955003464077,0.3371762303550375,0.040438539982740385,0.002293420776887156,False,-0.02251269076825735,,140,3299,0.2063360695001417
jhr_se16,age,A,0.85,50-59,PN,reconciled,0.044751997847223404,0.020869544078859405,0.0304717221931861,0.025670633136022754,0.009602178114326693,0.014280275654037305,False,0.01908136471120065,0.007516802424045723,140,3299,0.2063360695001417
jhr_se16,age,A,0.85,50-59,PN,M2_logit,0.04455030839614469,0.020869544078859405,0.0304717221931861,0.025670633136022754,0.009602178114326693,0.014078586202958591,False,0.018879675260121936,,140,3299,0.2063360695001417
jhr_se16,age,A,0.85,50-59,PN,M3_probit,0.044547930676750204,0.020869544078859405,0.0304717221931861,0.025670633136022754,0.009602178114326693,0.014076208483564105,False,0.01887729754072745,,140,3299,0.2063360695001417
jhr_se16,age,A,0.85,50-59,PN,M1_lpm,0.04418229872467976,0.020869544078859405,0.0304717221931861,0.025670633136022754,0.009602178114326693,0.013710576531493664,False,0.01851166558865701,,140,3299,0.2063360695001417
jhr_se16,age,A,0.85,50-59,PN,bivariate,0.046338577884983155,0.020869544078859405,0.0304717221931861,0.025670633136022754,0.009602178114326693,0.015866855691797056,False,0.0206679447489604,,140,3299,0.2063360695001417
jhr_se16,age,A,0.85,60-69,turnout,reconciled,0.792656553068416,0.7543565339450169,0.8090485809168407,0.7817025574309289,0.05469204697182384,0.0,True,0.010953995637487113,0.007170479746021377,138,3299,0.1860588070425765
jhr_se16,age,A,0.85,60-69,turnout,M2_logit,0.7937113575470387,0.7543565339450169,0.8090485809168407,0.7817025574309289,0.05469204697182384,0.0,True,0.01200880011610983,,138,3299,0.1860588070425765
jhr_se16,age,A,0.85,60-69,turnout,M3_probit,0.7937128414341847,0.7543565339450169,0.8090485809168407,0.7817025574309289,0.05469204697182384,0.0,True,0.012010284003255878,,138,3299,0.1860588070425765
jhr_se16,age,A,0.85,60-69,turnout,M1_lpm,0.7958131350955941,0.7543565339450169,0.8090485809168407,0.7817025574309289,0.05469204697182384,0.0,True,0.01411057766466528,,138,3299,0.1860588070425765
jhr_se16,age,A,0.85,60-69,turnout,bivariate,0.7950961035418719,0.7543565339450169,0.8090485809168407,0.7817025574309289,0.05469204697182384,0.0,True,0.013393546110943011,,138,3299,0.1860588070425765
jhr_se16,age,A,0.85,60-69,BN,reconciled,0.4119428148920655,0.28926015953986783,0.3432161320141052,0.3162381457769865,0.05395597247423739,0.0687266828779603,False,0.09570466911507902,0.01779545459438511,138,3299,0.1860588070425765
jhr_se16,age,A,0.85,60-69,BN,M2_logit,0.4074616642398964,0.28926015953986783,0.3432161320141052,0.3162381457769865,0.05395597247423739,0.06424553222579116,False,0.09122351846290988,,138,3299,0.1860588070425765
jhr_se16,age,A,0.85,60-69,BN,M3_probit,0.4074617086097171,0.28926015953986783,0.3432161320141052,0.3162381457769865,0.05395597247423739,0.06424557659561186,False,0.09122356283273059,,138,3299,0.1860588070425765
jhr_se16,age,A,0.85,60-69,BN,M1_lpm,0.4073213664342571,0.28926015953986783,0.3432161320141052,0.3162381457769865,0.05395597247423739,0.06410523442015187,False,0.09108322065727059,,138,3299,0.1860588070425765
jhr_se16,age,A,0.85,60-69,BN,bivariate,0.37271066565339434,0.28926015953986783,0.3432161320141052,0.3162381457769865,0.05395597247423739,0.02949453363928911,False,0.056472519876407834,,138,3299,0.1860588070425765
jhr_se16,age,A,0.85,60-69,PH,reconciled,0.31829753185748233,0.3566024170632339,0.40759697353555413,0.382099695299394,0.05099455647232021,0.03830488520575159,False,-0.0638021634419117,0.01685194707398517,138,3299,0.1860588070425765
jhr_se16,age,A,0.85,60-69,PH,M2_logit,0.32274311776575143,0.3566024170632339,0.40759697353555413,0.382099695299394,0.05099455647232021,0.03385929929748249,False,-0.059356577533642596,,138,3299,0.1860588070425765
jhr_se16,age,A,0.85,60-69,PH,M3_probit,0.3227434938259476,0.3566024170632339,0.40759697353555413,0.382099695299394,0.05099455647232021,0.03385892323728634,False,-0.059356201473446446,,138,3299,0.1860588070425765
jhr_se16,age,A,0.85,60-69,PH,M1_lpm,0.32757020262992836,0.3566024170632339,0.40759697353555413,0.382099695299394,0.05099455647232021,0.02903221443330556,False,-0.05452949266946566,,138,3299,0.1860588070425765
jhr_se16,age,A,0.85,60-69,PH,bivariate,0.3644920090221454,0.3566024170632339,0.40759697353555413,0.382099695299394,0.05099455647232021,0.0,True,-0.017607686277248624,,138,3299,0.1860588070425765
jhr_se16,age,A,0.85,60-69,PN,reconciled,0.0343582264022933,0.009089664144612961,0.020918210140710054,0.015003937142661508,0.011828545996097093,0.013440016261583247,False,0.019354289259631792,0.006487541851082394,138,3299,0.1860588070425765
jhr_se16,age,A,0.85,60-69,PN,M2_logit,0.03353904785824978,0.009089664144612961,0.020918210140710054,0.015003937142661508,0.011828545996097093,0.012620837717539725,False,0.01853511071558827,,138,3299,0.1860588070425765
jhr_se16,age,A,0.85,60-69,PN,M3_probit,0.03354075436009633,0.009089664144612961,0.020918210140710054,0.015003937142661508,0.011828545996097093,0.012622544219386272,False,0.018536817217434817,,138,3299,0.1860588070425765
jhr_se16,age,A,0.85,60-69,PN,M1_lpm,0.03304615473851525,0.009089664144612961,0.020918210140710054,0.015003937142661508,0.011828545996097093,0.012127944597805196,False,0.01804221759585374,,138,3299,0.1860588070425765
jhr_se16,age,A,0.85,60-69,PN,bivariate,0.023264926170934102,0.009089664144612961,0.020918210140710054,0.015003937142661508,0.011828545996097093,0.0023467160302240476,False,0.008260989028272594,,138,3299,0.1860588070425765
jhr_se16,age,A,0.85,70+,turnout,reconciled,0.6162271818845463,0.5192170455703945,0.6104801712712815,0.564848608420838,0.09126312570088702,0.005747010613264769,False,0.05137857346370833,0.007825245989132352,129,3299,0.19621139382301167
jhr_se16,age,A,0.85,70+,turnout,M2_logit,0.6151423081986855,0.5192170455703945,0.6104801712712815,0.564848608420838,0.09126312570088702,0.004662136927404026,False,0.05029369977784759,,129,3299,0.19621139382301167
jhr_se16,age,A,0.85,70+,turnout,M3_probit,0.6151418113616971,0.5192170455703945,0.6104801712712815,0.564848608420838,0.09126312570088702,0.004661640090415586,False,0.05029320294085915,,129,3299,0.19621139382301167
jhr_se16,age,A,0.85,70+,turnout,M1_lpm,0.6131949866409883,0.5192170455703945,0.6104801712712815,0.564848608420838,0.09126312570088702,0.0027148153697067468,False,0.04834637822015031,,129,3299,0.19621139382301167
jhr_se16,age,A,0.85,70+,turnout,bivariate,0.6650383657807926,0.5192170455703945,0.6104801712712815,0.564848608420838,0.09126312570088702,0.05455819450951105,False,0.10018975735995461,,129,3299,0.19621139382301167
jhr_se16,age,A,0.85,70+,BN,reconciled,0.35944355229701885,0.10217147517585891,0.18819451524110511,0.14518299520848202,0.0860230400652462,0.17124903705591374,False,0.21426055708853683,0.018112259210083668,129,3299,0.19621139382301167
jhr_se16,age,A,0.85,70+,BN,M2_logit,0.3594568054151219,0.10217147517585891,0.18819451524110511,0.14518299520848202,0.0860230400652462,0.1712622901740168,False,0.2142738102066399,,129,3299,0.19621139382301167
jhr_se16,age,A,0.85,70+,BN,M3_probit,0.3594562486674934,0.10217147517585891,0.18819451524110511,0.14518299520848202,0.0860230400652462,0.1712617334263883,False,0.2142732534590114,,129,3299,0.19621139382301167
jhr_se16,age,A,0.85,70+,BN,M1_lpm,0.3603316802590022,0.10217147517585891,0.18819451524110511,0.14518299520848202,0.0860230400652462,0.17213716501789708,False,0.21514868505052018,,129,3299,0.19621139382301167
jhr_se16,age,A,0.85,70+,BN,bivariate,0.3519718469262698,0.10217147517585891,0.18819451524110511,0.14518299520848202,0.0860230400652462,0.1637773316851647,False,0.2067888517177878,,129,3299,0.19621139382301167
jhr_se16,age,A,0.85,70+,PH,reconciled,0.20643247737692685,0.298746049546335,0.3847487001733102,0.3417473748598226,0.08600265062697521,0.09231357216940814,False,-0.13531489748289574,0.01421833925031919,129,3299,0.19621139382301167
jhr_se16,age,A,0.85,70+,PH,M2_logit,0.20434185029814794,0.298746049546335,0.3847487001733102,0.3417473748598226,0.08600265062697521,0.09440419924818705,False,-0.13740552456167465,,129,3299,0.19621139382301167
jhr_se16,age,A,0.85,70+,PH,M3_probit,0.20434042784897571,0.298746049546335,0.3847487001733102,0.3417473748598226,0.08600265062697521,0.09440562169735928,False,-0.13740694701084688,,129,3299,0.19621139382301167
jhr_se16,age,A,0.85,70+,PH,M1_lpm,0.20142597197868561,0.298746049546335,0.3847487001733102,0.3417473748598226,0.08600265062697521,0.09732007756764938,False,-0.14032140288113698,,129,3299,0.19621139382301167
jhr_se16,age,A,0.85,70+,PH,bivariate,0.2631660104656738,0.298746049546335,0.3847487001733102,0.3417473748598226,0.08600265062697521,0.03558003908066121,False,-0.07858136439414881,,129,3299,0.19621139382301167
jhr_se16,age,A,0.85,70+,PN,reconciled,0.022789578325458047,0.0004077887654195127,0.0077275971046997655,0.0040676929350596394,0.007319808339280253,0.015061981220758282,False,0.01872188539039841,0.0041755106871196965,129,3299,0.19621139382301167
jhr_se16,age,A,0.85,70+,PN,M2_logit,0.02244377787792937,0.0004077887654195127,0.0077275971046997655,0.0040676929350596394,0.007319808339280253,0.014716180773229604,False,0.01837608494286973,,129,3299,0.19621139382301167
jhr_se16,age,A,0.85,70+,PN,M3_probit,0.022437043989108018,0.0004077887654195127,0.0077275971046997655,0.0040676929350596394,0.007319808339280253,0.014709446884408253,False,0.01836935105404838,,129,3299,0.19621139382301167
jhr_se16,age,A,0.85,70+,PN,M1_lpm,0.02452167056636137,0.0004077887654195127,0.0077275971046997655,0.0040676929350596394,0.007319808339280253,0.016794073461661604,False,0.02045397763130173,,129,3299,0.19621139382301167
jhr_se16,age,A,0.85,70+,PN,bivariate,0.018619314783145612,0.0004077887654195127,0.0077275971046997655,0.0040676929350596394,0.007319808339280253,0.010891717678445847,False,0.014551621848085974,,129,3299,0.19621139382301167
