cluster,dim,group,estimand,registered,lo,hi
N.01 Buloh Kasap,ethnicity,Malay,turnout,16406,0.5782640497379008,0.8658417652078508
N.01 Buloh Kasap,ethnicity,Chinese,turnout,9095,0.30423309510720176,0.891808686091259
N.01 Buloh Kasap,ethnicity,Indian,turnout,2997,0.04004004004004004,0.992992992992993
N.01 Buloh Kasap,ethnicity,Other,turnout,460,0.0,1.0
N.01 Buloh Kasap,ethnicity,Malay,BN,16406,0.5138973546263562,0.793246373278069
N.01 Buloh Kasap,ethnicity,Chinese,BN,9095,0.014843320505772403,0.4846619021440352
N.01 Buloh Kasap,ethnicity,Indian,BN,2997,0.004337671004337671,0.8892225558892226
N.01 Buloh Kasap,ethnicity,Other,BN,460,0.0,1.0
N.01 Buloh Kasap,ethnicity,Malay,PH,16406,0.012678288431061807,0.22168718761428746
N.01 Buloh Kasap,ethnicity,Chinese,PH,9095,0.10500274876305662,0.5500824628916987
N.01 Buloh Kasap,ethnicity,Indian,PH,2997,0.0,0.7664330997664331
N.01 Buloh Kasap,ethnicity,Other,PH,460,0.0,0.7543478260869565
N.01 Buloh Kasap,ethnicity,Malay,PN,16406,0.0,0.0
N.01 Buloh Kasap,ethnicity,Chinese,PN,9095,0.0,0.0
N.01 Buloh Kasap,ethnicity,Indian,PN,2997,0.0,0.0
N.01 Buloh Kasap,ethnicity,Other,PN,460,0.0,0.0
N.01 Buloh Kasap,age,18-29,turnout,6153,0.3877783195189339,0.7984722899398667
N.01 Buloh Kasap,age,30-39,turnout,6946,0.3902965735675209,0.8694212496400806
N.01 Buloh Kasap,age,40-49,turnout,5605,0.32667261373773415,0.8817127564674397
N.01 Buloh Kasap,age,50-59,turnout,3721,0.2999193765116904,0.9422198333781242
N.01 Buloh Kasap,age,60-69,turnout,3701,0.45203998919211025,0.9697379086733315
N.01 Buloh Kasap,age,70+,turnout,2832,0.3651129943502825,0.9385593220338984
N.01 Buloh Kasap,age,18-29,BN,6153,0.23647001462701123,0.6465138956606533
N.01 Buloh Kasap,age,30-39,BN,6946,0.23437949899222574,0.7061618197523755
N.01 Buloh Kasap,age,40-49,BN,5605,0.18251561106155217,0.7086529884032114
N.01 Buloh Kasap,age,50-59,BN,3721,0.10104810534802472,0.7516796560064499
N.01 Buloh Kasap,age,60-69,BN,3701,0.19508241015941638,0.7822210213455822
N.01 Buloh Kasap,age,70+,BN,2832,0.09781073446327683,0.713276836158192
N.01 Buloh Kasap,age,18-29,PH,6153,0.08451162034779783,0.2668616934828539
N.01 Buloh Kasap,age,30-39,PH,6946,0.042038583357327956,0.282032824647279
N.01 Buloh Kasap,age,40-49,PH,5605,0.05298840321141838,0.38108831400535237
N.01 Buloh Kasap,age,50-59,PH,3721,0.05455522708949207,0.49099704380542863
N.01 Buloh Kasap,age,60-69,PH,3701,0.08430154012429074,0.4412320994325858
N.01 Buloh Kasap,age,70+,PH,2832,0.0769774011299435,0.4604519774011299
N.01 Buloh Kasap,age,18-29,PN,6153,0.0,0.0
N.01 Buloh Kasap,age,30-39,PN,6946,0.0,0.0
N.01 Buloh Kasap,age,40-49,PN,5605,0.0,0.0
N.01 Buloh Kasap,age,50-59,PN,3721,0.0,0.0
N.01 Buloh Kasap,age,60-69,PN,3701,0.0,0.0
N.01 Buloh Kasap,age,70+,PN,2832,0.0,0.0
N.02 Jementah,ethnicity,Malay,turnout,16132,0.4485494668980908,0.8803000247954377
N.02 Jementah,ethnicity,Chinese,turnout,20214,0.4483526268922529,0.8149302463639062
N.02 Jementah,ethnicity,Indian,turnout,3152,0.057741116751269035,0.9879441624365483
N.02 Jementah,ethnicity,Other,turnout,309,0.0,1.0
N.02 Jementah,ethnicity,Malay,BN,16132,0.27919662782048105,0.6482767170840565
N.02 Jementah,ethnicity,Chinese,BN,20214,0.030671811615711884,0.32551696843771644
N.02 Jementah,ethnicity,Indian,BN,3152,0.025063451776649745,0.9282994923857868
N.02 Jementah,ethnicity,Other,BN,309,0.0,1.0
N.02 Jementah,ethnicity,Malay,PH,16132,0.0021696007934540046,0.3087031986114555
N.02 Jementah,ethnicity,Chinese,PH,20214,0.2695161769070941,0.5527357277134659
N.02 Jementah,ethnicity,Indian,PH,3152,0.00031725888324873094,0.817258883248731
N.02 Jementah,ethnicity,Other,PH,309,0.0,0.9773462783171522
N.02 Jementah,ethnicity,Malay,PN,16132,0.040354574758244485,0.15329779320605008
N.02 Jementah,ethnicity,Chinese,PN,20214,0.0,0.0797961808647472
N.02 Jementah,ethnicity,Indian,PN,3152,0.0,0.38515228426395937
N.02 Jementah,ethnicity,Other,PN,309,0.0,0.970873786407767
N.02 Jementah,age,18-29,turnout,7180,0.4084958217270195,0.8208913649025069
N.02 Jementah,age,30-39,turnout,8187,0.2539391718578234,0.8716257481372909
N.02 Jementah,age,40-49,turnout,6836,0.22293739028671739,0.935927442949093
N.02 Jementah,age,50-59,turnout,5817,0.32061199931236034,0.9546157813305828
N.02 Jementah,age,60-69,turnout,6099,0.45679619609772093,0.9547466797835711
N.02 Jementah,age,70+,turnout,5688,0.42387482419127986,0.8570675105485233
N.02 Jementah,age,18-29,BN,7180,0.16462395543175487,0.5289693593314764
N.02 Jementah,age,30-39,BN,8187,0.07658482960791499,0.5842188835959448
N.02 Jementah,age,40-49,BN,6836,0.016383850204798128,0.576214160327677
N.02 Jementah,age,50-59,BN,5817,0.02372356884992264,0.5812274368231047
N.02 Jementah,age,60-69,BN,6099,0.0603377602885719,0.5368093130021315
N.02 Jementah,age,70+,BN,5688,0.05151195499296765,0.4316104078762307
N.02 Jementah,age,18-29,PH,7180,0.08161559888579387,0.3566852367688022
N.02 Jementah,age,30-39,PH,8187,0.04543788933675339,0.4430194210333456
N.02 Jementah,age,40-49,PH,6836,0.05339379754242247,0.5280866003510825
N.02 Jementah,age,50-59,PH,5817,0.12325941206807632,0.6009970775313735
N.02 Jementah,age,60-69,PH,6099,0.2028201344482702,0.5899327758648959
N.02 Jementah,age,70+,PH,5688,0.19637834036568214,0.5348101265822784
N.02 Jementah,age,18-29,PN,7180,0.013231197771587743,0.17214484679665737
N.02 Jementah,age,30-39,PN,8187,0.00659582264565775,0.1937217540002443
N.02 Jementah,age,40-49,PN,6836,0.0017554125219426564,0.21167349327091867
N.02 Jementah,age,50-59,PN,5817,0.0,0.19133574007220217
N.02 Jementah,age,60-69,PN,6099,0.000983767830791933,0.1454336776520741
N.02 Jementah,age,70+,PN,5688,0.00017580872011251758,0.10144163150492265
N.03 Pemanis,ethnicity,Malay,turnout,19345,0.5671232876712329,0.872318428534505
N.03 Pemanis,ethnicity,Chinese,turnout,9929,0.3703293383019438,0.9467217242421191
N.03 Pemanis,ethnicity,Indian,turnout,673,0.0,1.0
N.03 Pemanis,ethnicity,Other,turnout,511,0.0,1.0
N.03 Pemanis,ethnicity,Malay,BN,19345,0.43251486172137504,0.7279917291289739
N.03 Pemanis,ethnicity,Chinese,BN,9929,0.006848625239198308,0.5394299526639138
N.03 Pemanis,ethnicity,Indian,BN,673,0.0,1.0
N.03 Pemanis,ethnicity,Other,BN,511,0.0,1.0
N.03 Pemanis,ethnicity,Malay,PH,19345,0.005582837942620832,0.237477384337038
N.03 Pemanis,ethnicity,Chinese,PH,9929,0.1291167287742975,0.5963339711954879
N.03 Pemanis,ethnicity,Indian,PH,673,0.0,1.0
N.03 Pemanis,ethnicity,Other,PH,511,0.0,0.8962818003913894
N.03 Pemanis,ethnicity,Malay,PN,19345,0.009356422848281209,0.03401395709485655
N.03 Pemanis,ethnicity,Chinese,PN,9929,0.0,0.04179675697451909
N.03 Pemanis,ethnicity,Indian,PN,673,0.0,0.475482912332838
N.03 Pemanis,ethnicity,Other,PN,511,0.0,0.6183953033268101
N.03 Pemanis,age,18-29,turnout,6344,0.4884930643127364,0.8417402269861286
N.03 Pemanis,age,30-39,turnout,6577,0.3509198722821955,0.9032993766154782
N.03 Pemanis,age,40-49,turnout,6037,0.4275302302468113,0.9088951465959914
N.03 Pemanis,age,50-59,turnout,4197,0.3995711222301644,0.9630688587086014
N.03 Pemanis,age,60-69,turnout,3778,0.49973530968766544,0.986500794070937
N.03 Pemanis,age,70+,turnout,3525,0.5211347517730497,0.9446808510638298
N.03 Pemanis,age,18-29,BN,6344,0.33259773013871374,0.6681904161412359
N.03 Pemanis,age,30-39,BN,6577,0.18975216664132583,0.7400030409001064
N.03 Pemanis,age,40-49,BN,6037,0.23405665065429848,0.7576610899453371
N.03 Pemanis,age,50-59,BN,4197,0.1339051703597808,0.7662616154395997
N.03 Pemanis,age,60-69,BN,3778,0.15352038115404976,0.7003705664372684
N.03 Pemanis,age,70+,BN,3525,0.23858156028368793,0.6615602836879433
N.03 Pemanis,age,18-29,PH,6344,0.08433165195460278,0.2605611601513241
N.03 Pemanis,age,30-39,PH,6577,0.03512239622928387,0.30302569560589937
N.03 Pemanis,age,40-49,PH,6037,0.024349842637071392,0.34321682955110155
N.03 Pemanis,age,50-59,PH,4197,0.057898498927805575,0.5494400762449368
N.03 Pemanis,age,60-69,PH,3778,0.092641609317099,0.5571731074642668
N.03 Pemanis,age,70+,PH,3525,0.04794326241134752,0.3852482269503546
N.03 Pemanis,age,18-29,PN,6344,0.004098360655737705,0.04539722572509458
N.03 Pemanis,age,30-39,PN,6577,0.0038011251330393797,0.06674775733617151
N.03 Pemanis,age,40-49,PN,6037,0.0,0.06162000993871128
N.03 Pemanis,age,50-59,PN,4197,0.0,0.08220157255182273
N.03 Pemanis,age,60-69,PN,3778,0.0,0.05796717840127051
N.03 Pemanis,age,70+,PN,3525,0.0,0.04
N.04 Kemelah,ethnicity,Malay,turnout,19402,0.49840222657457994,0.8888258942377074
N.04 Kemelah,ethnicity,Chinese,turnout,13514,0.324404321444428,0.8805682995412165
N.04 Kemelah,ethnicity,Indian,turnout,1971,0.0,1.0
N.04 Kemelah,ethnicity,Other,turnout,478,0.0,1.0
N.04 Kemelah,ethnicity,Malay,BN,19402,0.2886300381403979,0.5943717142562622
N.04 Kemelah,ethnicity,Chinese,BN,13514,0.004143850821370431,0.41024123131567264
N.04 Kemelah,ethnicity,Indian,BN,1971,0.0,1.0
N.04 Kemelah,ethnicity,Other,BN,478,0.0,1.0
N.04 Kemelah,ethnicity,Malay,PH,19402,0.009174311926605505,0.29697969281517367
N.04 Kemelah,ethnicity,Chinese,PH,13514,0.1367470771052242,0.5591978688767204
N.04 Kemelah,ethnicity,Indian,PH,1971,0.0,0.9705733130390665
N.04 Kemelah,ethnicity,Other,PH,478,0.0,0.8221757322175732
N.04 Kemelah,ethnicity,Malay,PN,19402,0.0629316565302546,0.17776517884754148
N.04 Kemelah,ethnicity,Chinese,PN,13514,0.0,0.13341719698090868
N.04 Kemelah,ethnicity,Indian,PN,1971,0.0,0.7975646879756468
N.04 Kemelah,ethnicity,Other,PN,478,0.0,0.997907949790795
N.04 Kemelah,age,18-29,turnout,8959,0.4695836588905012,0.7686125683670052
N.04 Kemelah,age,30-39,turnout,8226,0.3529054218332118,0.8538779479698517
N.04 Kemelah,age,40-49,turnout,6876,0.3797265852239674,0.9051774287376382
N.04 Kemelah,age,50-59,turnout,4549,0.30358320510002196,0.9648274346010112
N.04 Kemelah,age,60-69,turnout,3614,0.4571112340896514,0.9750968456004427
N.04 Kemelah,age,70+,turnout,3141,0.4348933460681312,0.95924864692773
N.04 Kemelah,age,18-29,BN,8959,0.19678535550842727,0.4552963500390669
N.04 Kemelah,age,30-39,BN,8226,0.08144906394359348,0.5023097495745198
N.04 Kemelah,age,40-49,BN,6876,0.0983129726585224,0.5493019197207679
N.04 Kemelah,age,50-59,BN,4549,0.05429764783468894,0.707408221587162
N.04 Kemelah,age,60-69,BN,3614,0.06917542888765911,0.6995019369120089
N.04 Kemelah,age,70+,BN,3141,0.13244189748487742,0.6660299267749125
N.04 Kemelah,age,18-29,PH,8959,0.09175131153030472,0.27849090300256724
N.04 Kemelah,age,30-39,PH,8226,0.033795283248237294,0.3739362995380501
N.04 Kemelah,age,40-49,PH,6876,0.03446771378708551,0.43426410703897617
N.04 Kemelah,age,50-59,PH,4549,0.055616619037151024,0.6003517256539899
N.04 Kemelah,age,60-69,PH,3614,0.08633093525179857,0.5816270060874378
N.04 Kemelah,age,70+,PH,3141,0.08277618592804839,0.5249920407513531
N.04 Kemelah,age,18-29,PN,8959,0.05145663578524389,0.1687688358075678
N.04 Kemelah,age,30-39,PN,8226,0.009360564065159251,0.21711646000486262
N.04 Kemelah,age,40-49,PN,6876,0.03446771378708551,0.25363583478766727
N.04 Kemelah,age,50-59,PN,4549,0.0,0.28775555067047703
N.04 Kemelah,age,60-69,PN,3614,0.004150525733259546,0.1906474820143885
N.04 Kemelah,age,70+,PN,3141,0.0,0.17255651066539318
N.05 Tenang,ethnicity,Malay,turnout,11223,0.5509222133119487,0.8369419941192194
N.05 Tenang,ethnicity,Chinese,turnout,8330,0.3595438175270108,0.8106842737094838
N.05 Tenang,ethnicity,Indian,turnout,2518,0.06393963463065926,0.9932486100079428
N.05 Tenang,ethnicity,Other,turnout,539,0.0,1.0
N.05 Tenang,ethnicity,Malay,BN,11223,0.396774480976566,0.6703198788202798
N.05 Tenang,ethnicity,Chinese,BN,8330,0.010804321728691477,0.3445378151260504
N.05 Tenang,ethnicity,Indian,BN,2518,0.014297061159650517,0.8911834789515488
N.05 Tenang,ethnicity,Other,BN,539,0.0,1.0
N.05 Tenang,ethnicity,Malay,PH,11223,0.015058362291722355,0.227301078143099
N.05 Tenang,ethnicity,Chinese,PH,8330,0.1460984393757503,0.534453781512605
N.05 Tenang,ethnicity,Indian,PH,2518,0.0,0.7545671167593329
N.05 Tenang,ethnicity,Other,PH,539,0.0,0.6623376623376623
N.05 Tenang,ethnicity,Malay,PN,11223,0.05978793548961953,0.12331818586830616
N.05 Tenang,ethnicity,Chinese,PN,8330,0.0,0.060984393757503
N.05 Tenang,ethnicity,Indian,PN,2518,0.0,0.14297061159650518
N.05 Tenang,ethnicity,Other,PN,539,0.0,0.7328385899814471
N.05 Tenang,age,18-29,turnout,4440,0.4355855855855856,0.7824324324324324
N.05 Tenang,age,30-39,turnout,4681,0.26361888485366375,0.8427686391796625
N.05 Tenang,age,40-49,turnout,4361,0.2391653290529695,0.9371703737674846
N.05 Tenang,age,50-59,turnout,3651,0.40509449465899755,0.9884963023829088
N.05 Tenang,age,60-69,turnout,2900,0.33482758620689657,1.0
N.05 Tenang,age,70+,turnout,2577,0.373302289483896,0.8948389600310438
N.05 Tenang,age,18-29,BN,4440,0.1822072072072072,0.5324324324324324
N.05 Tenang,age,30-39,BN,4681,0.07519760734885708,0.6432386242255929
N.05 Tenang,age,40-49,BN,4361,0.034166475578995645,0.6074294886493924
N.05 Tenang,age,50-59,BN,3651,0.12024102985483429,0.6611887154204328
N.05 Tenang,age,60-69,BN,2900,0.04310344827586207,0.743448275862069
N.05 Tenang,age,70+,BN,2577,0.05743112145906092,0.6053550640279395
N.05 Tenang,age,18-29,PH,4440,0.09076576576576577,0.2653153153153153
N.05 Tenang,age,30-39,PH,4681,0.05533005767998291,0.37107455671864986
N.05 Tenang,age,40-49,PH,4361,0.00871359779867003,0.463884430176565
N.05 Tenang,age,50-59,PH,3651,0.05587510271158587,0.49274171459874005
N.05 Tenang,age,60-69,PH,2900,0.021379310344827585,0.5227586206896552
N.05 Tenang,age,70+,PH,2577,0.045013581684128834,0.43112145906092353
N.05 Tenang,age,18-29,PN,4440,0.006531531531531532,0.11981981981981982
N.05 Tenang,age,30-39,PN,4681,0.003631702627643666,0.18179876094851527
N.05 Tenang,age,40-49,PN,4361,0.0,0.186425131850493
N.05 Tenang,age,50-59,PN,3651,0.0,0.17748562037797863
N.05 Tenang,age,60-69,PN,2900,0.0,0.1896551724137931
N.05 Tenang,age,70+,PN,2577,0.0,0.11486224291812185
N.06 Bekok,ethnicity,Malay,turnout,8144,0.2523330058939096,0.9388506876227898
N.06 Bekok,ethnicity,Chinese,turnout,12949,0.32743841223260484,0.8355085334774887
N.06 Bekok,ethnicity,Indian,turnout,5100,0.13725490196078433,0.9290196078431373
N.06 Bekok,ethnicity,Other,turnout,1076,0.31784386617100374,0.8615241635687733
N.06 Bekok,ethnicity,Malay,BN,8144,0.21083005893909626,0.8969793713163065
N.06 Bekok,ethnicity,Chinese,BN,12949,0.05004247432234149,0.5108502587072361
N.06 Bekok,ethnicity,Indian,BN,5100,0.0703921568627451,0.8339215686274509
N.06 Bekok,ethnicity,Other,BN,1076,0.19981412639405205,0.7434944237918215
N.06 Bekok,ethnicity,Malay,PH,8144,0.0009823182711198428,0.4717583497053045
N.06 Bekok,ethnicity,Chinese,PH,12949,0.08039230828635416,0.4287589775272222
N.06 Bekok,ethnicity,Indian,PH,5100,0.007450980392156863,0.5907843137254902
N.06 Bekok,ethnicity,Other,PH,1076,0.04925650557620818,0.43215613382899626
N.06 Bekok,ethnicity,Malay,PN,8144,0.0,0.0
N.06 Bekok,ethnicity,Chinese,PN,12949,0.0,0.0
N.06 Bekok,ethnicity,Indian,PN,5100,0.0,0.0
N.06 Bekok,ethnicity,Other,PN,1076,0.0,0.0
N.06 Bekok,age,18-29,turnout,5140,0.3060311284046693,0.8087548638132296
N.06 Bekok,age,30-39,turnout,5599,0.19539203429183782,0.8565815324165029
N.06 Bekok,age,40-49,turnout,4963,0.19524481160588353,0.9445899657465243
N.06 Bekok,age,50-59,turnout,4087,0.1543919745534622,0.9843405921213604
N.06 Bekok,age,60-69,turnout,3820,0.2602094240837696,0.9683246073298429
N.06 Bekok,age,70+,turnout,3660,0.3117486338797814,0.9038251366120219
N.06 Bekok,age,18-29,BN,5140,0.19824902723735408,0.6558365758754864
N.06 Bekok,age,30-39,BN,5599,0.11644936595820682,0.6822646901232363
N.06 Bekok,age,40-49,BN,4963,0.05762643562361475,0.7386661293572436
N.06 Bekok,age,50-59,BN,4087,0.008563738683631025,0.760459995106435
N.06 Bekok,age,60-69,BN,3820,0.05549738219895288,0.7662303664921466
N.06 Bekok,age,70+,BN,3660,0.04672131147540984,0.6275956284153006
N.06 Bekok,age,18-29,PH,5140,0.048443579766536966,0.33657587548638135
N.06 Bekok,age,30-39,PH,5599,0.030183961421682445,0.40650116092159316
N.06 Bekok,age,40-49,PH,4963,0.0,0.5468466653233931
N.06 Bekok,age,50-59,PH,4087,0.008074382187423538,0.6567164179104478
N.06 Bekok,age,60-69,PH,3820,0.0468586387434555,0.6212041884816754
N.06 Bekok,age,70+,PH,3660,0.051639344262295085,0.5297814207650273
N.06 Bekok,age,18-29,PN,5140,0.0,0.0
N.06 Bekok,age,30-39,PN,5599,0.0,0.0
N.06 Bekok,age,40-49,PN,4963,0.0,0.0
N.06 Bekok,age,50-59,PN,4087,0.0,0.0
N.06 Bekok,age,60-69,PN,3820,0.0,0.0
N.06 Bekok,age,70+,PN,3660,0.0,0.0
N.07 Bukit Kepong,ethnicity,Malay,turnout,26525,0.6439585296889727,0.8405655042412818
N.07 Bukit Kepong,ethnicity,Chinese,turnout,9497,0.37527640307465515,0.8636411498367905
N.07 Bukit Kepong,ethnicity,Indian,turnout,975,0.017435897435897435,1.0
N.07 Bukit Kepong,ethnicity,Other,turnout,607,0.0,1.0
N.07 Bukit Kepong,ethnicity,Malay,BN,26525,0.4107822808671065,0.5944957587181904
N.07 Bukit Kepong,ethnicity,Chinese,BN,9497,0.0312730335895546,0.4536169316626303
N.07 Bukit Kepong,ethnicity,Indian,BN,975,0.0,0.9661538461538461
N.07 Bukit Kepong,ethnicity,Other,BN,607,0.0,1.0
N.07 Bukit Kepong,ethnicity,Malay,PH,26525,0.0027144203581526863,0.12735155513666352
N.07 Bukit Kepong,ethnicity,Chinese,PH,9497,0.11519427187532905,0.4687796146151416
N.07 Bukit Kepong,ethnicity,Indian,PH,975,0.0,0.8543589743589743
N.07 Bukit Kepong,ethnicity,Other,PH,607,0.0,0.6705107084019769
N.07 Bukit Kepong,ethnicity,Malay,PN,26525,0.11129123468426014,0.2091611687087653
N.07 Bukit Kepong,ethnicity,Chinese,PN,9497,0.0,0.21280404338212067
N.07 Bukit Kepong,ethnicity,Indian,PN,975,0.0,0.7712820512820513
N.07 Bukit Kepong,ethnicity,Other,PN,607,0.0,0.9983525535420099
N.07 Bukit Kepong,age,18-29,turnout,7445,0.46702484889187373,0.9599731363331094
N.07 Bukit Kepong,age,30-39,turnout,8352,0.28292624521072796,0.9710249042145593
N.07 Bukit Kepong,age,40-49,turnout,7153,0.3418146232350063,0.9734377184398154
N.07 Bukit Kepong,age,50-59,turnout,5221,0.2620187703505076,0.9988507948668838
N.07 Bukit Kepong,age,60-69,turnout,5215,0.3351869606903164,0.9984659635666348
N.07 Bukit Kepong,age,70+,turnout,4218,0.2887624466571835,1.0
N.07 Bukit Kepong,age,18-29,BN,7445,0.18871725990597715,0.7227669576897247
N.07 Bukit Kepong,age,30-39,BN,8352,0.10045498084291188,0.8469827586206896
N.07 Bukit Kepong,age,40-49,BN,7153,0.07828882986159653,0.7921151964210821
N.07 Bukit Kepong,age,50-59,BN,5221,0.04615973951350316,0.8624784524037541
N.07 Bukit Kepong,age,60-69,BN,5215,0.08935762224352828,0.87248322147651
N.07 Bukit Kepong,age,70+,BN,4218,0.05286865813181603,0.7804646752015173
N.07 Bukit Kepong,age,18-29,PH,7445,0.0,0.2182672934855608
N.07 Bukit Kepong,age,30-39,PH,8352,0.0011973180076628352,0.28101053639846746
N.07 Bukit Kepong,age,40-49,PH,7153,0.0009786103732699566,0.2832378023207046
N.07 Bukit Kepong,age,50-59,PH,5221,0.0,0.44799846772648916
N.07 Bukit Kepong,age,60-69,PH,5215,0.0,0.39942473633748804
N.07 Bukit Kepong,age,70+,PH,4218,0.0,0.43859649122807015
N.07 Bukit Kepong,age,18-29,PN,7445,0.0017461383478844861,0.27696440564137004
N.07 Bukit Kepong,age,30-39,PN,8352,0.008500957854406131,0.41594827586206895
N.07 Bukit Kepong,age,40-49,PN,7153,0.01398014818957081,0.3817978470571788
N.07 Bukit Kepong,age,50-59,PN,5221,0.0001915341888527102,0.48324075847538783
N.07 Bukit Kepong,age,60-69,PN,5215,0.0,0.35493767976989454
N.07 Bukit Kepong,age,70+,PN,4218,0.0,0.3311996206733049
N.08 Bukit Pasir,ethnicity,Malay,turnout,21381,0.5894953463355316,0.9299377952387634
N.08 Bukit Pasir,ethnicity,Chinese,turnout,11106,0.3233387358184765,0.9707365388078516
N.08 Bukit Pasir,ethnicity,Indian,turnout,1410,0.0028368794326241137,1.0
N.08 Bukit Pasir,ethnicity,Other,turnout,216,0.0,1.0
N.08 Bukit Pasir,ethnicity,Malay,BN,21381,0.2894158364903419,0.6475375333239792
N.08 Bukit Pasir,ethnicity,Chinese,BN,11106,0.0009004141905276427,0.6285791464073474
N.08 Bukit Pasir,ethnicity,Indian,BN,1410,0.0,0.9808510638297873
N.08 Bukit Pasir,ethnicity,Other,BN,216,0.0,1.0
N.08 Bukit Pasir,ethnicity,Malay,PH,21381,0.0016837378981338573,0.2584069968663767
N.08 Bukit Pasir,ethnicity,Chinese,PH,11106,0.05798667386998019,0.5849090581667568
N.08 Bukit Pasir,ethnicity,Indian,PH,1410,0.0,0.9425531914893617
N.08 Bukit Pasir,ethnicity,Other,PH,216,0.0,1.0
N.08 Bukit Pasir,ethnicity,Malay,PN,21381,0.032832889013610214,0.1787100696880408
N.08 Bukit Pasir,ethnicity,Chinese,PN,11106,0.0,0.27030433999639836
N.08 Bukit Pasir,ethnicity,Indian,PN,1410,0.0,0.8156028368794326
N.08 Bukit Pasir,ethnicity,Other,PN,216,0.0,1.0
N.08 Bukit Pasir,age,18-29,turnout,8809,0.5451243046883869,0.8531047792030878
N.08 Bukit Pasir,age,30-39,turnout,7391,0.35232038966310375,0.9357326478149101
N.08 Bukit Pasir,age,40-49,turnout,6147,0.42622417439401333,0.9663250366032211
N.08 Bukit Pasir,age,50-59,turnout,4840,0.34607438016528924,0.9807851239669422
N.08 Bukit Pasir,age,60-69,turnout,3797,0.3839873584408744,0.988148538319726
N.08 Bukit Pasir,age,70+,turnout,3129,0.31511665068712047,0.9846596356663471
N.08 Bukit Pasir,age,18-29,BN,8809,0.22499716199341582,0.619139516403678
N.08 Bukit Pasir,age,30-39,BN,7391,0.06981463942632932,0.7588959545393046
N.08 Bukit Pasir,age,40-49,BN,6147,0.0821538962095331,0.7395477468683911
N.08 Bukit Pasir,age,50-59,BN,4840,0.05950413223140496,0.7993801652892562
N.08 Bukit Pasir,age,60-69,BN,3797,0.05767711351066632,0.8369765604424546
N.08 Bukit Pasir,age,70+,BN,3129,0.030680728667305847,0.7654202620645574
N.08 Bukit Pasir,age,18-29,PH,8809,0.10023839255307072,0.2669996594392099
N.08 Bukit Pasir,age,30-39,PH,7391,0.038831010688675414,0.3773508320930862
N.08 Bukit Pasir,age,40-49,PH,6147,0.02635431918008785,0.42443468358548886
N.08 Bukit Pasir,age,50-59,PH,4840,0.030991735537190084,0.528099173553719
N.08 Bukit Pasir,age,60-69,PH,3797,0.01922570450355544,0.5061890966552541
N.08 Bukit Pasir,age,70+,PH,3129,0.01597954618088846,0.46852029402364975
N.08 Bukit Pasir,age,18-29,PN,8809,0.03530480190714042,0.20138494721307754
N.08 Bukit Pasir,age,30-39,PN,7391,0.007441482884589365,0.30753619266675686
N.08 Bukit Pasir,age,40-49,PN,6147,0.010574263868553766,0.2876199772246624
N.08 Bukit Pasir,age,50-59,PN,4840,0.006818181818181818,0.3797520661157025
N.08 Bukit Pasir,age,60-69,PN,3797,0.008954437713984725,0.27811430076376087
N.08 Bukit Pasir,age,70+,PN,3129,0.0,0.2623841482901886
N.09 Gambir,ethnicity,Malay,turnout,18160,0.6253303964757709,0.9067180616740088
N.09 Gambir,ethnicity,Chinese,turnout,10824,0.42230229120473023,0.9056725794530672
N.09 Gambir,ethnicity,Indian,turnout,1110,0.06936936936936937,1.0
N.09 Gambir,ethnicity,Other,turnout,195,0.0,1.0
N.09 Gambir,ethnicity,Malay,BN,18160,0.40908590308370046,0.714647577092511
N.09 Gambir,ethnicity,Chinese,BN,10824,0.008961566888396156,0.4787509238728751
N.09 Gambir,ethnicity,Indian,BN,1110,0.0,1.0
N.09 Gambir,ethnicity,Other,BN,195,0.0,1.0
N.09 Gambir,ethnicity,Malay,PH,18160,0.004790748898678414,0.2480726872246696
N.09 Gambir,ethnicity,Chinese,PH,10824,0.16777531411677754,0.5902623798965262
N.09 Gambir,ethnicity,Indian,PH,1110,0.0,0.7504504504504504
N.09 Gambir,ethnicity,Other,PH,195,0.0,1.0
N.09 Gambir,ethnicity,Malay,PN,18160,0.02378854625550661,0.10258810572687224
N.09 Gambir,ethnicity,Chinese,PN,10824,0.0,0.1154841093865484
N.09 Gambir,ethnicity,Indian,PN,1110,0.0,0.3900900900900901
N.09 Gambir,ethnicity,Other,PN,195,0.0,1.0
N.09 Gambir,age,18-29,turnout,7088,0.5696952595936795,0.8473476297968398
N.09 Gambir,age,30-39,turnout,6403,0.4404185538029049,0.8750585662970483
N.09 Gambir,age,40-49,turnout,5284,0.4665026495079485,0.9447388342165026
N.09 Gambir,age,50-59,turnout,4595,0.43873775843307944,0.9751904243743199
N.09 Gambir,age,60-69,turnout,3713,0.4500403985995152,0.9876110961486668
N.09 Gambir,age,70+,turnout,3206,0.47473487211478477,0.9179663131628197
N.09 Gambir,age,18-29,BN,7088,0.3013544018058691,0.6128668171557562
N.09 Gambir,age,30-39,BN,6403,0.21989692331719507,0.712166172106825
N.09 Gambir,age,40-49,BN,5284,0.1101438304314913,0.6852763058289175
N.09 Gambir,age,50-59,BN,4595,0.09423286180631121,0.7856365614798694
N.09 Gambir,age,60-69,BN,3713,0.08106652302720173,0.7947751144626987
N.09 Gambir,age,70+,BN,3206,0.07704304429195259,0.6615720524017468
N.09 Gambir,age,18-29,PH,7088,0.08450902934537247,0.26326185101580135
N.09 Gambir,age,30-39,PH,6403,0.06699984382320787,0.3465563017335624
N.09 Gambir,age,40-49,PH,5284,0.075889477668433,0.41370174110522334
N.09 Gambir,age,50-59,PH,4595,0.03917301414581066,0.4855277475516866
N.09 Gambir,age,60-69,PH,3713,0.08133584702396983,0.5553460813358471
N.09 Gambir,age,70+,PH,3206,0.11883967560823457,0.44510293200249534
N.09 Gambir,age,18-29,PN,7088,0.017353273137697516,0.10764672686230248
N.09 Gambir,age,30-39,PN,6403,0.01015149148836483,0.15399031703888802
N.09 Gambir,age,40-49,PN,5284,0.0,0.1858440575321726
N.09 Gambir,age,50-59,PN,4595,0.0,0.21566920565832426
N.09 Gambir,age,60-69,PN,3713,0.0,0.15566927013196877
N.09 Gambir,age,70+,PN,3206,0.0,0.10262008733624454
N.10 Tangkak,ethnicity,Malay,turnout,14962,0.3966047319877022,0.9647106001871407
N.10 Tangkak,ethnicity,Chinese,turnout,17269,0.37367537205396956,0.9129654293821299
N.10 Tangkak,ethnicity,Indian,turnout,3657,0.0,1.0
N.10 Tangkak,ethnicity,Other,turnout,776,0.02577319587628866,1.0
N.10 Tangkak,ethnicity,Malay,BN,14962,0.2434166555273359,0.8462772356636813
N.10 Tangkak,ethnicity,Chinese,BN,17269,0.005037929237361747,0.4787190920145926
N.10 Tangkak,ethnicity,Indian,BN,3657,0.0,1.0
N.10 Tangkak,ethnicity,Other,BN,776,0.0,1.0
N.10 Tangkak,ethnicity,Malay,PH,14962,0.0002005079534821548,0.4476674241411576
N.10 Tangkak,ethnicity,Chinese,PH,17269,0.1452892466269037,0.6137587584689328
N.10 Tangkak,ethnicity,Indian,PH,3657,0.0,0.9641782882143833
N.10 Tangkak,ethnicity,Other,PH,776,0.0,0.8530927835051546
N.10 Tangkak,ethnicity,Malay,PN,14962,0.0,0.0
N.10 Tangkak,ethnicity,Chinese,PN,17269,0.0,0.0
N.10 Tangkak,ethnicity,Indian,PN,3657,0.0,0.0
N.10 Tangkak,ethnicity,Other,PN,776,0.0,0.0
N.10 Tangkak,age,18-29,turnout,8614,0.5205479452054794,0.7692129092175528
N.10 Tangkak,age,30-39,turnout,7709,0.3529640679724997,0.8400570761447659
N.10 Tangkak,age,40-49,turnout,6534,0.38368533823079276,0.8875114784205693
N.10 Tangkak,age,50-59,turnout,5275,0.4872037914691943,0.9664454976303317
N.10 Tangkak,age,60-69,turnout,4523,0.4023877957108114,0.9849657307097059
N.10 Tangkak,age,70+,turnout,4009,0.4305313045647294,0.878772761287104
N.10 Tangkak,age,18-29,BN,8614,0.2848850708149524,0.5088228465289064
N.10 Tangkak,age,30-39,BN,7709,0.16954209365676481,0.5865871059800234
N.10 Tangkak,age,40-49,BN,6534,0.15212733394551575,0.5820324456688093
N.10 Tangkak,age,50-59,BN,5275,0.14350710900473934,0.6096682464454977
N.10 Tangkak,age,60-69,BN,4523,0.0291841697988061,0.6265752818925492
N.10 Tangkak,age,70+,BN,4009,0.057370915440259414,0.5452731354452482
N.10 Tangkak,age,18-29,PH,8614,0.13628976085442304,0.3249361504527513
N.10 Tangkak,age,30-39,PH,7709,0.09106239460370995,0.46037099494097805
N.10 Tangkak,age,40-49,PH,6534,0.06902356902356903,0.5116314661769207
N.10 Tangkak,age,50-59,PH,5275,0.06786729857819905,0.6098578199052133
N.10 Tangkak,age,60-69,PH,4523,0.13552951580809197,0.7475127128012381
N.10 Tangkak,age,70+,PH,4009,0.13893739087054127,0.5659765527562983
N.10 Tangkak,age,18-29,PN,8614,0.0,0.0
N.10 Tangkak,age,30-39,PN,7709,0.0,0.0
N.10 Tangkak,age,40-49,PN,6534,0.0,0.0
N.10 Tangkak,age,50-59,PN,5275,0.0,0.0
N.10 Tangkak,age,60-69,PN,4523,0.0,0.0
N.10 Tangkak,age,70+,PN,4009,0.0,0.0
N.11 Serom,ethnicity,Malay,turnout,27047,0.579583687654823,0.9118201648981403
N.11 Serom,ethnicity,Chinese,turnout,12418,0.27854727009180225,0.9812369141568691
N.11 Serom,ethnicity,Indian,turnout,377,0.0,1.0
N.11 Serom,ethnicity,Other,turnout,299,0.0,1.0
N.11 Serom,ethnicity,Malay,BN,27047,0.27478093688764005,0.6253188893407772
N.11 Serom,ethnicity,Chinese,BN,12418,0.001368980512159768,0.7377194395232727
N.11 Serom,ethnicity,Indian,BN,377,0.0,1.0
N.11 Serom,ethnicity,Other,BN,299,0.0,1.0
N.11 Serom,ethnicity,Malay,PH,27047,0.004473693940178209,0.2680149369615854
N.11 Serom,ethnicity,Chinese,PH,12418,0.035754549846996296,0.6098405540344661
N.11 Serom,ethnicity,Indian,PH,377,0.0,1.0
N.11 Serom,ethnicity,Other,PH,299,0.0,1.0
N.11 Serom,ethnicity,Malay,PN,27047,0.022997005213147483,0.13302769253521649
N.11 Serom,ethnicity,Chinese,PN,12418,0.0,0.23272668706716057
N.11 Serom,ethnicity,Indian,PN,377,0.0,0.8859416445623343
N.11 Serom,ethnicity,Other,PN,299,0.0,1.0
N.11 Serom,age,18-29,turnout,9476,0.5263824398480371,0.8745251160827353
N.11 Serom,age,30-39,turnout,8967,0.3201739712278354,0.9294078287052526
N.11 Serom,age,40-49,turnout,7125,0.39424561403508773,0.9660350877192982
N.11 Serom,age,50-59,turnout,5618,0.4364542541829833,0.9992880028479886
N.11 Serom,age,60-69,turnout,4955,0.3832492431886983,0.9889001009081736
N.11 Serom,age,70+,turnout,4000,0.37625,0.9605
N.11 Serom,age,18-29,BN,9476,0.2546433094132545,0.658400168847615
N.11 Serom,age,30-39,BN,8967,0.08564737370357979,0.7794134047061447
N.11 Serom,age,40-49,BN,7125,0.07396491228070176,0.728140350877193
N.11 Serom,age,50-59,BN,5618,0.1064435742257031,0.7597009611961553
N.11 Serom,age,60-69,BN,4955,0.06256306760847628,0.8328960645812311
N.11 Serom,age,70+,BN,4000,0.0305,0.731
N.11 Serom,age,18-29,PH,9476,0.06131279020683833,0.2673068805403124
N.11 Serom,age,30-39,PH,8967,0.02040816326530612,0.40069142411062786
N.11 Serom,age,40-49,PH,7125,0.005754385964912281,0.42343859649122806
N.11 Serom,age,50-59,PH,5618,0.016019935920256318,0.5220719117123531
N.11 Serom,age,60-69,PH,4955,0.020181634712411706,0.5495459132189707
N.11 Serom,age,70+,PH,4000,0.0195,0.47325
N.11 Serom,age,18-29,PN,9476,0.024060785141409878,0.14499788940481215
N.11 Serom,age,30-39,PN,8967,0.02018512322961972,0.2528158804505409
N.11 Serom,age,40-49,PN,7125,0.004210526315789474,0.25094736842105264
N.11 Serom,age,50-59,PN,5618,0.0,0.26326094695621216
N.11 Serom,age,60-69,PN,4955,0.007265388496468214,0.22058526740665993
N.11 Serom,age,70+,PN,4000,0.0,0.1525
N.12 Bentayan,ethnicity,Malay,turnout,9213,0.0913925974166938,0.9994572886139151
N.12 Bentayan,ethnicity,Chinese,turnout,23940,0.48216374269005846,0.8628237259816207
N.12 Bentayan,ethnicity,Indian,turnout,805,0.0,1.0
N.12 Bentayan,ethnicity,Other,turnout,224,0.0,1.0
N.12 Bentayan,ethnicity,Malay,BN,9213,0.0,0.8058178660588299
N.12 Bentayan,ethnicity,Chinese,BN,23940,0.005973266499582289,0.32030075187969925
N.12 Bentayan,ethnicity,Indian,BN,805,0.0,1.0
N.12 Bentayan,ethnicity,Other,BN,224,0.0,1.0
N.12 Bentayan,ethnicity,Malay,PH,9213,0.0,0.8588950396179312
N.12 Bentayan,ethnicity,Chinese,PH,23940,0.21775271512113617,0.578780284043442
N.12 Bentayan,ethnicity,Indian,PH,805,0.0,1.0
N.12 Bentayan,ethnicity,Other,PH,224,0.0,1.0
N.12 Bentayan,ethnicity,Malay,PN,9213,0.0,0.0
N.12 Bentayan,ethnicity,Chinese,PN,23940,0.0,0.0
N.12 Bentayan,ethnicity,Indian,PN,805,0.0,0.0
N.12 Bentayan,ethnicity,Other,PN,224,0.0,0.0
N.12 Bentayan,age,18-29,turnout,5612,0.43406985032074125,0.7644333570919458
N.12 Bentayan,age,30-39,turnout,5995,0.34545454545454546,0.8088407005838198
N.12 Bentayan,age,40-49,turnout,5903,0.3816703371167203,0.8234795866508555
N.12 Bentayan,age,50-59,turnout,5324,0.47483095416979715,0.9000751314800901
N.12 Bentayan,age,60-69,turnout,5596,0.5050035739814153,0.9213724088634739
N.12 Bentayan,age,70+,turnout,5752,0.42124478442280944,0.747913769123783
N.12 Bentayan,age,18-29,BN,5612,0.13043478260869565,0.43531717747683535
N.12 Bentayan,age,30-39,BN,5995,0.0713928273561301,0.4834028356964137
N.12 Bentayan,age,40-49,BN,5903,0.08266982890055903,0.4579027613078096
N.12 Bentayan,age,50-59,BN,5324,0.061607813673929375,0.4226145755071375
N.12 Bentayan,age,60-69,BN,5596,0.053431022158684775,0.3909935668334525
N.12 Bentayan,age,70+,BN,5752,0.021905424200278165,0.25382475660639775
N.12 Bentayan,age,18-29,PH,5612,0.18692088382038488,0.45830363506771205
N.12 Bentayan,age,30-39,PH,5995,0.15329441201000835,0.5551292743953294
N.12 Bentayan,age,40-49,PH,5903,0.17499576486532273,0.6193460952058275
N.12 Bentayan,age,50-59,PH,5324,0.23478587528174305,0.7295266716754321
N.12 Bentayan,age,60-69,PH,5596,0.28538241601143677,0.7866333095067906
N.12 Bentayan,age,70+,PH,5752,0.21818497913769125,0.5803198887343533
N.12 Bentayan,age,18-29,PN,5612,0.0,0.0
N.12 Bentayan,age,30-39,PN,5995,0.0,0.0
N.12 Bentayan,age,40-49,PN,5903,0.0,0.0
N.12 Bentayan,age,50-59,PN,5324,0.0,0.0
N.12 Bentayan,age,60-69,PN,5596,0.0,0.0
N.12 Bentayan,age,70+,PN,5752,0.0,0.0
N.13 Simpang Jeram,ethnicity,Malay,turnout,21830,0.45153458543289055,0.9884562528630325
N.13 Simpang Jeram,ethnicity,Chinese,turnout,18757,0.341419203497361,0.9648131364290665
N.13 Simpang Jeram,ethnicity,Indian,turnout,1019,0.0,1.0
N.13 Simpang Jeram,ethnicity,Other,turnout,369,0.0,1.0
N.13 Simpang Jeram,ethnicity,Malay,BN,21830,0.05071003206596427,0.5336692624828218
N.13 Simpang Jeram,ethnicity,Chinese,BN,18757,0.0,0.548808444847257
N.13 Simpang Jeram,ethnicity,Indian,BN,1019,0.0,1.0
N.13 Simpang Jeram,ethnicity,Other,BN,369,0.0,1.0
N.13 Simpang Jeram,ethnicity,Malay,PH,21830,0.0007329363261566652,0.5041227668346312
N.13 Simpang Jeram,ethnicity,Chinese,PH,18757,0.0411046542624087,0.6351762008850029
N.13 Simpang Jeram,ethnicity,Indian,PH,1019,0.0,1.0
N.13 Simpang Jeram,ethnicity,Other,PH,369,0.0,1.0
N.13 Simpang Jeram,ethnicity,Malay,PN,21830,0.009207512597343107,0.17911131470453504
N.13 Simpang Jeram,ethnicity,Chinese,PN,18757,0.0,0.1959801674041691
N.13 Simpang Jeram,ethnicity,Indian,PN,1019,0.0,1.0
N.13 Simpang Jeram,ethnicity,Other,PN,369,0.0,1.0
N.13 Simpang Jeram,age,18-29,turnout,10537,0.5862199867134859,0.7791591534592389
N.13 Simpang Jeram,age,30-39,turnout,9871,0.443420119542093,0.8516867591935974
N.13 Simpang Jeram,age,40-49,turnout,7777,0.45685997171145687,0.8999614247139
N.13 Simpang Jeram,age,50-59,turnout,5646,0.48724760892667374,0.9729011689691818
N.13 Simpang Jeram,age,60-69,turnout,4557,0.4663155584814571,0.9811279350449857
N.13 Simpang Jeram,age,70+,turnout,3587,0.4402007248396989,0.9322553666016169
N.13 Simpang Jeram,age,18-29,BN,10537,0.1741482395368701,0.3489608047831451
N.13 Simpang Jeram,age,30-39,BN,9871,0.1158950460946206,0.4582109208793435
N.13 Simpang Jeram,age,40-49,BN,7777,0.08229394368008229,0.46316060177446317
N.13 Simpang Jeram,age,50-59,BN,5646,0.0416223875309954,0.5687212185618137
N.13 Simpang Jeram,age,60-69,BN,4557,0.037744129910028526,0.673908272986614
N.13 Simpang Jeram,age,70+,BN,3587,0.01031502648452746,0.5522720936715919
N.13 Simpang Jeram,age,18-29,PH,10537,0.158773844547784,0.33472525386732466
N.13 Simpang Jeram,age,30-39,PH,9871,0.08276770337351838,0.4497011447675008
N.13 Simpang Jeram,age,40-49,PH,7777,0.09978140671209978,0.5152372380095153
N.13 Simpang Jeram,age,50-59,PH,5646,0.08519305703152674,0.6346085724406659
N.13 Simpang Jeram,age,60-69,PH,4557,0.054860653938994954,0.6991441737985516
N.13 Simpang Jeram,age,70+,PH,3587,0.03875104544187343,0.5648173961527739
N.13 Simpang Jeram,age,18-29,PN,10537,0.04337097845686628,0.13039764638891524
N.13 Simpang Jeram,age,30-39,PN,9871,0.013575119035558707,0.1879242224698612
N.13 Simpang Jeram,age,40-49,PN,7777,0.017230294458017232,0.2155072650122155
N.13 Simpang Jeram,age,50-59,PN,5646,0.0038965639390719092,0.2865745660644704
N.13 Simpang Jeram,age,60-69,PN,4557,0.007022163704191354,0.23304805793285055
N.13 Simpang Jeram,age,70+,PN,3587,0.0,0.1508224142737664
N.14 Bukit Naning,ethnicity,Malay,turnout,13812,0.7038082826527657,0.8545467709238344
N.14 Bukit Naning,ethnicity,Chinese,turnout,7938,0.5609725371630133,0.8168304358780549
N.14 Bukit Naning,ethnicity,Indian,turnout,198,0.0,1.0
N.14 Bukit Naning,ethnicity,Other,turnout,127,0.0,1.0
N.14 Bukit Naning,ethnicity,Malay,BN,13812,0.46597161888213146,0.6121488560671879
N.14 Bukit Naning,ethnicity,Chinese,BN,7938,0.021038044847568656,0.2651801461325271
N.14 Bukit Naning,ethnicity,Indian,BN,198,0.0,1.0
N.14 Bukit Naning,ethnicity,Other,BN,127,0.0,1.0
N.14 Bukit Naning,ethnicity,Malay,PH,13812,0.04756733275412685,0.1733275412684622
N.14 Bukit Naning,ethnicity,Chinese,PH,7938,0.3488284202569917,0.5676492819349962
N.14 Bukit Naning,ethnicity,Indian,PH,198,0.0,1.0
N.14 Bukit Naning,ethnicity,Other,PH,127,0.0,1.0
N.14 Bukit Naning,ethnicity,Malay,PN,13812,0.07355922386330727,0.1231537793223284
N.14 Bukit Naning,ethnicity,Chinese,PN,7938,0.0,0.07722348198538674
N.14 Bukit Naning,ethnicity,Indian,PN,198,0.0,0.7222222222222222
N.14 Bukit Naning,ethnicity,Other,PN,127,0.0,0.9921259842519685
N.14 Bukit Naning,age,18-29,turnout,4722,0.6103346039813639,0.8515459551037696
N.14 Bukit Naning,age,30-39,turnout,4482,0.4573850959393128,0.9096385542168675
N.14 Bukit Naning,age,40-49,turnout,4002,0.48500749625187406,0.9837581209395302
N.14 Bukit Naning,age,50-59,turnout,3656,0.5599015317286652,0.9860503282275711
N.14 Bukit Naning,age,60-69,turnout,2997,0.5458792125458792,0.9763096429763096
N.14 Bukit Naning,age,70+,turnout,2216,0.4693140794223827,0.8898916967509025
N.14 Bukit Naning,age,18-29,BN,4722,0.318297331639136,0.541719610334604
N.14 Bukit Naning,age,30-39,BN,4482,0.19031682284694332,0.5961624274877287
N.14 Bukit Naning,age,40-49,BN,4002,0.10669665167416292,0.5972013993003499
N.14 Bukit Naning,age,50-59,BN,3656,0.11487964989059081,0.649343544857768
N.14 Bukit Naning,age,60-69,BN,2997,0.060393727060393726,0.6910243576910243
N.14 Bukit Naning,age,70+,BN,2216,0.1164259927797834,0.6259025270758123
N.14 Bukit Naning,age,18-29,PH,4722,0.10313426514188903,0.28801355357899194
N.14 Bukit Naning,age,30-39,PH,4482,0.01896474788041053,0.3891120035698349
N.14 Bukit Naning,age,40-49,PH,4002,0.046476761619190406,0.45752123938030986
N.14 Bukit Naning,age,50-59,PH,3656,0.14113785557986872,0.5268052516411379
N.14 Bukit Naning,age,60-69,PH,2997,0.1558224891558225,0.49215882549215884
N.14 Bukit Naning,age,70+,PH,2216,0.1259025270758123,0.3871841155234657
N.14 Bukit Naning,age,18-29,PN,4722,0.044472681067344345,0.14400677678949597
N.14 Bukit Naning,age,30-39,PN,4482,0.004462293618920125,0.18741633199464525
N.14 Bukit Naning,age,40-49,PN,4002,0.0,0.21389305347326337
N.14 Bukit Naning,age,50-59,PN,3656,0.0,0.2215536105032823
N.14 Bukit Naning,age,60-69,PN,2997,0.0,0.17183850517183852
N.14 Bukit Naning,age,70+,PN,2216,0.0,0.11823104693140794
N.15 Maharani,ethnicity,Malay,turnout,24227,0.48652330044991127,0.9227721137573781
N.15 Maharani,ethnicity,Chinese,turnout,13964,0.22908908622171298,0.98696648524778
N.15 Maharani,ethnicity,Indian,turnout,832,0.0,1.0
N.15 Maharani,ethnicity,Other,turnout,393,0.0,1.0
N.15 Maharani,ethnicity,Malay,BN,24227,0.09869154249391175,0.4178396004457836
N.15 Maharani,ethnicity,Chinese,BN,13964,0.0,0.5377399026067029
N.15 Maharani,ethnicity,Indian,BN,832,0.0,0.9927884615384616
N.15 Maharani,ethnicity,Other,BN,393,0.0,1.0
N.15 Maharani,ethnicity,Malay,PH,24227,0.0027242332934329467,0.33070541131795106
N.15 Maharani,ethnicity,Chinese,PH,13964,0.0017903179604697795,0.5759094815239186
N.15 Maharani,ethnicity,Indian,PH,832,0.0,1.0
N.15 Maharani,ethnicity,Other,PH,393,0.0,1.0
N.15 Maharani,ethnicity,Malay,PN,24227,0.02670574152804722,0.22499690428034838
N.15 Maharani,ethnicity,Chinese,PN,13964,0.0,0.3390862217129762
N.15 Maharani,ethnicity,Indian,PN,832,0.0,0.9110576923076923
N.15 Maharani,ethnicity,Other,PN,393,0.0,1.0
N.15 Maharani,age,18-29,turnout,9083,0.5314323461411428,0.7889463833535175
N.15 Maharani,age,30-39,turnout,8562,0.3917309039943938,0.8597290352721326
N.15 Maharani,age,40-49,turnout,7083,0.42806720316250174,0.9035719327968375
N.15 Maharani,age,50-59,turnout,5472,0.4903143274853801,0.962171052631579
N.15 Maharani,age,60-69,turnout,4857,0.40292361540045296,0.9697344039530574
N.15 Maharani,age,70+,turnout,4359,0.3723331039229181,0.8501949988529479
N.15 Maharani,age,18-29,BN,9083,0.16855664428052405,0.3666189584938897
N.15 Maharani,age,30-39,BN,8562,0.1117729502452698,0.4625087596355992
N.15 Maharani,age,40-49,BN,7083,0.07383876888324156,0.43427926020048
N.15 Maharani,age,50-59,BN,5472,0.043859649122807015,0.47404970760233917
N.15 Maharani,age,60-69,BN,4857,0.04632489190858555,0.5964587193740992
N.15 Maharani,age,70+,BN,4359,0.016517549896765314,0.42853865565496674
N.15 Maharani,age,18-29,PH,9083,0.07816800616536386,0.24232081911262798
N.15 Maharani,age,30-39,PH,8562,0.060266292922214436,0.36416725064237326
N.15 Maharani,age,40-49,PH,7083,0.049978822532825075,0.4174784695750388
N.15 Maharani,age,50-59,PH,5472,0.034173976608187134,0.4769736842105263
N.15 Maharani,age,60-69,PH,4857,0.032736256948733784,0.5688696726374305
N.15 Maharani,age,70+,PH,4359,0.0146822665749025,0.41293874741913283
N.15 Maharani,age,18-29,PN,9083,0.068479577232192,0.18980513046350325
N.15 Maharani,age,30-39,PN,8562,0.05407615043214202,0.2887175893482831
N.15 Maharani,age,40-49,PN,7083,0.03797825780036708,0.30001411831145
N.15 Maharani,age,50-59,PN,5472,0.019371345029239765,0.3205409356725146
N.15 Maharani,age,60-69,PN,4857,0.006176652254478073,0.3388923203623636
N.15 Maharani,age,70+,PN,4359,0.0,0.20233998623537508
N.16 Sungai Balang,ethnicity,Malay,turnout,22902,0.643786568858615,0.8910138852501965
N.16 Sungai Balang,ethnicity,Chinese,turnout,7798,0.28212362144139524,0.9844832008207233
N.16 Sungai Balang,ethnicity,Indian,turnout,50,0.0,1.0
N.16 Sungai Balang,ethnicity,Other,turnout,265,0.0,1.0
N.16 Sungai Balang,ethnicity,Malay,BN,22902,0.35512182342153525,0.5971967513754257
N.16 Sungai Balang,ethnicity,Chinese,BN,7798,0.0,0.6783790715568094
N.16 Sungai Balang,ethnicity,Indian,BN,50,0.0,1.0
N.16 Sungai Balang,ethnicity,Other,BN,265,0.0,1.0
N.16 Sungai Balang,ethnicity,Malay,PH,22902,0.0054580385992489735,0.2042616365382936
N.16 Sungai Balang,ethnicity,Chinese,PH,7798,0.029879456270838677,0.6118235444985893
N.16 Sungai Balang,ethnicity,Indian,PH,50,0.0,1.0
N.16 Sungai Balang,ethnicity,Other,PH,265,0.0,1.0
N.16 Sungai Balang,ethnicity,Malay,PN,22902,0.047681425203039036,0.17107676185485984
N.16 Sungai Balang,ethnicity,Chinese,PN,7798,0.0,0.34803795845088487
N.16 Sungai Balang,ethnicity,Indian,PN,50,0.0,1.0
N.16 Sungai Balang,ethnicity,Other,PN,265,0.0,1.0
N.16 Sungai Balang,age,18-29,turnout,7053,0.5583439671061959,0.922444349922019
N.16 Sungai Balang,age,30-39,turnout,6706,0.3441694005368327,0.9575007456009543
N.16 Sungai Balang,age,40-49,turnout,5806,0.40923182914226663,0.9636582845332414
N.16 Sungai Balang,age,50-59,turnout,4408,0.3945099818511797,0.9984119782214156
N.16 Sungai Balang,age,60-69,turnout,3749,0.3488930381435049,0.9685249399839957
N.16 Sungai Balang,age,70+,turnout,3293,0.35347707257819616,0.9632553902216824
N.16 Sungai Balang,age,18-29,BN,7053,0.24585282858358146,0.694314476109457
N.16 Sungai Balang,age,30-39,BN,6706,0.07933194154488518,0.8374589919475097
N.16 Sungai Balang,age,40-49,BN,5806,0.057009989665862904,0.7886668963141578
N.16 Sungai Balang,age,50-59,BN,4408,0.05263157894736842,0.846415607985481
N.16 Sungai Balang,age,60-69,BN,3749,0.04481194985329421,0.8612963456921846
N.16 Sungai Balang,age,70+,BN,3293,0.019738839963559063,0.8077740662010325
N.16 Sungai Balang,age,18-29,PH,7053,0.04125903870693322,0.21863037005529562
N.16 Sungai Balang,age,30-39,PH,6706,0.01521025946913212,0.3489412466447957
N.16 Sungai Balang,age,40-49,PH,5806,0.026007578367206338,0.3541164312779883
N.16 Sungai Balang,age,50-59,PH,4408,0.014972776769509982,0.426043557168784
N.16 Sungai Balang,age,60-69,PH,3749,0.05121365697519339,0.4651907175246732
N.16 Sungai Balang,age,70+,PH,3293,0.022775584573337383,0.41178256908593985
N.16 Sungai Balang,age,18-29,PN,7053,0.020842194810718844,0.22217496100949952
N.16 Sungai Balang,age,30-39,PN,6706,0.008798091261556815,0.35833581866984787
N.16 Sungai Balang,age,40-49,PN,5806,0.012917671374440234,0.3532552531863589
N.16 Sungai Balang,age,50-59,PN,4408,0.0,0.3981397459165154
N.16 Sungai Balang,age,60-69,PN,3749,0.010136036276340358,0.34409175780208057
N.16 Sungai Balang,age,70+,PN,3293,0.0,0.26358943212875796
N.17 Semerah,ethnicity,Malay,turnout,35700,0.6986274509803921,0.8352100840336134
N.17 Semerah,ethnicity,Chinese,turnout,11050,0.4072398190045249,0.8295022624434389
N.17 Semerah,ethnicity,Indian,turnout,239,0.0,1.0
N.17 Semerah,ethnicity,Other,turnout,427,0.0,1.0
N.17 Semerah,ethnicity,Malay,BN,35700,0.4987955182072829,0.633921568627451
N.17 Semerah,ethnicity,Chinese,BN,11050,0.013936651583710408,0.41773755656108597
N.17 Semerah,ethnicity,Indian,BN,239,0.0,1.0
N.17 Semerah,ethnicity,Other,BN,427,0.0,1.0
N.17 Semerah,ethnicity,Malay,PH,35700,0.010588235294117647,0.13028011204481793
N.17 Semerah,ethnicity,Chinese,PH,11050,0.2416289592760181,0.6192760180995475
N.17 Semerah,ethnicity,Indian,PH,239,0.0,1.0
N.17 Semerah,ethnicity,Other,PH,427,0.0,1.0
N.17 Semerah,ethnicity,Malay,PN,35700,0.03252100840336134,0.10781512605042017
N.17 Semerah,ethnicity,Chinese,PN,11050,0.00045248868778280545,0.21502262443438913
N.17 Semerah,ethnicity,Indian,PN,239,0.0,0.8870292887029289
N.17 Semerah,ethnicity,Other,PN,427,0.0,1.0
N.17 Semerah,age,18-29,turnout,10136,0.5735990528808208,0.8870363062352012
N.17 Semerah,age,30-39,turnout,9375,0.4208,0.9269333333333334
N.17 Semerah,age,40-49,turnout,7749,0.3867595818815331,0.9881275003226223
N.17 Semerah,age,50-59,turnout,7239,0.3981212874706451,0.9991711562370493
N.17 Semerah,age,60-69,turnout,6884,0.4610691458454387,0.9828588030214991
N.17 Semerah,age,70+,turnout,6033,0.3994695839549146,0.8683905188131941
N.17 Semerah,age,18-29,BN,10136,0.3742107340173639,0.7599644830307813
N.17 Semerah,age,30-39,BN,9375,0.21418666666666666,0.8212266666666667
N.17 Semerah,age,40-49,BN,7749,0.14208284939992258,0.8536585365853658
N.17 Semerah,age,50-59,BN,7239,0.10180964221577565,0.8099184970299765
N.17 Semerah,age,60-69,BN,6884,0.09340499709471238,0.7518884369552585
N.17 Semerah,age,70+,BN,6033,0.07061163600198907,0.5995358859605503
N.17 Semerah,age,18-29,PH,10136,0.028216258879242305,0.18005130228887134
N.17 Semerah,age,30-39,PH,9375,0.005653333333333333,0.24288
N.17 Semerah,age,40-49,PH,7749,0.0,0.3526906697638405
N.17 Semerah,age,50-59,PH,7239,0.016438734631855228,0.4503384445365382
N.17 Semerah,age,60-69,PH,6884,0.08294596165020338,0.4676060429982568
N.17 Semerah,age,70+,PH,6033,0.09530913310127631,0.3676446212497928
N.17 Semerah,age,18-29,PN,10136,0.022987371744277823,0.14127861089187055
N.17 Semerah,age,30-39,PN,9375,0.011946666666666666,0.21365333333333333
N.17 Semerah,age,40-49,PN,7749,0.0001290489095367144,0.2507420312298361
N.17 Semerah,age,50-59,PN,7239,0.0,0.28083989501312334
N.17 Semerah,age,60-69,PN,6884,0.0020337013364323067,0.2014816966879721
N.17 Semerah,age,70+,PN,6033,0.0,0.1331012763136085
N.18 Sri Medan,ethnicity,Malay,turnout,30469,0.7565722537661229,0.8519478814532804
N.18 Sri Medan,ethnicity,Chinese,turnout,2755,0.1397459165154265,1.0
N.18 Sri Medan,ethnicity,Indian,turnout,92,0.0,1.0
N.18 Sri Medan,ethnicity,Other,turnout,526,0.0,1.0
N.18 Sri Medan,ethnicity,Malay,BN,30469,0.5415340181824149,0.6502346647412124
N.18 Sri Medan,ethnicity,Chinese,BN,2755,0.0,0.9833030852994555
N.18 Sri Medan,ethnicity,Indian,BN,92,0.0,1.0
N.18 Sri Medan,ethnicity,Other,BN,526,0.0,1.0
N.18 Sri Medan,ethnicity,Malay,PH,30469,0.006531228461715186,0.07197479405297187
N.18 Sri Medan,ethnicity,Chinese,PH,2755,0.0,0.6283121597096188
N.18 Sri Medan,ethnicity,Indian,PH,92,0.0,1.0
N.18 Sri Medan,ethnicity,Other,PH,526,0.0,0.9239543726235742
N.18 Sri Medan,ethnicity,Malay,PN,30469,0.0880895336243395,0.13846860743706718
N.18 Sri Medan,ethnicity,Chinese,PN,2755,0.0,0.42722323049001815
N.18 Sri Medan,ethnicity,Indian,PN,92,0.0,1.0
N.18 Sri Medan,ethnicity,Other,PN,526,0.0,1.0
N.18 Sri Medan,age,18-29,turnout,8235,0.6822100789313904,0.917304189435337
N.18 Sri Medan,age,30-39,turnout,7512,0.48056443024494144,0.9566027689030884
N.18 Sri Medan,age,40-49,turnout,5978,0.528270324523252,0.9913014386082302
N.18 Sri Medan,age,50-59,turnout,5019,0.5180314803745766,1.0
N.18 Sri Medan,age,60-69,turnout,4089,0.5150403521643434,1.0
N.18 Sri Medan,age,70+,turnout,3009,0.4420073113991359,0.998670654702559
N.18 Sri Medan,age,18-29,BN,8235,0.4817243472981178,0.7853066180935033
N.18 Sri Medan,age,30-39,BN,7512,0.2712992545260916,0.8720713525026624
N.18 Sri Medan,age,40-49,BN,5978,0.17430578788892606,0.9175309468049515
N.18 Sri Medan,age,50-59,BN,5019,0.15979278740785016,0.9460051803148037
N.18 Sri Medan,age,60-69,BN,4089,0.15774027879677183,0.9660063585228662
N.18 Sri Medan,age,70+,BN,3009,0.10302426055167829,0.9082751744765702
N.18 Sri Medan,age,18-29,PH,8235,0.011050394656952034,0.08476017000607164
N.18 Sri Medan,age,30-39,PH,7512,0.003993610223642172,0.14563365282215124
N.18 Sri Medan,age,40-49,PH,5978,0.0,0.15038474406155905
N.18 Sri Medan,age,50-59,PH,5019,0.0,0.2261406654712094
N.18 Sri Medan,age,60-69,PH,4089,0.0,0.23893372462704818
N.18 Sri Medan,age,70+,PH,3009,0.0,0.20604852110335659
N.18 Sri Medan,age,18-29,PN,8235,0.03230115361262902,0.17316332726168793
N.18 Sri Medan,age,30-39,PN,7512,0.007987220447284345,0.2932641107561235
N.18 Sri Medan,age,40-49,PN,5978,0.005520240883238541,0.34626965540314486
N.18 Sri Medan,age,50-59,PN,5019,0.0,0.3945008965929468
N.18 Sri Medan,age,60-69,PN,4089,0.0,0.2709708975299584
N.18 Sri Medan,age,70+,PN,3009,0.0,0.2445995347291459
N.19 Yong Peng,ethnicity,Malay,turnout,11948,0.394961499832608,0.9441747572815534
N.19 Yong Peng,ethnicity,Chinese,turnout,19312,0.4717792046396023,0.8579639602319801
N.19 Yong Peng,ethnicity,Indian,turnout,2325,0.0,1.0
N.19 Yong Peng,ethnicity,Other,turnout,393,0.0,1.0
N.19 Yong Peng,ethnicity,Malay,BN,11948,0.28883495145631066,0.8757114161365919
N.19 Yong Peng,ethnicity,Chinese,BN,19312,0.08637116818558409,0.47726801988400996
N.19 Yong Peng,ethnicity,Indian,BN,2325,0.0,1.0
N.19 Yong Peng,ethnicity,Other,BN,393,0.0,1.0
N.19 Yong Peng,ethnicity,Malay,PH,11948,0.0,0.4162202879142953
N.19 Yong Peng,ethnicity,Chinese,PH,19312,0.15575807787903895,0.4615782932891466
N.19 Yong Peng,ethnicity,Indian,PH,2325,0.0,0.9113978494623656
N.19 Yong Peng,ethnicity,Other,PH,393,0.0,0.9923664122137404
N.19 Yong Peng,ethnicity,Malay,PN,11948,0.0,0.0
N.19 Yong Peng,ethnicity,Chinese,PN,19312,0.0,0.0
N.19 Yong Peng,ethnicity,Indian,PN,2325,0.0,0.0
N.19 Yong Peng,ethnicity,Other,PN,393,0.0,0.0
N.19 Yong Peng,age,18-29,turnout,7686,0.439240176945095,0.7788186312776477
N.19 Yong Peng,age,30-39,turnout,7198,0.3025840511253126,0.8656571269797166
N.19 Yong Peng,age,40-49,turnout,6008,0.28445406125166445,0.941577896138482
N.19 Yong Peng,age,50-59,turnout,5174,0.42288364901430225,0.9715887127947429
N.19 Yong Peng,age,60-69,turnout,4343,0.39603960396039606,0.9956251439097398
N.19 Yong Peng,age,70+,turnout,3569,0.3838610254973382,0.8851218828803586
N.19 Yong Peng,age,18-29,BN,7686,0.26099401509237574,0.5809263596148843
N.19 Yong Peng,age,30-39,BN,7198,0.12378438455126424,0.6686579605445957
N.19 Yong Peng,age,40-49,BN,6008,0.07789613848202397,0.7022303595206392
N.19 Yong Peng,age,50-59,BN,5174,0.11229223038268264,0.688828759180518
N.19 Yong Peng,age,60-69,BN,4343,0.05710338475708036,0.770435183053189
N.19 Yong Peng,age,70+,BN,3569,0.07593163351078734,0.6469599327542729
N.19 Yong Peng,age,18-29,PH,7686,0.1092896174863388,0.34712464220660944
N.19 Yong Peng,age,30-39,PH,7198,0.053903862183939985,0.4377604890247291
N.19 Yong Peng,age,40-49,PH,6008,0.029793608521970705,0.5301264980026631
N.19 Yong Peng,age,50-59,PH,5174,0.0833011209895632,0.6115191341321995
N.19 Yong Peng,age,60-69,PH,4343,0.058945429426663594,0.6721160488141837
N.19 Yong Peng,age,70+,PH,3569,0.10282992434855702,0.5715886803026058
N.19 Yong Peng,age,18-29,PN,7686,0.0,0.0
N.19 Yong Peng,age,30-39,PN,7198,0.0,0.0
N.19 Yong Peng,age,40-49,PN,6008,0.0,0.0
N.19 Yong Peng,age,50-59,PN,5174,0.0,0.0
N.19 Yong Peng,age,60-69,PN,4343,0.0,0.0
N.19 Yong Peng,age,70+,PN,3569,0.0,0.0
N.20 Semarang,ethnicity,Malay,turnout,24793,0.7477513814383092,0.8483442907272214
N.20 Semarang,ethnicity,Chinese,turnout,3459,0.29459381324082107,0.9352413992483377
N.20 Semarang,ethnicity,Indian,turnout,203,0.0,1.0
N.20 Semarang,ethnicity,Other,turnout,282,0.0,1.0
N.20 Semarang,ethnicity,Malay,BN,24793,0.577703384019683,0.6830960351712176
N.20 Semarang,ethnicity,Chinese,BN,3459,0.05839838103498121,0.7077189939288812
N.20 Semarang,ethnicity,Indian,BN,203,0.0,1.0
N.20 Semarang,ethnicity,Other,BN,282,0.0,1.0
N.20 Semarang,ethnicity,Malay,PH,24793,0.014842899205420885,0.07982091719436937
N.20 Semarang,ethnicity,Chinese,PH,3459,0.05348366579936398,0.4807747904018502
N.20 Semarang,ethnicity,Indian,PH,203,0.0,1.0
N.20 Semarang,ethnicity,Other,PH,282,0.0,0.9893617021276596
N.20 Semarang,ethnicity,Malay,PN,24793,0.06009760819586173,0.10704634372605171
N.20 Semarang,ethnicity,Chinese,PN,3459,0.0,0.2740676496097138
N.20 Semarang,ethnicity,Indian,PN,203,0.0,1.0
N.20 Semarang,ethnicity,Other,PN,282,0.0,1.0
N.20 Semarang,age,18-29,turnout,7164,0.6550809603573423,0.8943327749860414
N.20 Semarang,age,30-39,turnout,6171,0.48614487117160915,0.9687246799546265
N.20 Semarang,age,40-49,turnout,5249,0.494760906839398,0.9710421032577634
N.20 Semarang,age,50-59,turnout,4298,0.46300604932526757,0.9797580269892974
N.20 Semarang,age,60-69,turnout,3399,0.5522212415416299,0.9873492203589291
N.20 Semarang,age,70+,turnout,2456,0.46539087947882735,0.9771986970684039
N.20 Semarang,age,18-29,BN,7164,0.4454215522054718,0.7984366275823562
N.20 Semarang,age,30-39,BN,6171,0.24615135310322475,0.8658240155566359
N.20 Semarang,age,40-49,BN,5249,0.25071442179462755,0.885502000381025
N.20 Semarang,age,50-59,BN,4298,0.18357375523499303,0.932759422987436
N.20 Semarang,age,60-69,BN,3399,0.22418358340688438,0.9340982641953516
N.20 Semarang,age,70+,BN,2456,0.1469869706840391,0.8721498371335505
N.20 Semarang,age,18-29,PH,7164,0.013260748185371301,0.0993858179787828
N.20 Semarang,age,30-39,PH,6171,0.0,0.16285853184248905
N.20 Semarang,age,40-49,PH,5249,0.006477424271289769,0.1910840160030482
N.20 Semarang,age,50-59,PH,4298,0.005583992554676594,0.2403443462075384
N.20 Semarang,age,60-69,PH,3399,0.00617828773168579,0.22153574580759047
N.20 Semarang,age,70+,PH,2456,0.0,0.20561889250814333
N.20 Semarang,age,18-29,PN,7164,0.023310999441652706,0.15298715801228363
N.20 Semarang,age,30-39,PN,6171,0.0,0.24307243558580457
N.20 Semarang,age,40-49,PN,5249,0.014097923413983617,0.25185749666603163
N.20 Semarang,age,50-59,PN,4298,0.00860865518845975,0.29874360167519776
N.20 Semarang,age,60-69,PN,3399,0.005001471020888497,0.19093851132686085
N.20 Semarang,age,70+,PN,2456,0.0,0.1991042345276873
N.21 Parit Yaani,ethnicity,Malay,turnout,24695,0.5581696699736789,0.9481676452723223
N.21 Parit Yaani,ethnicity,Chinese,turnout,19138,0.39121120284251226,0.8913157069704253
N.21 Parit Yaani,ethnicity,Indian,turnout,395,0.0,1.0
N.21 Parit Yaani,ethnicity,Other,turnout,496,0.0,1.0
N.21 Parit Yaani,ethnicity,Malay,BN,24695,0.3156914355132618,0.776513464264021
N.21 Parit Yaani,ethnicity,Chinese,BN,19138,0.0036053924130003134,0.5744069390740935
N.21 Parit Yaani,ethnicity,Indian,BN,395,0.0,1.0
N.21 Parit Yaani,ethnicity,Other,BN,496,0.0,1.0
N.21 Parit Yaani,ethnicity,Malay,PH,24695,0.009637578457177566,0.36274549503948167
N.21 Parit Yaani,ethnicity,Chinese,PH,19138,0.14698505590970842,0.61040861114014
N.21 Parit Yaani,ethnicity,Indian,PH,395,0.0,1.0
N.21 Parit Yaani,ethnicity,Other,PH,496,0.0,1.0
N.21 Parit Yaani,ethnicity,Malay,PN,24695,0.0,0.0
N.21 Parit Yaani,ethnicity,Chinese,PN,19138,0.0,0.0
N.21 Parit Yaani,ethnicity,Indian,PN,395,0.0,0.0
N.21 Parit Yaani,ethnicity,Other,PN,496,0.0,0.0
N.21 Parit Yaani,age,18-29,turnout,12516,0.5851709811441355,0.7539948865452221
N.21 Parit Yaani,age,30-39,turnout,10553,0.4777788306642661,0.8484791054676395
N.21 Parit Yaani,age,40-49,turnout,7731,0.46720993403181993,0.9101021860043979
N.21 Parit Yaani,age,50-59,turnout,6004,0.5521319120586275,0.935709526982012
N.21 Parit Yaani,age,60-69,turnout,4761,0.4824616677168662,0.9955891619407687
N.21 Parit Yaani,age,70+,turnout,3159,0.356758467869579,0.9490345045900601
N.21 Parit Yaani,age,18-29,BN,12516,0.3574624480664749,0.544263342921061
N.21 Parit Yaani,age,30-39,BN,10553,0.20070122240121294,0.6055150194257557
N.21 Parit Yaani,age,40-49,BN,7731,0.15909972836631742,0.6715819428275773
N.21 Parit Yaani,age,50-59,BN,6004,0.18304463690872752,0.6858760826115923
N.21 Parit Yaani,age,60-69,BN,4761,0.09997899600924176,0.7538332283133795
N.21 Parit Yaani,age,70+,BN,3159,0.07470718581829693,0.746122190566635
N.21 Parit Yaani,age,18-29,PH,12516,0.16690635985938,0.2887503994886545
N.21 Parit Yaani,age,30-39,PH,10553,0.10650999715720648,0.3954325784137212
N.21 Parit Yaani,age,40-49,PH,7731,0.13128961324537575,0.5117061182253266
N.21 Parit Yaani,age,50-59,PH,6004,0.15223184543637575,0.5466355762824784
N.21 Parit Yaani,age,60-69,PH,4761,0.08821676118462508,0.571518588531821
N.21 Parit Yaani,age,70+,PH,3159,0.013295346628679962,0.5359290914846471
N.21 Parit Yaani,age,18-29,PN,12516,0.0,0.0
N.21 Parit Yaani,age,30-39,PN,10553,0.0,0.0
N.21 Parit Yaani,age,40-49,PN,7731,0.0,0.0
N.21 Parit Yaani,age,50-59,PN,6004,0.0,0.0
N.21 Parit Yaani,age,60-69,PN,4761,0.0,0.0
N.21 Parit Yaani,age,70+,PN,3159,0.0,0.0
N.22 Parit Raja,ethnicity,Malay,turnout,28501,0.671274692116066,0.8726711343461633
N.22 Parit Raja,ethnicity,Chinese,turnout,8605,0.3355026147588611,0.9696687972109239
N.22 Parit Raja,ethnicity,Indian,turnout,641,0.0109204368174727,1.0
N.22 Parit Raja,ethnicity,Other,turnout,325,0.0,1.0
N.22 Parit Raja,ethnicity,Malay,BN,28501,0.4694221255394548,0.6780463843373916
N.22 Parit Raja,ethnicity,Chinese,BN,8605,0.0006972690296339338,0.6333527019174898
N.22 Parit Raja,ethnicity,Indian,BN,641,0.0,1.0
N.22 Parit Raja,ethnicity,Other,BN,325,0.0,1.0
N.22 Parit Raja,ethnicity,Malay,PH,28501,0.016420476474509667,0.18999333356724327
N.22 Parit Raja,ethnicity,Chinese,PH,8605,0.058803021499128416,0.6347472399767577
N.22 Parit Raja,ethnicity,Indian,PH,641,0.0,0.8985959438377535
N.22 Parit Raja,ethnicity,Other,PH,325,0.0,1.0
N.22 Parit Raja,ethnicity,Malay,PN,28501,0.023893898459703168,0.090031928704256
N.22 Parit Raja,ethnicity,Chinese,PN,8605,0.0,0.20185938407902382
N.22 Parit Raja,ethnicity,Indian,PN,641,0.0,0.6536661466458659
N.22 Parit Raja,ethnicity,Other,PN,325,0.0,1.0
N.22 Parit Raja,age,18-29,turnout,10314,0.6126624006205158,0.8504944735311227
N.22 Parit Raja,age,30-39,turnout,8204,0.4568503169185763,0.9106533398342272
N.22 Parit Raja,age,40-49,turnout,6094,0.473908762717427,0.9732523793895635
N.22 Parit Raja,age,50-59,turnout,5476,0.5454711468224982,0.9817384952520087
N.22 Parit Raja,age,60-69,turnout,4685,0.5434364994663821,0.968623265741729
N.22 Parit Raja,age,70+,turnout,3299,0.41315550166717185,0.9284631706577751
N.22 Parit Raja,age,18-29,BN,10314,0.4274772154353306,0.7045763040527439
N.22 Parit Raja,age,30-39,BN,8204,0.23695758166747927,0.7436616284739151
N.22 Parit Raja,age,40-49,BN,6094,0.16508040695766327,0.7968493600262553
N.22 Parit Raja,age,50-59,BN,5476,0.18535427319211104,0.8184806428049671
N.22 Parit Raja,age,60-69,BN,4685,0.2087513340448239,0.8006403415154749
N.22 Parit Raja,age,70+,BN,3299,0.0988178235829039,0.7165807820551683
N.22 Parit Raja,age,18-29,PH,10314,0.0650572038006593,0.18741516385495444
N.22 Parit Raja,age,30-39,PH,8204,0.035592393954168695,0.27267186738176497
N.22 Parit Raja,age,40-49,PH,6094,0.004430587463078438,0.36396455530029537
N.22 Parit Raja,age,50-59,PH,5476,0.03049671292914536,0.40430971512052594
N.22 Parit Raja,age,60-69,PH,4685,0.07577374599786553,0.41302027748132336
N.22 Parit Raja,age,70+,PH,3299,0.06062443164595332,0.4007274931797514
N.22 Parit Raja,age,18-29,PN,10314,0.03441923598991662,0.10955982160170642
N.22 Parit Raja,age,30-39,PN,8204,0.014383227693807898,0.16479765967820575
N.22 Parit Raja,age,40-49,PN,6094,0.0,0.20676074827699376
N.22 Parit Raja,age,50-59,PN,5476,0.007852447041636231,0.20452885317750183
N.22 Parit Raja,age,60-69,PN,4685,0.007897545357524013,0.12102454642475988
N.22 Parit Raja,age,70+,PN,3299,0.0,0.10306153379812064
N.23 Penggaram,ethnicity,Malay,turnout,25279,0.21915423869615094,0.986510542347403
N.23 Penggaram,ethnicity,Chinese,turnout,42409,0.41378009384800396,0.893796128180339
N.23 Penggaram,ethnicity,Indian,turnout,1525,0.0,1.0
N.23 Penggaram,ethnicity,Other,turnout,558,0.0,1.0
N.23 Penggaram,ethnicity,Malay,BN,25279,0.057913683294434116,0.7645476482455793
N.23 Penggaram,ethnicity,Chinese,BN,42409,0.007852106864109034,0.4319366172274753
N.23 Penggaram,ethnicity,Indian,BN,1525,0.0,1.0
N.23 Penggaram,ethnicity,Other,BN,558,0.0,1.0
N.23 Penggaram,ethnicity,Malay,PH,25279,0.00047470232208552554,0.6751849361129791
N.23 Penggaram,ethnicity,Chinese,PH,42409,0.14433257091655075,0.5684642410809027
N.23 Penggaram,ethnicity,Indian,PH,1525,0.0,1.0
N.23 Penggaram,ethnicity,Other,PH,558,0.0,1.0
N.23 Penggaram,ethnicity,Malay,PN,25279,0.0,0.0
N.23 Penggaram,ethnicity,Chinese,PN,42409,0.0,0.0
N.23 Penggaram,ethnicity,Indian,PN,1525,0.0,0.0
N.23 Penggaram,ethnicity,Other,PN,558,0.0,0.0
N.23 Penggaram,age,18-29,turnout,13993,0.4670906882012435,0.7352962195383406
N.23 Penggaram,age,30-39,turnout,15304,0.3566387872451647,0.8041035023523262
N.23 Penggaram,age,40-49,turnout,12769,0.366825906492286,0.86670843448978
N.23 Penggaram,age,50-59,turnout,10229,0.45986899990223873,0.9547365333854727
N.23 Penggaram,age,60-69,turnout,9194,0.4750924515988688,0.9493147705025017
N.23 Penggaram,age,70+,turnout,8282,0.4029219995170249,0.7876116879980681
N.23 Penggaram,age,18-29,BN,13993,0.19895662116772672,0.42392624883870506
N.23 Penggaram,age,30-39,BN,15304,0.13369053842132775,0.4897412441191845
N.23 Penggaram,age,40-49,BN,12769,0.10885738898895764,0.5152322029916203
N.23 Penggaram,age,50-59,BN,10229,0.0543552644442272,0.504741421448822
N.23 Penggaram,age,60-69,BN,9194,0.07396127909506199,0.533717641940396
N.23 Penggaram,age,70+,BN,8282,0.045158174354020766,0.39374547210818645
N.23 Penggaram,age,18-29,PH,13993,0.17580218680768955,0.40405917244336453
N.23 Penggaram,age,30-39,PH,15304,0.11454521693674856,0.5080371144798745
N.23 Penggaram,age,40-49,PH,12769,0.1143394157725742,0.5929203539823009
N.23 Penggaram,age,50-59,PH,10229,0.1363769674454981,0.6964512660084075
N.23 Penggaram,age,60-69,PH,9194,0.16934957581031107,0.7427670219708505
N.23 Penggaram,age,70+,PH,8282,0.14404733156242452,0.5540932141994688
N.23 Penggaram,age,18-29,PN,13993,0.0,0.0
N.23 Penggaram,age,30-39,PN,15304,0.0,0.0
N.23 Penggaram,age,40-49,PN,12769,0.0,0.0
N.23 Penggaram,age,50-59,PN,10229,0.0,0.0
N.23 Penggaram,age,60-69,PN,9194,0.0,0.0
N.23 Penggaram,age,70+,PN,8282,0.0,0.0
N.24 Senggarang,ethnicity,Malay,turnout,23251,0.5485785557610425,0.9483893165885339
N.24 Senggarang,ethnicity,Chinese,turnout,13484,0.329798279442302,0.9899881340848413
N.24 Senggarang,ethnicity,Indian,turnout,254,0.0,1.0
N.24 Senggarang,ethnicity,Other,turnout,999,0.0,1.0
N.24 Senggarang,ethnicity,Malay,BN,23251,0.26570900176336504,0.6931744871188336
N.24 Senggarang,ethnicity,Chinese,BN,13484,0.0005932957579353308,0.6925244734500148
N.24 Senggarang,ethnicity,Indian,BN,254,0.0,1.0
N.24 Senggarang,ethnicity,Other,BN,999,0.0,1.0
N.24 Senggarang,ethnicity,Malay,PH,23251,0.00847275386004903,0.36333921121672186
N.24 Senggarang,ethnicity,Chinese,PH,13484,0.01987540789083358,0.6300059329575793
N.24 Senggarang,ethnicity,Indian,PH,254,0.0,1.0
N.24 Senggarang,ethnicity,Other,PH,999,0.0,1.0
N.24 Senggarang,ethnicity,Malay,PN,23251,0.002150445142144424,0.08292116468108898
N.24 Senggarang,ethnicity,Chinese,PN,13484,0.0,0.13630970038564225
N.24 Senggarang,ethnicity,Indian,PN,254,0.0,0.952755905511811
N.24 Senggarang,ethnicity,Other,PN,999,0.0,0.8448448448448449
N.24 Senggarang,age,18-29,turnout,9144,0.573928258967629,0.8218503937007874
N.24 Senggarang,age,30-39,turnout,8226,0.42961342086068566,0.9057865305130075
N.24 Senggarang,age,40-49,turnout,6648,0.47623345367027675,0.9359205776173285
N.24 Senggarang,age,50-59,turnout,5603,0.4961627699446725,0.9898268784579689
N.24 Senggarang,age,60-69,turnout,4626,0.4275832252485949,1.0
N.24 Senggarang,age,70+,turnout,3741,0.37583533814488107,0.9534883720930233
N.24 Senggarang,age,18-29,BN,9144,0.30818022747156604,0.6079396325459318
N.24 Senggarang,age,30-39,BN,8226,0.16800389010454655,0.7203987357160224
N.24 Senggarang,age,40-49,BN,6648,0.13808664259927797,0.7248796630565584
N.24 Senggarang,age,50-59,BN,5603,0.08781010173121542,0.7683383901481349
N.24 Senggarang,age,60-69,BN,4626,0.06830955469087764,0.7872892347600519
N.24 Senggarang,age,70+,BN,3741,0.05533279871692061,0.6369954557604919
N.24 Senggarang,age,18-29,PH,9144,0.10673665791776028,0.2807305336832896
N.24 Senggarang,age,30-39,PH,8226,0.050449793338195964,0.39448091417456843
N.24 Senggarang,age,40-49,PH,6648,0.06046931407942238,0.44584837545126355
N.24 Senggarang,age,50-59,PH,5603,0.05193646260931644,0.5809387827949313
N.24 Senggarang,age,60-69,PH,4626,0.020319930825767402,0.6279723303069606
N.24 Senggarang,age,70+,PH,3741,0.007217321571772253,0.49665864742047583
N.24 Senggarang,age,18-29,PN,9144,0.02241907261592301,0.08737970253718286
N.24 Senggarang,age,30-39,PN,8226,0.007658643326039387,0.13287138341842938
N.24 Senggarang,age,40-49,PN,6648,0.009175691937424789,0.1365824308062575
N.24 Senggarang,age,50-59,PN,5603,0.0,0.15884347670890595
N.24 Senggarang,age,60-69,PN,4626,0.0,0.11240812797233031
N.24 Senggarang,age,70+,PN,3741,0.0,0.08019246190858059
N.25 Rengit,ethnicity,Malay,turnout,22220,0.6831683168316832,0.8954995499549955
N.25 Rengit,ethnicity,Chinese,turnout,4581,0.09146474568871425,0.9960707269155207
N.25 Rengit,ethnicity,Indian,turnout,57,0.0,1.0
N.25 Rengit,ethnicity,Other,turnout,732,0.0,1.0
N.25 Rengit,ethnicity,Malay,BN,22220,0.43870387038703873,0.658010801080108
N.25 Rengit,ethnicity,Chinese,BN,4581,0.0,0.9013315869897403
N.25 Rengit,ethnicity,Indian,BN,57,0.0,1.0
N.25 Rengit,ethnicity,Other,BN,732,0.0,1.0
N.25 Rengit,ethnicity,Malay,PH,22220,0.016966696669666968,0.17884788478847885
N.25 Rengit,ethnicity,Chinese,PH,4581,0.0,0.7507094520846976
N.25 Rengit,ethnicity,Indian,PH,57,0.0,1.0
N.25 Rengit,ethnicity,Other,PH,732,0.0,1.0
N.25 Rengit,ethnicity,Malay,PN,22220,0.0051755175517551755,0.07637263726372637
N.25 Rengit,ethnicity,Chinese,PN,4581,0.0,0.32591137306265006
N.25 Rengit,ethnicity,Indian,PN,57,0.0,1.0
N.25 Rengit,ethnicity,Other,PN,732,0.0,0.7390710382513661
N.25 Rengit,age,18-29,turnout,6230,0.6221508828250402,0.8873194221508828
N.25 Rengit,age,30-39,turnout,6086,0.4884981925731186,0.9605652316792639
N.25 Rengit,age,40-49,turnout,5043,0.4578623835018838,0.9577632361689471
N.25 Rengit,age,50-59,turnout,3867,0.5151280062063616,0.9816395138350142
N.25 Rengit,age,60-69,turnout,3284,0.506394640682095,0.9792935444579781
N.25 Rengit,age,70+,turnout,3080,0.48409090909090907,0.8987012987012987
N.25 Rengit,age,18-29,BN,6230,0.42343499197431783,0.7337078651685394
N.25 Rengit,age,30-39,BN,6086,0.27127834373973053,0.8207361156753205
N.25 Rengit,age,40-49,BN,5043,0.18441403926234384,0.8492960539361492
N.25 Rengit,age,50-59,BN,3867,0.17532971295577968,0.8438065683992759
N.25 Rengit,age,60-69,BN,3284,0.27649208282582216,0.8806333739342266
N.25 Rengit,age,70+,BN,3080,0.19253246753246753,0.6490259740259741
N.25 Rengit,age,18-29,PH,6230,0.04012841091492777,0.19823434991974317
N.25 Rengit,age,30-39,PH,6086,0.00032862306933946765,0.2842589549786395
N.25 Rengit,age,40-49,PH,5043,0.021019234582589728,0.33829069998017053
N.25 Rengit,age,50-59,PH,3867,0.012929919834497027,0.37677786397724333
N.25 Rengit,age,60-69,PH,3284,0.028014616321559074,0.4269183922046285
N.25 Rengit,age,70+,PH,3080,0.0003246753246753247,0.2831168831168831
N.25 Rengit,age,18-29,PN,6230,0.012199036918138041,0.10722311396468699
N.25 Rengit,age,30-39,PN,6086,0.0,0.16266841932303647
N.25 Rengit,age,40-49,PN,5043,0.008328375966686495,0.18798334324806662
N.25 Rengit,age,50-59,PN,3867,0.0,0.18877682958365657
N.25 Rengit,age,60-69,PN,3284,0.0,0.14129110840438489
N.25 Rengit,age,70+,PN,3080,0.0,0.08441558441558442
N.26 Machap,ethnicity,Malay,turnout,23201,0.6070859014697643,0.9090556441532692
N.26 Machap,ethnicity,Chinese,turnout,9499,0.27855563743551953,0.9723128750394778
N.26 Machap,ethnicity,Indian,turnout,1895,0.0,1.0
N.26 Machap,ethnicity,Other,turnout,583,0.0,1.0
N.26 Machap,ethnicity,Malay,BN,23201,0.4791603810180596,0.83349855609672
N.26 Machap,ethnicity,Chinese,BN,9499,0.029160964312032845,0.7913464575218444
N.26 Machap,ethnicity,Indian,BN,1895,0.0,1.0
N.26 Machap,ethnicity,Other,BN,583,0.0,1.0
N.26 Machap,ethnicity,Malay,PH,23201,0.004180854273522693,0.19550881427524675
N.26 Machap,ethnicity,Chinese,PH,9499,0.02695020528476682,0.4928939888409306
N.26 Machap,ethnicity,Indian,PH,1895,0.0,0.995778364116095
N.26 Machap,ethnicity,Other,PH,583,0.0,0.8473413379073756
N.26 Machap,ethnicity,Malay,PN,23201,0.0,0.0
N.26 Machap,ethnicity,Chinese,PN,9499,0.0,0.0
N.26 Machap,ethnicity,Indian,PN,1895,0.0,0.0
N.26 Machap,ethnicity,Other,PN,583,0.0,0.0
N.26 Machap,age,18-29,turnout,8679,0.6085954603064869,0.796981219034451
N.26 Machap,age,30-39,turnout,8240,0.5012135922330098,0.8898058252427185
N.26 Machap,age,40-49,turnout,6152,0.44749674902470743,0.9401820546163849
N.26 Machap,age,50-59,turnout,5019,0.46921697549312613,0.9567642956764296
N.26 Machap,age,60-69,turnout,4126,0.5021812893843917,0.9859428017450315
N.26 Machap,age,70+,turnout,2962,0.42910195813639435,0.9108710330857529
N.26 Machap,age,18-29,BN,8679,0.4991358451434497,0.7125244843876023
N.26 Machap,age,30-39,BN,8240,0.35254854368932037,0.7811893203883495
N.26 Machap,age,40-49,BN,6152,0.26788036410923277,0.8224967490247074
N.26 Machap,age,50-59,BN,5019,0.28412034269774855,0.8684997011356844
N.26 Machap,age,60-69,BN,4126,0.19510421715947648,0.8645176926805623
N.26 Machap,age,70+,BN,2962,0.16441593517893316,0.7913571910871033
N.26 Machap,age,18-29,PH,8679,0.06106694319622076,0.14633022237584975
N.26 Machap,age,30-39,PH,8240,0.025728155339805825,0.2188106796116505
N.26 Machap,age,40-49,PH,6152,0.030721716514954485,0.29128738621586475
N.26 Machap,age,50-59,PH,5019,0.048216776250249054,0.3763697947798366
N.26 Machap,age,60-69,PH,4126,0.03999030538051381,0.3887542413960252
N.26 Machap,age,70+,PH,2962,0.028696826468602294,0.3585415259959487
N.26 Machap,age,18-29,PN,8679,0.0,0.0
N.26 Machap,age,30-39,PN,8240,0.0,0.0
N.26 Machap,age,40-49,PN,6152,0.0,0.0
N.26 Machap,age,50-59,PN,5019,0.0,0.0
N.26 Machap,age,60-69,PN,4126,0.0,0.0
N.26 Machap,age,70+,PN,2962,0.0,0.0
N.27 Layang-Layang,ethnicity,Malay,turnout,13764,0.519180470793374,0.8947253705318221
N.27 Layang-Layang,ethnicity,Chinese,turnout,7114,0.3105144784931122,0.9370255833567613
N.27 Layang-Layang,ethnicity,Indian,turnout,3103,0.0412504028359652,1.0
N.27 Layang-Layang,ethnicity,Other,turnout,548,0.0,1.0
N.27 Layang-Layang,ethnicity,Malay,BN,13764,0.3437954083115373,0.7269689043882592
N.27 Layang-Layang,ethnicity,Chinese,BN,7114,0.037672195670508855,0.6610908068597132
N.27 Layang-Layang,ethnicity,Indian,BN,3103,0.0016113438607798904,0.9635836287463745
N.27 Layang-Layang,ethnicity,Other,BN,548,0.0,1.0
N.27 Layang-Layang,ethnicity,Malay,PH,13764,0.0,0.21708805579773321
N.27 Layang-Layang,ethnicity,Chinese,PH,7114,0.028254146752881643,0.47441664323868427
N.27 Layang-Layang,ethnicity,Indian,PH,3103,0.0,0.6925555913631969
N.27 Layang-Layang,ethnicity,Other,PH,548,0.0,0.9744525547445255
N.27 Layang-Layang,ethnicity,Malay,PN,13764,0.026009880848590527,0.13484452194129615
N.27 Layang-Layang,ethnicity,Chinese,PN,7114,0.0,0.1305875737981445
N.27 Layang-Layang,ethnicity,Indian,PN,3103,0.0,0.31711247180148244
N.27 Layang-Layang,ethnicity,Other,PN,548,0.0,0.9817518248175182
N.27 Layang-Layang,age,18-29,turnout,5035,0.5040714995034756,0.8355511420059583
N.27 Layang-Layang,age,30-39,turnout,5256,0.398972602739726,0.843607305936073
N.27 Layang-Layang,age,40-49,turnout,4356,0.39646464646464646,0.9054178145087236
N.27 Layang-Layang,age,50-59,turnout,3731,0.36746180648619675,0.9648887697668186
N.27 Layang-Layang,age,60-69,turnout,3295,0.3174506828528073,1.0
N.27 Layang-Layang,age,70+,turnout,2856,0.3238795518207283,0.8792016806722689
N.27 Layang-Layang,age,18-29,BN,5035,0.3106256206554121,0.6907646474677259
N.27 Layang-Layang,age,30-39,BN,5256,0.2117579908675799,0.725076103500761
N.27 Layang-Layang,age,40-49,BN,4356,0.15312213039485767,0.7261248852157943
N.27 Layang-Layang,age,50-59,BN,3731,0.08603591530420798,0.7812918788528544
N.27 Layang-Layang,age,60-69,BN,3295,0.019423368740515933,0.8867981790591806
N.27 Layang-Layang,age,70+,BN,2856,0.0584733893557423,0.6950280112044818
N.27 Layang-Layang,age,18-29,PH,5035,0.04568023833167825,0.19344587884806355
N.27 Layang-Layang,age,30-39,PH,5256,0.05422374429223744,0.2671232876712329
N.27 Layang-Layang,age,40-49,PH,4356,0.030303030303030304,0.31267217630853994
N.27 Layang-Layang,age,50-59,PH,3731,0.025998391852050388,0.42053068882337175
N.27 Layang-Layang,age,60-69,PH,3295,0.0,0.4273141122913505
N.27 Layang-Layang,age,70+,PH,2856,0.018207282913165267,0.38235294117647056
N.27 Layang-Layang,age,18-29,PN,5035,0.03555114200595829,0.14756703078450845
N.27 Layang-Layang,age,30-39,PN,5256,0.027968036529680364,0.1950152207001522
N.27 Layang-Layang,age,40-49,PN,4356,0.0,0.20156106519742883
N.27 Layang-Layang,age,50-59,PN,3731,0.0,0.2305012061109622
N.27 Layang-Layang,age,60-69,PN,3295,0.0,0.18300455235204857
N.27 Layang-Layang,age,70+,PN,2856,0.0,0.117296918767507
N.28 Mengkibol,ethnicity,Malay,turnout,20728,0.15312620609803165,0.9712948668467773
N.28 Mengkibol,ethnicity,Chinese,turnout,38247,0.40763981488744216,0.8928020498339739
N.28 Mengkibol,ethnicity,Indian,turnout,8798,0.04819277108433735,1.0
N.28 Mengkibol,ethnicity,Other,turnout,649,0.0,1.0
N.28 Mengkibol,ethnicity,Malay,BN,20728,0.06469509841759938,0.841036279428792
N.28 Mengkibol,ethnicity,Chinese,BN,38247,0.012654587287891862,0.42102648573744345
N.28 Mengkibol,ethnicity,Indian,BN,8798,0.0,0.906456012730166
N.28 Mengkibol,ethnicity,Other,BN,649,0.0,1.0
N.28 Mengkibol,ethnicity,Malay,PH,20728,0.0,0.6703010420686993
N.28 Mengkibol,ethnicity,Chinese,PH,38247,0.18903443407326065,0.6130676915836536
N.28 Mengkibol,ethnicity,Indian,PH,8798,0.0,0.8684928392816549
N.28 Mengkibol,ethnicity,Other,PH,649,0.0,0.9614791987673343
N.28 Mengkibol,ethnicity,Malay,PN,20728,0.0,0.0
N.28 Mengkibol,ethnicity,Chinese,PN,38247,0.0,0.0
N.28 Mengkibol,ethnicity,Indian,PN,8798,0.0,0.0
N.28 Mengkibol,ethnicity,Other,PN,649,0.0,0.0
N.28 Mengkibol,age,18-29,turnout,14753,0.43814817325289773,0.7117874330644615
N.28 Mengkibol,age,30-39,turnout,14023,0.33944234471938955,0.7869214861299294
N.28 Mengkibol,age,40-49,turnout,11899,0.35414740734515504,0.8441045466005547
N.28 Mengkibol,age,50-59,turnout,10070,0.4278053624627607,0.936643495531281
N.28 Mengkibol,age,60-69,turnout,9123,0.4716650224706785,0.9577989696371807
N.28 Mengkibol,age,70+,turnout,8554,0.4796586392331073,0.8241758241758241
N.28 Mengkibol,age,18-29,BN,14753,0.2314105605639531,0.4585508032264624
N.28 Mengkibol,age,30-39,BN,14023,0.12030236040790131,0.48292091563859374
N.28 Mengkibol,age,40-49,BN,11899,0.12421211866543407,0.49836120682410284
N.28 Mengkibol,age,50-59,BN,10070,0.057100297914597815,0.5161866931479643
N.28 Mengkibol,age,60-69,BN,9123,0.07530417625780993,0.47846103255508055
N.28 Mengkibol,age,70+,BN,8554,0.038227729717091416,0.3111994388590133
N.28 Mengkibol,age,18-29,PH,14753,0.16525452450349082,0.37863485392801466
N.28 Mengkibol,age,30-39,PH,14023,0.09898024673750268,0.4505455323397276
N.28 Mengkibol,age,40-49,PH,11899,0.10841247163627196,0.5550046222371627
N.28 Mengkibol,age,50-59,PH,10070,0.1451837140019861,0.7049652432969216
N.28 Mengkibol,age,60-69,PH,9123,0.20201688041214513,0.7692644963279623
N.28 Mengkibol,age,70+,PH,8554,0.24783726911386486,0.6073182137011924
N.28 Mengkibol,age,18-29,PN,14753,0.0,0.0
N.28 Mengkibol,age,30-39,PN,14023,0.0,0.0
N.28 Mengkibol,age,40-49,PN,11899,0.0,0.0
N.28 Mengkibol,age,50-59,PN,10070,0.0,0.0
N.28 Mengkibol,age,60-69,PN,9123,0.0,0.0
N.28 Mengkibol,age,70+,PN,8554,0.0,0.0
N.29 Mahkota,ethnicity,Malay,turnout,33257,0.41651381664010584,0.8884144691343175
N.29 Mahkota,ethnicity,Chinese,turnout,22613,0.28262503869455624,0.9648874541193119
N.29 Mahkota,ethnicity,Indian,turnout,5117,0.0035176861442251317,1.0
N.29 Mahkota,ethnicity,Other,turnout,1405,0.0,1.0
N.29 Mahkota,ethnicity,Malay,BN,33257,0.28418077397239677,0.7519018552485192
N.29 Mahkota,ethnicity,Chinese,BN,22613,0.0019900057489054966,0.5870074735771459
N.29 Mahkota,ethnicity,Indian,BN,5117,0.0,0.9968731678717999
N.29 Mahkota,ethnicity,Other,BN,1405,0.0,1.0
N.29 Mahkota,ethnicity,Malay,PH,33257,0.00237543975704363,0.33839492437682295
N.29 Mahkota,ethnicity,Chinese,PH,22613,0.05403971167027816,0.5711758722858533
N.29 Mahkota,ethnicity,Indian,PH,5117,0.0,0.9505569669728356
N.29 Mahkota,ethnicity,Other,PH,1405,0.0,0.7138790035587189
N.29 Mahkota,ethnicity,Malay,PN,33257,0.0,0.0
N.29 Mahkota,ethnicity,Chinese,PN,22613,0.0,0.0
N.29 Mahkota,ethnicity,Indian,PN,5117,0.0,0.0
N.29 Mahkota,ethnicity,Other,PN,1405,0.0,0.0
N.29 Mahkota,age,18-29,turnout,14287,0.5064044236018759,0.7047665710086092
N.29 Mahkota,age,30-39,turnout,13973,0.38538610176769483,0.7743505331711157
N.29 Mahkota,age,40-49,turnout,11693,0.399469768237407,0.8692380056444027
N.29 Mahkota,age,50-59,turnout,8909,0.4387697833651364,0.9281625322707374
N.29 Mahkota,age,60-69,turnout,7445,0.5081262592343855,0.9403626595030221
N.29 Mahkota,age,70+,turnout,6085,0.46244864420706655,0.8654067378800329
N.29 Mahkota,age,18-29,BN,14287,0.3288304052635263,0.5288724014838665
N.29 Mahkota,age,30-39,BN,13973,0.2109783153224075,0.5927860874543763
N.29 Mahkota,age,40-49,BN,11693,0.1665098777046096,0.6448302403147183
N.29 Mahkota,age,50-59,BN,8909,0.1444606577618139,0.6870580312044
N.29 Mahkota,age,60-69,BN,7445,0.17165883143049027,0.6754869039623909
N.29 Mahkota,age,70+,BN,6085,0.10550534100246507,0.5646672144617912
N.29 Mahkota,age,18-29,PH,14287,0.1304682578567929,0.2302092811646952
N.29 Mahkota,age,30-39,PH,13973,0.07865168539325842,0.2844056394475059
N.29 Mahkota,age,40-49,PH,11693,0.06439750277944069,0.3541435046609082
N.29 Mahkota,age,50-59,PH,8909,0.094623414524638,0.4873723201257156
N.29 Mahkota,age,60-69,PH,7445,0.13834788448623236,0.49603760913364675
N.29 Mahkota,age,70+,PH,6085,0.12111750205423172,0.4101889893179951
N.29 Mahkota,age,18-29,PN,14287,0.0,0.0
N.29 Mahkota,age,30-39,PN,13973,0.0,0.0
N.29 Mahkota,age,40-49,PN,11693,0.0,0.0
N.29 Mahkota,age,50-59,PN,8909,0.0,0.0
N.29 Mahkota,age,60-69,PN,7445,0.0,0.0
N.29 Mahkota,age,70+,PN,6085,0.0,0.0
N.30 Paloh,ethnicity,Malay,turnout,11947,0.5067380932451662,0.9125303423453587
N.30 Paloh,ethnicity,Chinese,turnout,8858,0.3715285617520885,0.8446601941747572
N.30 Paloh,ethnicity,Indian,turnout,3901,0.022814662906946937,1.0
N.30 Paloh,ethnicity,Other,turnout,677,0.23042836041358936,1.0
N.30 Paloh,ethnicity,Malay,BN,11947,0.356658575374571,0.8166903825228091
N.30 Paloh,ethnicity,Chinese,BN,8858,0.025400767667645065,0.49548430797019644
N.30 Paloh,ethnicity,Indian,BN,3901,0.0,0.9287362214816713
N.30 Paloh,ethnicity,Other,BN,677,0.15805022156573117,0.9689807976366323
N.30 Paloh,ethnicity,Malay,PH,11947,0.005022181300744957,0.2329455093328869
N.30 Paloh,ethnicity,Chinese,PH,8858,0.13185820727026418,0.5254007676676451
N.30 Paloh,ethnicity,Indian,PH,3901,0.0,0.7026403486285567
N.30 Paloh,ethnicity,Other,PH,677,0.0,0.5465288035450517
N.30 Paloh,ethnicity,Malay,PN,11947,0.010797689796601657,0.04712480120532351
N.30 Paloh,ethnicity,Chinese,PN,8858,0.0,0.041092797471212465
N.30 Paloh,ethnicity,Indian,PN,3901,0.0,0.10356318892591643
N.30 Paloh,ethnicity,Other,PN,677,0.0,0.42836041358936483
N.30 Paloh,age,18-29,turnout,4706,0.4198895027624309,0.8412664683382916
N.30 Paloh,age,30-39,turnout,5212,0.29547198772064465,0.9117421335379893
N.30 Paloh,age,40-49,turnout,5047,0.3568456508817119,0.9042995839112344
N.30 Paloh,age,50-59,turnout,3812,0.35257082896117525,0.9614375655823715
N.30 Paloh,age,60-69,turnout,3411,0.28202873057754324,0.9824098504837291
N.30 Paloh,age,70+,turnout,3195,0.3568075117370892,0.9082942097026604
N.30 Paloh,age,18-29,BN,4706,0.26944326391840207,0.6712707182320442
N.30 Paloh,age,30-39,BN,5212,0.1398695318495779,0.7442440521872602
N.30 Paloh,age,40-49,BN,5047,0.13195957994848426,0.7259758272240935
N.30 Paloh,age,50-59,BN,3812,0.09338929695697797,0.7867261280167891
N.30 Paloh,age,60-69,BN,3411,0.03605980650835532,0.7895045441219584
N.30 Paloh,age,70+,BN,3195,0.11205007824726135,0.6876369327073553
N.30 Paloh,age,18-29,PH,4706,0.03548661283467913,0.27156821079473015
N.30 Paloh,age,30-39,PH,5212,0.02858787413660783,0.3543745203376823
N.30 Paloh,age,40-49,PH,5047,0.04794927679809788,0.39726570239746384
N.30 Paloh,age,50-59,PH,3812,0.06558237145855195,0.5241343126967472
N.30 Paloh,age,60-69,PH,3411,0.056288478452066845,0.5344473761360304
N.30 Paloh,age,70+,PH,3195,0.07230046948356808,0.4444444444444444
N.30 Paloh,age,18-29,PN,4706,0.005099872503187421,0.05694857628559286
N.30 Paloh,age,30-39,PN,5212,0.0,0.06772831926323868
N.30 Paloh,age,40-49,PN,5047,0.008321775312066574,0.0760848028531801
N.30 Paloh,age,50-59,PN,3812,0.0,0.07974816369359916
N.30 Paloh,age,60-69,PN,3411,0.0,0.06361770741717972
N.30 Paloh,age,70+,PN,3195,0.0,0.03912363067292645
N.31 Kahang,ethnicity,Malay,turnout,22119,0.7266151272661513,0.8310502283105022
N.31 Kahang,ethnicity,Chinese,turnout,5935,0.39477674810446506,0.6195450716090986
N.31 Kahang,ethnicity,Indian,turnout,806,0.0,1.0
N.31 Kahang,ethnicity,Other,turnout,942,0.19745222929936307,0.935244161358811
N.31 Kahang,ethnicity,Malay,BN,22119,0.5471314254713142,0.6536461865364619
N.31 Kahang,ethnicity,Chinese,BN,5935,0.04532434709351306,0.254759898904802
N.31 Kahang,ethnicity,Indian,BN,806,0.0,1.0
N.31 Kahang,ethnicity,Other,BN,942,0.16454352441613587,0.9023354564755839
N.31 Kahang,ethnicity,Malay,PH,22119,0.011935440119354402,0.0694425606944256
N.31 Kahang,ethnicity,Chinese,PH,5935,0.24835720303285594,0.43892165122156696
N.31 Kahang,ethnicity,Indian,PH,806,0.0,0.8808933002481389
N.31 Kahang,ethnicity,Other,PH,942,0.0,0.5042462845010616
N.31 Kahang,ethnicity,Malay,PN,22119,0.06695601066956011,0.12315204123152042
N.31 Kahang,ethnicity,Chinese,PN,5935,0.0,0.10817186183656276
N.31 Kahang,ethnicity,Indian,PN,806,0.0,0.794044665012407
N.31 Kahang,ethnicity,Other,PN,942,0.0,0.589171974522293
N.31 Kahang,age,18-29,turnout,6071,0.5686048426947784,0.8137044967880086
N.31 Kahang,age,30-39,turnout,7484,0.4706039551042223,0.8546231961517905
N.31 Kahang,age,40-49,turnout,6533,0.5144650237257002,0.9335680391856728
N.31 Kahang,age,50-59,turnout,3284,0.39707673568818513,0.9272228989037758
N.31 Kahang,age,60-69,turnout,3521,0.5950014200511219,0.9349616586197103
N.31 Kahang,age,70+,turnout,2909,0.5634238569955311,0.8738398074939842
N.31 Kahang,age,18-29,BN,6071,0.3828034920112008,0.6415746993905452
N.31 Kahang,age,30-39,BN,7484,0.3015766969535008,0.700026723677178
N.31 Kahang,age,40-49,BN,6533,0.3191489361702128,0.7570794428287158
N.31 Kahang,age,50-59,BN,3284,0.11967113276492083,0.688489646772229
N.31 Kahang,age,60-69,BN,3521,0.27548991763703495,0.7318943481965351
N.31 Kahang,age,70+,BN,2909,0.29254039188724645,0.6871777243038845
N.31 Kahang,age,18-29,PH,6071,0.016636468456596935,0.12798550485916652
N.31 Kahang,age,30-39,PH,7484,0.013361838588989846,0.17878140032068413
N.31 Kahang,age,40-49,PH,6533,0.009031073013929282,0.21031685290065819
N.31 Kahang,age,50-59,PH,3284,0.012789281364190013,0.32917174177831915
N.31 Kahang,age,60-69,PH,3521,0.0786708321499574,0.2715137744958819
N.31 Kahang,age,70+,PH,2909,0.08215881746304572,0.2392574767961499
N.31 Kahang,age,18-29,PN,6071,0.047932795256135724,0.14132762312633834
N.31 Kahang,age,30-39,PN,7484,0.041555318011758414,0.19294494922501337
N.31 Kahang,age,40-49,PN,6533,0.02586866676871269,0.2046532986376856
N.31 Kahang,age,50-59,PN,3284,0.0033495736906211937,0.26370280146163216
N.31 Kahang,age,60-69,PN,3521,0.0,0.16813405282590174
N.31 Kahang,age,70+,PN,2909,0.0,0.11344104503265727
N.32 Endau,ethnicity,Malay,turnout,23037,0.5686938403437948,0.7537005686504319
N.32 Endau,ethnicity,Chinese,turnout,3865,0.10323415265200517,0.983699870633894
N.32 Endau,ethnicity,Indian,turnout,191,0.0,1.0
N.32 Endau,ethnicity,Other,turnout,1639,0.34960341671751066,0.8438071995118975
N.32 Endau,ethnicity,Malay,BN,23037,0.2500759647523549,0.394973303815601
N.32 Endau,ethnicity,Chinese,BN,3865,0.0,0.6489003880983183
N.32 Endau,ethnicity,Indian,BN,191,0.0,1.0
N.32 Endau,ethnicity,Other,BN,1639,0.15070164734594266,0.6449054301403294
N.32 Endau,ethnicity,Malay,PH,23037,0.010938924339106655,0.10791335677388549
N.32 Endau,ethnicity,Chinese,PH,3865,0.0,0.5265200517464425
N.32 Endau,ethnicity,Indian,PH,191,0.0,0.9685863874345549
N.32 Endau,ethnicity,Other,PH,1639,0.019524100061012812,0.2849298352654057
N.32 Endau,ethnicity,Malay,PN,23037,0.13456613274297868,0.2562399618005817
N.32 Endau,ethnicity,Chinese,PN,3865,0.0,0.5578266494178525
N.32 Endau,ethnicity,Indian,PN,191,0.0,1.0
N.32 Endau,ethnicity,Other,PN,1639,0.0,0.3910921293471629
N.32 Endau,age,18-29,turnout,6974,0.3306567249784915,0.835818755377115
N.32 Endau,age,30-39,turnout,6925,0.22931407942238266,0.9149458483754512
N.32 Endau,age,40-49,turnout,5142,0.20964605211979775,0.9366005445352004
N.32 Endau,age,50-59,turnout,3951,0.31991900784611493,0.9562136168058719
N.32 Endau,age,60-69,turnout,3353,0.30032806441992244,0.9487026543393976
N.32 Endau,age,70+,turnout,2387,0.1449518223711772,0.9208211143695014
N.32 Endau,age,18-29,BN,6974,0.1240321193002581,0.583452824777746
N.32 Endau,age,30-39,BN,6925,0.04953068592057762,0.6463537906137184
N.32 Endau,age,40-49,BN,5142,0.052119797744068455,0.7168416958381952
N.32 Endau,age,50-59,BN,3951,0.06276891926094659,0.715261958997722
N.32 Endau,age,60-69,BN,3353,0.06203399940351924,0.7438115120787354
N.32 Endau,age,70+,BN,2387,0.012149141181399247,0.7628822790113112
N.32 Endau,age,18-29,PH,6974,0.03125896185833094,0.1453971895612274
N.32 Endau,age,30-39,PH,6925,0.012129963898916967,0.16808664259927797
N.32 Endau,age,40-49,PH,5142,0.010307273434461299,0.27110073901205756
N.32 Endau,age,50-59,PH,3951,0.0010124019235636548,0.2556314856998228
N.32 Endau,age,60-69,PH,3353,0.03459588428273188,0.2881002087682672
N.32 Endau,age,70+,PH,2387,0.0,0.2999581064097193
N.32 Endau,age,18-29,PN,6974,0.07499283051333525,0.42228276455405794
N.32 Endau,age,30-39,PN,6925,0.011552346570397111,0.4785559566787004
N.32 Endau,age,40-49,PN,5142,0.022753792298716453,0.6056009334889149
N.32 Endau,age,50-59,PN,3951,0.019741837509491267,0.5186028853454822
N.32 Endau,age,60-69,PN,3353,0.012526096033402923,0.49448255293766774
N.32 Endau,age,70+,PN,2387,0.0,0.5379136992040218
N.33 Tenggaroh,ethnicity,Malay,turnout,31162,0.6222642962582633,0.73278351838778
N.33 Tenggaroh,ethnicity,Chinese,turnout,4974,0.2147165259348613,0.7531162042621633
N.33 Tenggaroh,ethnicity,Indian,turnout,526,0.0,1.0
N.33 Tenggaroh,ethnicity,Other,turnout,541,0.0,1.0
N.33 Tenggaroh,ethnicity,Malay,BN,31162,0.46213336756305756,0.5594955394390604
N.33 Tenggaroh,ethnicity,Chinese,BN,4974,0.03297145154804986,0.4997989545637314
N.33 Tenggaroh,ethnicity,Indian,BN,526,0.0,1.0
N.33 Tenggaroh,ethnicity,Other,BN,541,0.0,1.0
N.33 Tenggaroh,ethnicity,Malay,PH,31162,0.007412874655028561,0.06138887106090751
N.33 Tenggaroh,ethnicity,Chinese,PH,4974,0.09489344591877764,0.39123441897868916
N.33 Tenggaroh,ethnicity,Indian,PH,526,0.0,0.9980988593155894
N.33 Tenggaroh,ethnicity,Other,PH,541,0.0,0.7097966728280961
N.33 Tenggaroh,ethnicity,Malay,PN,31162,0.06376355817983441,0.11899107887812078
N.33 Tenggaroh,ethnicity,Chinese,PN,4974,0.0,0.2372336147969441
N.33 Tenggaroh,ethnicity,Indian,PN,526,0.0,0.8726235741444867
N.33 Tenggaroh,ethnicity,Other,PN,541,0.0,0.9833641404805915
N.33 Tenggaroh,age,18-29,turnout,7367,0.44210669200488667,0.7957106013302565
N.33 Tenggaroh,age,30-39,turnout,9499,0.3949889462048637,0.8388251394883672
N.33 Tenggaroh,age,40-49,turnout,9052,0.43714096332302255,0.846442775077331
N.33 Tenggaroh,age,50-59,turnout,3414,0.22759226713532513,0.9929701230228472
N.33 Tenggaroh,age,60-69,turnout,4144,0.3969594594594595,0.9652509652509652
N.33 Tenggaroh,age,70+,turnout,3727,0.4148108398175476,0.9339951703783204
N.33 Tenggaroh,age,18-29,BN,7367,0.288177005565359,0.64354554092575
N.33 Tenggaroh,age,30-39,BN,9499,0.244867880829561,0.7114433098220866
N.33 Tenggaroh,age,40-49,BN,9052,0.276623950508175,0.6879142730888201
N.33 Tenggaroh,age,50-59,BN,3414,0.04686584651435267,0.7803163444639719
N.33 Tenggaroh,age,60-69,BN,4144,0.21911196911196912,0.8228764478764479
N.33 Tenggaroh,age,70+,BN,3727,0.2591896968070834,0.750737858867722
N.33 Tenggaroh,age,18-29,PH,7367,0.014252748744400705,0.11103569974209312
N.33 Tenggaroh,age,30-39,PH,9499,0.01610695862722392,0.12359195704811032
N.33 Tenggaroh,age,40-49,PH,9052,0.006076005302695537,0.12461334511710119
N.33 Tenggaroh,age,50-59,PH,3414,0.0,0.3254247217340363
N.33 Tenggaroh,age,60-69,PH,4144,0.013754826254826255,0.22924710424710426
N.33 Tenggaroh,age,70+,PH,3727,0.0005366246310705661,0.20982023074859135
N.33 Tenggaroh,age,18-29,PN,7367,0.03434233745079408,0.17537667978824487
N.33 Tenggaroh,age,30-39,PN,9499,0.050531634908937785,0.23412990841141174
N.33 Tenggaroh,age,40-49,PN,9052,0.044631020768890854,0.21939902783915158
N.33 Tenggaroh,age,50-59,PN,3414,0.0,0.30785002929115407
N.33 Tenggaroh,age,60-69,PN,4144,0.0,0.18894787644787644
N.33 Tenggaroh,age,70+,PN,3727,0.0,0.14971827206868796
N.34 Panti,ethnicity,Malay,turnout,31841,0.6451744606011117,0.8620960396972457
N.34 Panti,ethnicity,Chinese,turnout,5703,0.10713659477467999,1.0
N.34 Panti,ethnicity,Indian,turnout,2305,0.0,1.0
N.34 Panti,ethnicity,Other,turnout,1110,0.0,1.0
N.34 Panti,ethnicity,Malay,BN,31841,0.4875160956000126,0.7002920762538865
N.34 Panti,ethnicity,Chinese,BN,5703,0.0,0.8146589514290724
N.34 Panti,ethnicity,Indian,BN,2305,0.0,1.0
N.34 Panti,ethnicity,Other,BN,1110,0.0,1.0
N.34 Panti,ethnicity,Malay,PH,31841,0.0039257561006249804,0.11494613862629942
N.34 Panti,ethnicity,Chinese,PH,5703,0.0,0.5556724530948624
N.34 Panti,ethnicity,Indian,PH,2305,0.0,0.9449023861171366
N.34 Panti,ethnicity,Other,PH,1110,0.0,0.7387387387387387
N.34 Panti,ethnicity,Malay,PN,31841,0.027448886655569864,0.09472064319587953
N.34 Panti,ethnicity,Chinese,PN,5703,0.0,0.2382956338769069
N.34 Panti,ethnicity,Indian,PN,2305,0.0,0.6572668112798264
N.34 Panti,ethnicity,Other,PN,1110,0.0,0.8594594594594595
N.34 Panti,age,18-29,turnout,11239,0.5917786279918142,0.804608950974286
N.34 Panti,age,30-39,turnout,9433,0.4451394042192304,0.8612318456482562
N.34 Panti,age,40-49,turnout,8330,0.5069627851140456,0.9021608643457383
N.34 Panti,age,50-59,turnout,5600,0.47125,0.9942857142857143
N.34 Panti,age,60-69,turnout,3431,0.383853104051297,0.9912561935295832
N.34 Panti,age,70+,turnout,2926,0.40874914559125086,0.9675324675324676
N.34 Panti,age,18-29,BN,11239,0.43740546311949463,0.6692766260343447
N.34 Panti,age,30-39,BN,9433,0.2750980600021202,0.7448319728612318
N.34 Panti,age,40-49,BN,8330,0.3130852340936375,0.7692677070828331
N.34 Panti,age,50-59,BN,5600,0.22714285714285715,0.8466071428571429
N.34 Panti,age,60-69,BN,3431,0.16059457883998834,0.9125619352958321
N.34 Panti,age,70+,BN,2926,0.26349965823650034,0.8458646616541353
N.34 Panti,age,18-29,PH,11239,0.04261945012901504,0.11709226799537326
N.34 Panti,age,30-39,PH,9433,0.031273189865366265,0.1649528251881692
N.34 Panti,age,40-49,PH,8330,0.025330132052821128,0.1908763505402161
N.34 Panti,age,50-59,PH,5600,0.0,0.2664285714285714
N.34 Panti,age,60-69,PH,3431,0.0,0.35295832118915765
N.34 Panti,age,70+,PH,2926,0.0,0.2532467532467532
N.34 Panti,age,18-29,PN,11239,0.04333125722929086,0.12118515882195925
N.34 Panti,age,30-39,PN,9433,0.014947524647514046,0.16198452242128697
N.34 Panti,age,40-49,PN,8330,0.015006002400960384,0.17539015606242497
N.34 Panti,age,50-59,PN,5600,0.0,0.21982142857142858
N.34 Panti,age,60-69,PN,3431,0.0,0.21801224132905858
N.34 Panti,age,70+,PN,2926,0.0,0.17703349282296652
N.35 Pasir Raja,ethnicity,Malay,turnout,19540,0.6262538382804503,0.8560388945752303
N.35 Pasir Raja,ethnicity,Chinese,turnout,5436,0.2525754231052244,0.9260485651214128
N.35 Pasir Raja,ethnicity,Indian,turnout,2447,0.026971802206783815,1.0
N.35 Pasir Raja,ethnicity,Other,turnout,639,0.0,1.0
N.35 Pasir Raja,ethnicity,Malay,BN,19540,0.47681678607983624,0.720675537359263
N.35 Pasir Raja,ethnicity,Chinese,BN,5436,0.0033112582781456954,0.5954746136865342
N.35 Pasir Raja,ethnicity,Indian,BN,2447,0.005721291377196567,1.0
N.35 Pasir Raja,ethnicity,Other,BN,639,0.0,1.0
N.35 Pasir Raja,ethnicity,Malay,PH,19540,0.008546571136131014,0.13715455475946775
N.35 Pasir Raja,ethnicity,Chinese,PH,5436,0.04047093451066961,0.551140544518028
N.35 Pasir Raja,ethnicity,Indian,PH,2447,0.0,0.7642010625255414
N.35 Pasir Raja,ethnicity,Other,PH,639,0.0,0.8826291079812206
N.35 Pasir Raja,ethnicity,Malay,PN,19540,0.028249744114636644,0.0842374616171955
N.35 Pasir Raja,ethnicity,Chinese,PN,5436,0.0,0.1580206033848418
N.35 Pasir Raja,ethnicity,Indian,PN,2447,0.0,0.3722926031875766
N.35 Pasir Raja,ethnicity,Other,PN,639,0.0,0.9123630672926447
N.35 Pasir Raja,age,18-29,turnout,7888,0.6052231237322515,0.7711713995943205
N.35 Pasir Raja,age,30-39,turnout,6055,0.4921552436003303,0.813047068538398
N.35 Pasir Raja,age,40-49,turnout,4728,0.42978003384094754,0.8682318104906938
N.35 Pasir Raja,age,50-59,turnout,4289,0.5026812776871066,0.9664257402657962
N.35 Pasir Raja,age,60-69,turnout,3127,0.3748001279181324,0.9763351455068756
N.35 Pasir Raja,age,70+,turnout,1975,0.27189873417721516,0.9220253164556962
N.35 Pasir Raja,age,18-29,BN,7888,0.4413032454361055,0.6285496957403651
N.35 Pasir Raja,age,30-39,BN,6055,0.3311312964492155,0.6938067712634186
N.35 Pasir Raja,age,40-49,BN,4728,0.1956429780033841,0.7400592216582065
N.35 Pasir Raja,age,50-59,BN,4289,0.23898344602471439,0.8398228025180695
N.35 Pasir Raja,age,60-69,BN,3127,0.16053725615606013,0.8919091781259993
N.35 Pasir Raja,age,70+,BN,1975,0.021772151898734177,0.7240506329113924
N.35 Pasir Raja,age,18-29,PH,7888,0.06579614604462475,0.1432555780933063
N.35 Pasir Raja,age,30-39,PH,6055,0.06226259289843105,0.1976878612716763
N.35 Pasir Raja,age,40-49,PH,4728,0.05626057529610829,0.2326565143824027
N.35 Pasir Raja,age,50-59,PH,4289,0.028911168104453253,0.26672884122173
N.35 Pasir Raja,age,60-69,PH,3127,0.04700991365526063,0.33098816757275346
N.35 Pasir Raja,age,70+,PH,1975,0.044556962025316456,0.3508860759493671
N.35 Pasir Raja,age,18-29,PN,7888,0.03182048681541582,0.09165821501014199
N.35 Pasir Raja,age,30-39,PN,6055,0.015854665565648223,0.1360858794384806
N.35 Pasir Raja,age,40-49,PN,4728,0.004230118443316413,0.1700507614213198
N.35 Pasir Raja,age,50-59,PN,4289,0.0,0.18022849148985778
N.35 Pasir Raja,age,60-69,PN,3127,0.0,0.15957787016309563
N.35 Pasir Raja,age,70+,PN,1975,0.0,0.13924050632911392
N.36 Sedili,ethnicity,Malay,turnout,28061,0.7515769217062828,0.787391753679484
N.36 Sedili,ethnicity,Chinese,turnout,398,0.0,1.0
N.36 Sedili,ethnicity,Indian,turnout,189,0.0,1.0
N.36 Sedili,ethnicity,Other,turnout,418,0.0,1.0
N.36 Sedili,ethnicity,Malay,BN,28061,0.6276682940736253,0.6634831260468266
N.36 Sedili,ethnicity,Chinese,BN,398,0.0,1.0
N.36 Sedili,ethnicity,Indian,BN,189,0.0,1.0
N.36 Sedili,ethnicity,Other,BN,418,0.0,1.0
N.36 Sedili,ethnicity,Malay,PH,28061,0.008374612451445065,0.02423292113609636
N.36 Sedili,ethnicity,Chinese,PH,398,0.0,0.6708542713567839
N.36 Sedili,ethnicity,Indian,PH,189,0.0,0.7671957671957672
N.36 Sedili,ethnicity,Other,PH,418,0.0,0.6052631578947368
N.36 Sedili,ethnicity,Malay,PN,28061,0.06446669755176224,0.09073090766544314
N.36 Sedili,ethnicity,Chinese,PN,398,0.0,0.7412060301507538
N.36 Sedili,ethnicity,Indian,PN,189,0.0,0.873015873015873
N.36 Sedili,ethnicity,Other,PN,418,0.0,0.9066985645933014
N.36 Sedili,age,18-29,turnout,6115,0.6062142273098937,0.8690106295993458
N.36 Sedili,age,30-39,turnout,7061,0.4979464665061606,0.926497663220507
N.36 Sedili,age,40-49,turnout,6996,0.5831903945111492,0.9233847913093196
N.36 Sedili,age,50-59,turnout,3613,0.5375034597287572,0.9734292831442015
N.36 Sedili,age,60-69,turnout,2469,0.35844471445929527,1.0
N.36 Sedili,age,70+,turnout,2812,0.5298719772403983,0.9850640113798008
N.36 Sedili,age,18-29,BN,6115,0.48356500408830744,0.7983646770237122
N.36 Sedili,age,30-39,BN,7061,0.33720436198838694,0.8643251664070245
N.36 Sedili,age,40-49,BN,6996,0.40523156089193824,0.8443396226415094
N.36 Sedili,age,50-59,BN,3613,0.3426515361195682,0.9377248823692222
N.36 Sedili,age,60-69,BN,2469,0.15026326447954638,1.0
N.36 Sedili,age,70+,BN,2812,0.3634423897581792,0.9559032716927454
N.36 Sedili,age,18-29,PH,6115,0.008013082583810302,0.05396565821749796
N.36 Sedili,age,30-39,PH,7061,0.004531935986404192,0.05509134683472596
N.36 Sedili,age,40-49,PH,6996,0.001429388221841052,0.04974271012006861
N.36 Sedili,age,50-59,PH,3613,0.0,0.08939939108773873
N.36 Sedili,age,60-69,PH,2469,0.0,0.12312677197245848
N.36 Sedili,age,70+,PH,2812,0.0,0.07965860597439545
N.36 Sedili,age,18-29,PN,6115,0.03368765331152903,0.1453802125919869
N.36 Sedili,age,30-39,PN,7061,0.01713638294859085,0.2147004673558986
N.36 Sedili,age,40-49,PN,6996,0.024299599771297885,0.1998284734133791
N.36 Sedili,age,50-59,PN,3613,0.015776363133130362,0.24301134791032383
N.36 Sedili,age,60-69,PN,2469,0.0,0.22235722964763063
N.36 Sedili,age,70+,PN,2812,0.0,0.1326458036984353
N.37 Johor Lama,ethnicity,Malay,turnout,27258,0.693741286961626,0.8123853547582361
N.37 Johor Lama,ethnicity,Chinese,turnout,4191,0.3116201383917919,0.9238845144356955
N.37 Johor Lama,ethnicity,Indian,turnout,792,0.0,1.0
N.37 Johor Lama,ethnicity,Other,turnout,445,0.0,1.0
N.37 Johor Lama,ethnicity,Malay,BN,27258,0.572639225181598,0.6892288502457994
N.37 Johor Lama,ethnicity,Chinese,BN,4191,0.003101884991648771,0.5676449534717252
N.37 Johor Lama,ethnicity,Indian,BN,792,0.0,1.0
N.37 Johor Lama,ethnicity,Other,BN,445,0.0,1.0
N.37 Johor Lama,ethnicity,Malay,PH,27258,0.010162154229950841,0.08316824418519334
N.37 Johor Lama,ethnicity,Chinese,PH,4191,0.06824146981627296,0.5194464328322596
N.37 Johor Lama,ethnicity,Indian,PH,792,0.0,0.9179292929292929
N.37 Johor Lama,ethnicity,Other,PH,445,0.0,0.9685393258426966
N.37 Johor Lama,ethnicity,Malay,PN,27258,0.04468412942989214,0.07590432166703354
N.37 Johor Lama,ethnicity,Chinese,PN,4191,0.0,0.1422094965402052
N.37 Johor Lama,ethnicity,Indian,PN,792,0.0,0.7904040404040404
N.37 Johor Lama,ethnicity,Other,PN,445,0.0,0.952808988764045
N.37 Johor Lama,age,18-29,turnout,6420,0.526791277258567,0.902803738317757
N.37 Johor Lama,age,30-39,turnout,6841,0.4499342201432539,0.9215027042829995
N.37 Johor Lama,age,40-49,turnout,7352,0.5232589771490751,0.9166213275299239
N.37 Johor Lama,age,50-59,turnout,4705,0.4616365568544102,0.9662061636556855
N.37 Johor Lama,age,60-69,turnout,3620,0.4085635359116022,0.9621546961325966
N.37 Johor Lama,age,70+,turnout,3748,0.4434364994663821,0.8874066168623266
N.37 Johor Lama,age,18-29,BN,6420,0.42881619937694704,0.8334890965732087
N.37 Johor Lama,age,30-39,BN,6841,0.33167665545972813,0.8446133606197924
N.37 Johor Lama,age,40-49,BN,7352,0.36996735582154516,0.8320184983677911
N.37 Johor Lama,age,50-59,BN,4705,0.2671625929861849,0.8641870350690755
N.37 Johor Lama,age,60-69,BN,3620,0.10469613259668509,0.8140883977900553
N.37 Johor Lama,age,70+,BN,3748,0.25827107790821774,0.7604055496264674
N.37 Johor Lama,age,18-29,PH,6420,0.006386292834890965,0.1252336448598131
N.37 Johor Lama,age,30-39,PH,6841,0.002192661891536325,0.13886858646396727
N.37 Johor Lama,age,40-49,PH,7352,0.003808487486398259,0.16675734494015235
N.37 Johor Lama,age,50-59,PH,4705,0.005100956429330499,0.259086078639745
N.37 Johor Lama,age,60-69,PH,3620,0.05939226519337017,0.2925414364640884
N.37 Johor Lama,age,70+,PH,3748,0.05016008537886873,0.2403948772678762
N.37 Johor Lama,age,18-29,PN,6420,0.019314641744548288,0.12133956386292835
N.37 Johor Lama,age,30-39,PN,6841,0.008916825025581056,0.1578716561906154
N.37 Johor Lama,age,40-49,PN,7352,0.021218715995647442,0.1632208922742111
N.37 Johor Lama,age,50-59,PN,4705,0.01742826780021254,0.19723698193411265
N.37 Johor Lama,age,60-69,PN,3620,0.0,0.17292817679558012
N.37 Johor Lama,age,70+,PN,3748,0.0,0.1056563500533618
N.38 Penawar,ethnicity,Malay,turnout,30291,0.7425968109339408,0.7654748935327325
N.38 Penawar,ethnicity,Chinese,turnout,95,0.0,1.0
N.38 Penawar,ethnicity,Indian,turnout,222,0.0,1.0
N.38 Penawar,ethnicity,Other,turnout,476,0.19957983193277312,1.0
N.38 Penawar,ethnicity,Malay,BN,30291,0.6000462183486844,0.6241787989831963
N.38 Penawar,ethnicity,Chinese,BN,95,0.0,1.0
N.38 Penawar,ethnicity,Indian,BN,222,0.0,1.0
N.38 Penawar,ethnicity,Other,BN,476,0.11974789915966387,1.0
N.38 Penawar,ethnicity,Malay,PH,30291,0.010729259516027862,0.024396685484137204
N.38 Penawar,ethnicity,Chinese,PH,95,0.0,0.9789473684210527
N.38 Penawar,ethnicity,Indian,PH,222,0.0,0.9279279279279279
N.38 Penawar,ethnicity,Other,PH,476,0.0,0.45168067226890757
N.38 Penawar,ethnicity,Malay,PN,30291,0.09372420851077878,0.11181539071011191
N.38 Penawar,ethnicity,Chinese,PN,95,0.0,1.0
N.38 Penawar,ethnicity,Indian,PN,222,0.0,1.0
N.38 Penawar,ethnicity,Other,PN,476,0.0,0.4957983193277311
N.38 Penawar,age,18-29,turnout,7158,0.6187482537021515,0.8102822017323275
N.38 Penawar,age,30-39,turnout,6338,0.5356579362574945,0.9403597349321553
N.38 Penawar,age,40-49,turnout,7583,0.5975207701437426,0.8905446393248054
N.38 Penawar,age,50-59,turnout,4978,0.5978304539975894,0.9130172760144636
N.38 Penawar,age,60-69,turnout,1899,0.5192206424433913,0.9878883622959452
N.38 Penawar,age,70+,turnout,3128,0.5332480818414322,0.907928388746803
N.38 Penawar,age,18-29,BN,7158,0.48980162056440346,0.702430846605197
N.38 Penawar,age,30-39,BN,6338,0.3406437361943831,0.8455348690438624
N.38 Penawar,age,40-49,BN,7583,0.39825926414347884,0.7904523275748384
N.38 Penawar,age,50-59,BN,4978,0.3963439132181599,0.8075532342306148
N.38 Penawar,age,60-69,BN,1899,0.2890995260663507,0.9462875197472354
N.38 Penawar,age,70+,BN,3128,0.38554987212276215,0.8254475703324808
N.38 Penawar,age,18-29,PH,7158,0.01103660240290584,0.03799944118468846
N.38 Penawar,age,30-39,PH,6338,0.0045755758914484065,0.05112022720100978
N.38 Penawar,age,40-49,PH,7583,0.005143083212448898,0.04800210998285639
N.38 Penawar,age,50-59,PH,4978,0.01245480112494978,0.08055443953394938
N.38 Penawar,age,60-69,PH,1899,0.0,0.08425487098472881
N.38 Penawar,age,70+,PH,3128,0.0,0.05690537084398977
N.38 Penawar,age,18-29,PN,7158,0.05099189717798268,0.15101983794355966
N.38 Penawar,age,30-39,PN,6338,0.026349005995582202,0.23824550331334807
N.38 Penawar,age,40-49,PN,7583,0.04628774891204009,0.21851509956481605
N.38 Penawar,age,50-59,PN,4978,0.0562474889513861,0.26496584973885096
N.38 Penawar,age,60-69,PN,1899,0.0,0.23170089520800422
N.38 Penawar,age,70+,PN,3128,0.0,0.14514066496163683
N.39 Tanjung Surat,ethnicity,Malay,turnout,20171,0.6687819146299142,0.8173119825492043
N.39 Tanjung Surat,ethnicity,Chinese,turnout,4129,0.22208767255994188,0.8449987890530395
N.39 Tanjung Surat,ethnicity,Indian,turnout,169,0.0,1.0
N.39 Tanjung Surat,ethnicity,Other,turnout,367,0.0,1.0
N.39 Tanjung Surat,ethnicity,Malay,BN,20171,0.6084973476773586,0.7612909622725695
N.39 Tanjung Surat,ethnicity,Chinese,BN,4129,0.06781302978929522,0.7021070477113103
N.39 Tanjung Surat,ethnicity,Indian,BN,169,0.0,1.0
N.39 Tanjung Surat,ethnicity,Other,BN,367,0.0,1.0
N.39 Tanjung Surat,ethnicity,Malay,PH,20171,0.011402508551881414,0.06529175549055574
N.39 Tanjung Surat,ethnicity,Chinese,PH,4129,0.04746912085250666,0.3037054976992008
N.39 Tanjung Surat,ethnicity,Indian,PH,169,0.0,0.5384615384615384
N.39 Tanjung Surat,ethnicity,Other,PH,367,0.0,0.8991825613079019
N.39 Tanjung Surat,ethnicity,Malay,PN,20171,0.0,0.0
N.39 Tanjung Surat,ethnicity,Chinese,PN,4129,0.0,0.0
N.39 Tanjung Surat,ethnicity,Indian,PN,169,0.0,0.0
N.39 Tanjung Surat,ethnicity,Other,PN,367,0.0,0.0
N.39 Tanjung Surat,age,18-29,turnout,4813,0.4903386661126117,0.8994390193226678
N.39 Tanjung Surat,age,30-39,turnout,5182,0.40775762253956,0.9274411424160556
N.39 Tanjung Surat,age,40-49,turnout,6310,0.47955625990491285,0.9004754358161648
N.39 Tanjung Surat,age,50-59,turnout,3181,0.29927695693178247,0.9911977365608299
N.39 Tanjung Surat,age,60-69,turnout,2331,0.16302016302016303,1.0
N.39 Tanjung Surat,age,70+,turnout,3019,0.4315998675057966,0.9294468367008943
N.39 Tanjung Surat,age,18-29,BN,4813,0.44753791813837523,0.8643257843340951
N.39 Tanjung Surat,age,30-39,BN,5182,0.35970667695870323,0.9017753763025859
N.39 Tanjung Surat,age,40-49,BN,6310,0.4364500792393027,0.8814580031695721
N.39 Tanjung Surat,age,50-59,BN,3181,0.2320025149324112,0.9544168500471549
N.39 Tanjung Surat,age,60-69,BN,2331,0.07293007293007293,0.9476619476619477
N.39 Tanjung Surat,age,70+,BN,3019,0.334216628022524,0.849950314673733
N.39 Tanjung Surat,age,18-29,PH,4813,0.0060253480157905675,0.13816746312071473
N.39 Tanjung Surat,age,30-39,PH,5182,0.0025086839058278657,0.14974913160941722
N.39 Tanjung Surat,age,40-49,PH,6310,0.006339144215530904,0.14231378763866878
N.39 Tanjung Surat,age,50-59,PH,3181,0.0,0.25589437283872996
N.39 Tanjung Surat,age,60-69,PH,2331,0.0,0.3234663234663235
N.39 Tanjung Surat,age,70+,PH,3019,0.017886717456111294,0.18317323617091752
N.39 Tanjung Surat,age,18-29,PN,4813,0.0,0.0
N.39 Tanjung Surat,age,30-39,PN,5182,0.0,0.0
N.39 Tanjung Surat,age,40-49,PN,6310,0.0,0.0
N.39 Tanjung Surat,age,50-59,PN,3181,0.0,0.0
N.39 Tanjung Surat,age,60-69,PN,2331,0.0,0.0
N.39 Tanjung Surat,age,70+,PN,3019,0.0,0.0
N.40 Tiram,ethnicity,Malay,turnout,67191,0.5455046062716733,0.9376553407450403
N.40 Tiram,ethnicity,Chinese,turnout,28739,0.3285082988273774,0.9799575489752601
N.40 Tiram,ethnicity,Indian,turnout,13667,0.01638984415014268,1.0
N.40 Tiram,ethnicity,Other,turnout,7793,0.023097651738739896,1.0
N.40 Tiram,ethnicity,Malay,BN,67191,0.29819469869476567,0.7258114926106175
N.40 Tiram,ethnicity,Chinese,BN,28739,0.0002087755315077073,0.5782386304325133
N.40 Tiram,ethnicity,Indian,BN,13667,0.0,0.9948050047559815
N.40 Tiram,ethnicity,Other,BN,7793,0.0,1.0
N.40 Tiram,ethnicity,Malay,PH,67191,0.0017413046390141536,0.24620856960009524
N.40 Tiram,ethnicity,Chinese,PH,28739,0.06893072131946136,0.6955008872960089
N.40 Tiram,ethnicity,Indian,PH,13667,0.0,0.8745152557254701
N.40 Tiram,ethnicity,Other,PH,7793,0.0,0.6541768253560888
N.40 Tiram,ethnicity,Malay,PN,67191,0.011058028605021506,0.13620871842955157
N.40 Tiram,ethnicity,Chinese,PN,28739,0.0,0.17436236473085354
N.40 Tiram,ethnicity,Indian,PN,13667,0.0,0.41706299846345213
N.40 Tiram,ethnicity,Other,PN,7793,0.0,0.6784293596817657
N.40 Tiram,age,18-29,turnout,39380,0.6332148298628746,0.7473336719146775
N.40 Tiram,age,30-39,turnout,25910,0.5345040524893864,0.829718255499807
N.40 Tiram,age,40-49,turnout,19331,0.5322538927111893,0.881278775024572
N.40 Tiram,age,50-59,turnout,17283,0.5978128797083839,0.9128044899612335
N.40 Tiram,age,60-69,turnout,10250,0.5286829268292683,0.9577560975609756
N.40 Tiram,age,70+,turnout,5236,0.31665393430099315,0.8976317799847212
N.40 Tiram,age,18-29,BN,39380,0.40033011681056374,0.54002031488065
N.40 Tiram,age,30-39,BN,25910,0.2582014666152065,0.6039367039752991
N.40 Tiram,age,40-49,BN,19331,0.18379804459158863,0.5988826237649372
N.40 Tiram,age,50-59,BN,17283,0.20407336689232194,0.5820748712607765
N.40 Tiram,age,60-69,BN,10250,0.14029268292682928,0.6281951219512195
N.40 Tiram,age,70+,BN,5236,0.0213903743315508,0.5993124522536287
N.40 Tiram,age,18-29,PH,39380,0.10459624174707974,0.168131030980193
N.40 Tiram,age,30-39,PH,25910,0.08965650328058665,0.24870706291007333
N.40 Tiram,age,40-49,PH,19331,0.08887279499249909,0.3030365733795458
N.40 Tiram,age,50-59,PH,17283,0.12040733668923219,0.3842504194873575
N.40 Tiram,age,60-69,PH,10250,0.10126829268292684,0.5094634146341463
N.40 Tiram,age,70+,PH,5236,0.06875477463712758,0.5305576776165012
N.40 Tiram,age,18-29,PN,39380,0.060665312341289995,0.09873031995937023
N.40 Tiram,age,30-39,PN,25910,0.026707834812813587,0.12728676186800464
N.40 Tiram,age,40-49,PN,19331,0.023226941182556516,0.17867673684755056
N.40 Tiram,age,50-59,PN,17283,0.04443672973442111,0.1892611236475149
N.40 Tiram,age,60-69,PN,10250,0.012292682926829269,0.12234146341463414
N.40 Tiram,age,70+,PN,5236,0.0,0.1331168831168831
N.41 Puteri Wangsa,ethnicity,Malay,turnout,46581,0.3114145252356111,0.9626671818981989
N.41 Puteri Wangsa,ethnicity,Chinese,turnout,66357,0.42199014421990144,0.934641409346414
N.41 Puteri Wangsa,ethnicity,Indian,turnout,12726,0.004164702184504165,1.0
N.41 Puteri Wangsa,ethnicity,Other,turnout,2861,0.0,1.0
N.41 Puteri Wangsa,ethnicity,Malay,BN,46581,0.14778557781069535,0.741611386616861
N.41 Puteri Wangsa,ethnicity,Chinese,BN,66357,3.0140000301400004e-05,0.39958105399581056
N.41 Puteri Wangsa,ethnicity,Indian,BN,12726,0.0,0.9796479647964796
N.41 Puteri Wangsa,ethnicity,Other,BN,2861,0.0,1.0
N.41 Puteri Wangsa,ethnicity,Malay,PH,46581,0.002855241407440802,0.572658380026191
N.41 Puteri Wangsa,ethnicity,Chinese,PH,66357,0.12833612128336122,0.6148710761487107
N.41 Puteri Wangsa,ethnicity,Indian,PH,12726,0.0,0.9978783592644979
N.41 Puteri Wangsa,ethnicity,Other,PH,2861,0.0,0.9741349178608878
N.41 Puteri Wangsa,ethnicity,Malay,PN,46581,0.0,0.0
N.41 Puteri Wangsa,ethnicity,Chinese,PN,66357,0.0,0.0
N.41 Puteri Wangsa,ethnicity,Indian,PN,12726,0.0,0.0
N.41 Puteri Wangsa,ethnicity,Other,PN,2861,0.0,0.0
N.41 Puteri Wangsa,age,18-29,turnout,42281,0.565975260755422,0.681086067027743
N.41 Puteri Wangsa,age,30-39,turnout,27379,0.5033785017714306,0.788122283501954
N.41 Puteri Wangsa,age,40-49,turnout,22827,0.5404126692075174,0.8241556052043633
N.41 Puteri Wangsa,age,50-59,turnout,19265,0.61536465092136,0.8935375032442253
N.41 Puteri Wangsa,age,60-69,turnout,10933,0.49711881459800605,0.9453032104637337
N.41 Puteri Wangsa,age,70+,turnout,5840,0.3544520547945205,0.9464041095890411
N.41 Puteri Wangsa,age,18-29,BN,42281,0.22359925261937985,0.32326576949457203
N.41 Puteri Wangsa,age,30-39,BN,27379,0.17454983746667155,0.42459549289601517
N.41 Puteri Wangsa,age,40-49,BN,22827,0.14903403863845446,0.42458492136505016
N.41 Puteri Wangsa,age,50-59,BN,19265,0.1257721256164028,0.4091357383856735
N.41 Puteri Wangsa,age,60-69,BN,10933,0.10866184944662947,0.51047288027074
N.41 Puteri Wangsa,age,70+,BN,5840,0.036815068493150686,0.47962328767123286
N.41 Puteri Wangsa,age,18-29,PH,42281,0.2410065987086398,0.33554078664175396
N.41 Puteri Wangsa,age,30-39,PH,27379,0.1736367288797984,0.41199459439716574
N.41 Puteri Wangsa,age,40-49,PH,22827,0.20659745038769878,0.474525780873527
N.41 Puteri Wangsa,age,50-59,PH,19265,0.2551258759408253,0.5569685958992993
N.41 Puteri Wangsa,age,60-69,PH,10933,0.14616299277416994,0.6412695509009421
N.41 Puteri Wangsa,age,70+,PH,5840,0.04452054794520548,0.6152397260273973
N.41 Puteri Wangsa,age,18-29,PN,42281,0.0,0.0
N.41 Puteri Wangsa,age,30-39,PN,27379,0.0,0.0
N.41 Puteri Wangsa,age,40-49,PN,22827,0.0,0.0
N.41 Puteri Wangsa,age,50-59,PN,19265,0.0,0.0
N.41 Puteri Wangsa,age,60-69,PN,10933,0.0,0.0
N.41 Puteri Wangsa,age,70+,PN,5840,0.0,0.0
N.42 Johor Jaya,ethnicity,Malay,turnout,37934,0.32775346654716087,0.9647018505825908
N.42 Johor Jaya,ethnicity,Chinese,turnout,44452,0.4252452083145865,0.9477863763160262
N.42 Johor Jaya,ethnicity,Indian,turnout,7585,0.0038233355306526036,1.0
N.42 Johor Jaya,ethnicity,Other,turnout,6145,0.01578519121236778,1.0
N.42 Johor Jaya,ethnicity,Malay,BN,37934,0.18613908367164023,0.8700901565877577
N.42 Johor Jaya,ethnicity,Chinese,BN,44452,0.0010798164312066949,0.5018446864033115
N.42 Johor Jaya,ethnicity,Indian,BN,7585,0.0,1.0
N.42 Johor Jaya,ethnicity,Other,BN,6145,0.009926769731489015,1.0
N.42 Johor Jaya,ethnicity,Malay,PH,37934,0.00028997732904518375,0.5050086993198714
N.42 Johor Jaya,ethnicity,Chinese,PH,44452,0.142580761270584,0.6316476199046163
N.42 Johor Jaya,ethnicity,Indian,PH,7585,0.0,0.9824653922214898
N.42 Johor Jaya,ethnicity,Other,PH,6145,0.0,0.7868185516680228
N.42 Johor Jaya,ethnicity,Malay,PN,37934,0.0,0.0
N.42 Johor Jaya,ethnicity,Chinese,PN,44452,0.0,0.0
N.42 Johor Jaya,ethnicity,Indian,PN,7585,0.0,0.0
N.42 Johor Jaya,ethnicity,Other,PN,6145,0.0,0.0
N.42 Johor Jaya,age,18-29,turnout,24537,0.5573623507356238,0.7280026083058239
N.42 Johor Jaya,age,30-39,turnout,21237,0.46984037293403025,0.8237039129820596
N.42 Johor Jaya,age,40-49,turnout,16462,0.46847284655570404,0.8839144696877658
N.42 Johor Jaya,age,50-59,turnout,15771,0.5534208357111153,0.8972164098662101
N.42 Johor Jaya,age,60-69,turnout,11755,0.5656316461080392,0.9245427477669077
N.42 Johor Jaya,age,70+,turnout,6354,0.4483789738747246,0.9269751337740006
N.42 Johor Jaya,age,18-29,BN,24537,0.3096548070261238,0.4685169336104658
N.42 Johor Jaya,age,30-39,BN,21237,0.23058812449969393,0.5718321796863964
N.42 Johor Jaya,age,40-49,BN,16462,0.1620094763698214,0.5686429352448062
N.42 Johor Jaya,age,50-59,BN,15771,0.16378162450066577,0.5102403145012998
N.42 Johor Jaya,age,60-69,BN,11755,0.1310080816673756,0.5012335176520629
N.42 Johor Jaya,age,70+,BN,6354,0.06940509915014165,0.4998426188227888
N.42 Johor Jaya,age,18-29,PH,24537,0.16843949953132004,0.2860985450544076
N.42 Johor Jaya,age,30-39,PH,21237,0.12986768375947638,0.3917219946320102
N.42 Johor Jaya,age,40-49,PH,16462,0.10114202405540032,0.4667719596646823
N.42 Johor Jaya,age,50-59,PH,15771,0.20036776361676495,0.5525331304292689
N.42 Johor Jaya,age,60-69,PH,11755,0.22620161633347513,0.6074861760952786
N.42 Johor Jaya,age,70+,PH,6354,0.1048158640226629,0.5966320428076802
N.42 Johor Jaya,age,18-29,PN,24537,0.0,0.0
N.42 Johor Jaya,age,30-39,PN,21237,0.0,0.0
N.42 Johor Jaya,age,40-49,PN,16462,0.0,0.0
N.42 Johor Jaya,age,50-59,PN,15771,0.0,0.0
N.42 Johor Jaya,age,60-69,PN,11755,0.0,0.0
N.42 Johor Jaya,age,70+,PN,6354,0.0,0.0
N.43 Permas,ethnicity,Malay,turnout,62029,0.5170807203082429,0.9324025858872463
N.43 Permas,ethnicity,Chinese,turnout,30113,0.28236974064357584,0.9327200876697772
N.43 Permas,ethnicity,Indian,turnout,13070,0.016832440703902066,1.0
N.43 Permas,ethnicity,Other,turnout,8392,0.004885605338417541,1.0
N.43 Permas,ethnicity,Malay,BN,62029,0.3351980525238195,0.8010769156362346
N.43 Permas,ethnicity,Chinese,BN,30113,0.0,0.6125593597449607
N.43 Permas,ethnicity,Indian,BN,13070,0.0,0.9982402448355011
N.43 Permas,ethnicity,Other,BN,8392,0.0,1.0
N.43 Permas,ethnicity,Malay,PH,62029,8.060745780199584e-05,0.2782891873156104
N.43 Permas,ethnicity,Chinese,PH,30113,0.0751834755753329,0.6649951848039053
N.43 Permas,ethnicity,Indian,PH,13070,0.0,0.8590665646518745
N.43 Permas,ethnicity,Other,PH,8392,0.0,0.8063632030505243
N.43 Permas,ethnicity,Malay,PN,62029,0.0,0.04752615712005675
N.43 Permas,ethnicity,Chinese,PN,30113,0.0,0.08229004084614619
N.43 Permas,ethnicity,Indian,PN,13070,0.0,0.22042846212700842
N.43 Permas,ethnicity,Other,PN,8392,0.0,0.3163727359389895
N.43 Permas,age,18-29,turnout,34296,0.5980580825752274,0.7439643107067879
N.43 Permas,age,30-39,turnout,25315,0.5044835078016986,0.8306932648627297
N.43 Permas,age,40-49,turnout,20141,0.5020604736606922,0.8669877364579713
N.43 Permas,age,50-59,turnout,17298,0.5757312984160019,0.9172158631055614
N.43 Permas,age,60-69,turnout,11325,0.5371302428256071,0.9249448123620309
N.43 Permas,age,70+,turnout,5229,0.37617135207496655,0.9627079747561675
N.43 Permas,age,18-29,BN,34296,0.4019419174247726,0.5571495218101237
N.43 Permas,age,30-39,BN,25315,0.2790440450325894,0.6255974718546317
N.43 Permas,age,40-49,BN,20141,0.23578769673799713,0.6385978849113748
N.43 Permas,age,50-59,BN,17298,0.2207191582841947,0.6305931321540063
N.43 Permas,age,60-69,BN,11325,0.1790728476821192,0.6626931567328919
N.43 Permas,age,70+,BN,5229,0.03633581946834959,0.6301396060432205
N.43 Permas,age,18-29,PH,34296,0.10345229764404013,0.1902554233729881
N.43 Permas,age,30-39,PH,25315,0.08074264270195536,0.26328263875172825
N.43 Permas,age,40-49,PH,20141,0.08812869271634974,0.3238170895188918
N.43 Permas,age,50-59,PH,17298,0.09908659960689097,0.3829344432882414
N.43 Permas,age,60-69,PH,11325,0.13306843267108168,0.4558057395143488
N.43 Permas,age,70+,PH,5229,0.05201759418626888,0.5132912602792121
N.43 Permas,age,18-29,PN,34296,0.017815488686727315,0.036330767436435735
N.43 Permas,age,30-39,PN,25315,0.007228915662650603,0.04925933241161367
N.43 Permas,age,40-49,PN,20141,0.008043294771858398,0.06702745643215331
N.43 Permas,age,50-59,PN,17298,0.004277951208232165,0.06567233206151
N.43 Permas,age,60-69,PN,11325,0.005474613686534216,0.05465783664459161
N.43 Permas,age,70+,PN,5229,0.0,0.06043220501051826
N.44 Larkin,ethnicity,Malay,turnout,48211,0.5675675675675675,0.8316359337080749
N.44 Larkin,ethnicity,Chinese,turnout,20488,0.29993166731745413,0.8097910972276454
N.44 Larkin,ethnicity,Indian,turnout,5058,0.0,1.0
N.44 Larkin,ethnicity,Other,turnout,2091,0.0,1.0
N.44 Larkin,ethnicity,Malay,BN,48211,0.41934413308166185,0.6768579784696439
N.44 Larkin,ethnicity,Chinese,BN,20488,0.0,0.43718274111675126
N.44 Larkin,ethnicity,Indian,BN,5058,0.0,0.9881376037959668
N.44 Larkin,ethnicity,Other,BN,2091,0.0,1.0
N.44 Larkin,ethnicity,Malay,PH,48211,0.008006471552135404,0.17738690340378752
N.44 Larkin,ethnicity,Chinese,PH,20488,0.171075751659508,0.5683326825458805
N.44 Larkin,ethnicity,Indian,PH,5058,0.0,0.9620403321470937
N.44 Larkin,ethnicity,Other,PH,2091,0.0,0.9569583931133429
N.44 Larkin,ethnicity,Malay,PN,48211,0.0,0.0
N.44 Larkin,ethnicity,Chinese,PN,20488,0.0,0.0
N.44 Larkin,ethnicity,Indian,PN,5058,0.0,0.0
N.44 Larkin,ethnicity,Other,PN,2091,0.0,0.0
N.44 Larkin,age,18-29,turnout,13921,0.5373895553480353,0.7668270957546154
N.44 Larkin,age,30-39,turnout,14876,0.45623823608496905,0.8266335036300081
N.44 Larkin,age,40-49,turnout,14098,0.4306284579372961,0.9105546886083132
N.44 Larkin,age,50-59,turnout,11563,0.35163884804981405,0.9544235924932976
N.44 Larkin,age,60-69,turnout,10976,0.45244169096209913,0.9422376093294461
N.44 Larkin,age,70+,turnout,10414,0.38544267332437104,0.750720184367198
N.44 Larkin,age,18-29,BN,13921,0.3977444149127218,0.5996695639681058
N.44 Larkin,age,30-39,BN,14876,0.3351707448238774,0.6691314869588599
N.44 Larkin,age,40-49,BN,14098,0.25273088381330683,0.6900269541778976
N.44 Larkin,age,50-59,BN,11563,0.16250108103433364,0.71780679754389
N.44 Larkin,age,60-69,BN,10976,0.20362609329446063,0.6445881924198251
N.44 Larkin,age,70+,BN,10414,0.11167658920683696,0.4108891876320338
N.44 Larkin,age,18-29,PH,13921,0.053803606062782845,0.2097550463328784
N.44 Larkin,age,30-39,PH,14876,0.03361118580263512,0.26573003495563324
N.44 Larkin,age,40-49,PH,14098,0.013193360760391544,0.3059299191374663
N.44 Larkin,age,50-59,PH,11563,0.03061489232898037,0.44642393842428435
N.44 Larkin,age,60-69,PH,10976,0.06869533527696793,0.4247448979591837
N.44 Larkin,age,70+,PH,10414,0.09237564816593048,0.34376800460917994
N.44 Larkin,age,18-29,PN,13921,0.0,0.0
N.44 Larkin,age,30-39,PN,14876,0.0,0.0
N.44 Larkin,age,40-49,PN,14098,0.0,0.0
N.44 Larkin,age,50-59,PN,11563,0.0,0.0
N.44 Larkin,age,60-69,PN,10976,0.0,0.0
N.44 Larkin,age,70+,PN,10414,0.0,0.0
N.45 Stulang,ethnicity,Malay,turnout,22258,0.4222751370293827,0.9005301464641926
N.45 Stulang,ethnicity,Chinese,turnout,31601,0.4084997310211702,0.7576026075124205
N.45 Stulang,ethnicity,Indian,turnout,2816,0.0,1.0
N.45 Stulang,ethnicity,Other,turnout,2016,0.0,1.0
N.45 Stulang,ethnicity,Malay,BN,22258,0.2779674723694851,0.7094078533560967
N.45 Stulang,ethnicity,Chinese,BN,31601,0.0009493370462960032,0.2572703395462169
N.45 Stulang,ethnicity,Indian,BN,2816,0.0,0.9538352272727273
N.45 Stulang,ethnicity,Other,BN,2016,0.0,1.0
N.45 Stulang,ethnicity,Malay,PH,22258,0.004582621978614431,0.36103872764848594
N.45 Stulang,ethnicity,Chinese,PH,31601,0.24195436853264138,0.5284009999683554
N.45 Stulang,ethnicity,Indian,PH,2816,0.0,0.9918323863636364
N.45 Stulang,ethnicity,Other,PH,2016,0.0,0.8546626984126984
N.45 Stulang,ethnicity,Malay,PN,22258,0.0035043579836463294,0.052924791086350974
N.45 Stulang,ethnicity,Chinese,PN,31601,0.0,0.026201702477769692
N.45 Stulang,ethnicity,Indian,PN,2816,0.0,0.2755681818181818
N.45 Stulang,ethnicity,Other,PN,2016,0.0,0.45287698412698413
N.45 Stulang,age,18-29,turnout,9090,0.4176017601760176,0.7908690869086908
N.45 Stulang,age,30-39,turnout,9855,0.32146118721461187,0.9128361237950279
N.45 Stulang,age,40-49,turnout,10526,0.370131103933118,0.8515105453163595
N.45 Stulang,age,50-59,turnout,9721,0.3936837773891575,0.8449747968316017
N.45 Stulang,age,60-69,turnout,9373,0.4654859703403393,0.8688786941214126
N.45 Stulang,age,70+,turnout,10126,0.4169464744222793,0.6517874777799724
N.45 Stulang,age,18-29,BN,9090,0.21738173817381737,0.5134213421342134
N.45 Stulang,age,30-39,BN,9855,0.12623033992897006,0.5872146118721461
N.45 Stulang,age,40-49,BN,10526,0.1073532205966179,0.4827094812844385
N.45 Stulang,age,50-59,BN,9721,0.09824092171587286,0.4569488735726777
N.45 Stulang,age,60-69,BN,9373,0.0715886055691881,0.4015790035207511
N.45 Stulang,age,70+,BN,10126,0.046711435907564686,0.23908749753110803
N.45 Stulang,age,18-29,PH,9090,0.10803080308030803,0.3314631463146315
N.45 Stulang,age,30-39,PH,9855,0.04809741248097413,0.426179604261796
N.45 Stulang,age,40-49,PH,10526,0.09718791563746912,0.44318829564886947
N.45 Stulang,age,50-59,PH,9721,0.16459212015224772,0.5213455405822446
N.45 Stulang,age,60-69,PH,9373,0.23685052811266402,0.5595860450229382
N.45 Stulang,age,70+,PH,10126,0.24985186648232274,0.4244519059845941
N.45 Stulang,age,18-29,PN,9090,0.006490649064906491,0.04697469746974697
N.45 Stulang,age,30-39,PN,9855,0.0012176560121765602,0.05966514459665145
N.45 Stulang,age,40-49,PN,10526,0.0,0.0592817784533536
N.45 Stulang,age,50-59,PN,9721,0.0041148030038061926,0.06521962761032815
N.45 Stulang,age,60-69,PN,9373,0.001066894270777766,0.04214232369572175
N.45 Stulang,age,70+,PN,10126,0.0018763578905787084,0.02360260714991112
N.46 Perling,ethnicity,Malay,turnout,40160,0.36762948207171314,0.9220368525896414
N.46 Perling,ethnicity,Chinese,turnout,51623,0.3425023729732871,0.8812351083819228
N.46 Perling,ethnicity,Indian,turnout,14630,0.0006151742993848256,0.9985645933014354
N.46 Perling,ethnicity,Other,turnout,2838,0.0,1.0
N.46 Perling,ethnicity,Malay,BN,40160,0.24636454183266931,0.7599850597609562
N.46 Perling,ethnicity,Chinese,BN,51623,0.0,0.376092051992329
N.46 Perling,ethnicity,Indian,BN,14630,0.0,0.8914559125085441
N.46 Perling,ethnicity,Other,BN,2838,0.0,1.0
N.46 Perling,ethnicity,Malay,PH,40160,0.0012948207171314741,0.40017430278884464
N.46 Perling,ethnicity,Chinese,PH,51623,0.1408287003854871,0.6022121922398931
N.46 Perling,ethnicity,Indian,PH,14630,0.0,0.9427887901572112
N.46 Perling,ethnicity,Other,PH,2838,0.0,0.9365750528541226
N.46 Perling,ethnicity,Malay,PN,40160,0.0,0.0
N.46 Perling,ethnicity,Chinese,PN,51623,0.0,0.0
N.46 Perling,ethnicity,Indian,PN,14630,0.0,0.0
N.46 Perling,ethnicity,Other,PN,2838,0.0,0.0
N.46 Perling,age,18-29,turnout,29296,0.4878823047515019,0.6617285636264336
N.46 Perling,age,30-39,turnout,21270,0.39130230371415137,0.8129290079924777
N.46 Perling,age,40-49,turnout,20812,0.432058427830098,0.850134537766673
N.46 Perling,age,50-59,turnout,17101,0.4757616513654172,0.8855622478217648
N.46 Perling,age,60-69,turnout,11214,0.42964151952915997,0.9321383984305333
N.46 Perling,age,70+,turnout,9558,0.33312408453651393,0.7265118225570203
N.46 Perling,age,18-29,BN,29296,0.21569497542326596,0.361209721463681
N.46 Perling,age,30-39,BN,21270,0.18556652562294312,0.5249177244945933
N.46 Perling,age,40-49,BN,20812,0.14241783586392465,0.4868345185469921
N.46 Perling,age,50-59,BN,17101,0.12794573416759253,0.47681422139056195
N.46 Perling,age,60-69,BN,11214,0.12225789192081327,0.5266630996968076
N.46 Perling,age,70+,BN,9558,0.0857920066959615,0.38711027411592386
N.46 Perling,age,18-29,PH,29296,0.21525122883670125,0.3362233752048061
N.46 Perling,age,30-39,PH,21270,0.10258580159849554,0.3873060648801128
N.46 Perling,age,40-49,PH,20812,0.14241783586392465,0.4510859119738612
N.46 Perling,age,50-59,PH,17101,0.20823343664113209,0.5603181100520438
N.46 Perling,age,60-69,PH,11214,0.11325129302657393,0.5615302300695559
N.46 Perling,age,70+,PH,9558,0.08160703075957314,0.42582130152751624
N.46 Perling,age,18-29,PN,29296,0.0,0.0
N.46 Perling,age,30-39,PN,21270,0.0,0.0
N.46 Perling,age,40-49,PN,20812,0.0,0.0
N.46 Perling,age,50-59,PN,17101,0.0,0.0
N.46 Perling,age,60-69,PN,11214,0.0,0.0
N.46 Perling,age,70+,PN,9558,0.0,0.0
N.47 Kempas,ethnicity,Malay,turnout,36516,0.4831580676963523,0.908642786723628
N.47 Kempas,ethnicity,Chinese,turnout,18885,0.24490336245697644,0.9459888800635425
N.47 Kempas,ethnicity,Indian,turnout,6961,0.0,1.0
N.47 Kempas,ethnicity,Other,turnout,1838,0.0,1.0
N.47 Kempas,ethnicity,Malay,BN,36516,0.31169898126848505,0.7525194435316026
N.47 Kempas,ethnicity,Chinese,BN,18885,0.002753508075191951,0.6552819698173153
N.47 Kempas,ethnicity,Indian,BN,6961,0.0,0.9952593018244505
N.47 Kempas,ethnicity,Other,BN,1838,0.0,1.0
N.47 Kempas,ethnicity,Malay,PH,36516,0.00024646730200460074,0.29176251506189066
N.47 Kempas,ethnicity,Chinese,PH,18885,0.07746889065395816,0.6677786603124173
N.47 Kempas,ethnicity,Indian,PH,6961,0.0,0.9770147967246086
N.47 Kempas,ethnicity,Other,PH,1838,0.0,0.9450489662676823
N.47 Kempas,ethnicity,Malay,PN,36516,0.0,0.0
N.47 Kempas,ethnicity,Chinese,PN,18885,0.0,0.0
N.47 Kempas,ethnicity,Indian,PN,6961,0.0,0.0
N.47 Kempas,ethnicity,Other,PN,1838,0.0,0.0
N.47 Kempas,age,18-29,turnout,14107,0.550577727369391,0.7521797689090522
N.47 Kempas,age,30-39,turnout,14043,0.48614968311614326,0.8350779747917112
N.47 Kempas,age,40-49,turnout,11987,0.472428464169517,0.8781179611245516
N.47 Kempas,age,50-59,turnout,10089,0.48448805629893943,0.9188224799286352
N.47 Kempas,age,60-69,turnout,8133,0.5166605188737243,0.9107340464773146
N.47 Kempas,age,70+,turnout,5841,0.40883410374935797,0.797808594418764
N.47 Kempas,age,18-29,BN,14107,0.367335365421422,0.5701424824555186
N.47 Kempas,age,30-39,BN,14043,0.30178736737164424,0.6585487431460514
N.47 Kempas,age,40-49,BN,11987,0.23125052139818136,0.6511220488862934
N.47 Kempas,age,50-59,BN,10089,0.2062642481910992,0.6650807810486669
N.47 Kempas,age,60-69,BN,8133,0.1937784335423583,0.5969506947006025
N.47 Kempas,age,70+,BN,5841,0.12206813901729156,0.4780003424071221
N.47 Kempas,age,18-29,PH,14107,0.08307932232225136,0.20500460764159636
N.47 Kempas,age,30-39,PH,14043,0.07306131168553728,0.293242184718365
N.47 Kempas,age,40-49,PH,11987,0.05330775006256778,0.35288228914657543
N.47 Kempas,age,50-59,PH,10089,0.07711368817524036,0.4419664981663198
N.47 Kempas,age,60-69,PH,8133,0.1283659166359277,0.47522439444239517
N.47 Kempas,age,70+,PH,5841,0.09518917993494265,0.3845231980825201
N.47 Kempas,age,18-29,PN,14107,0.0,0.0
N.47 Kempas,age,30-39,PN,14043,0.0,0.0
N.47 Kempas,age,40-49,PN,11987,0.0,0.0
N.47 Kempas,age,50-59,PN,10089,0.0,0.0
N.47 Kempas,age,60-69,PN,8133,0.0,0.0
N.47 Kempas,age,70+,PN,5841,0.0,0.0
N.48 Skudai,ethnicity,Malay,turnout,23398,0.08410975297033935,1.0
N.48 Skudai,ethnicity,Chinese,turnout,65275,0.4242052853312907,0.9041440061279203
N.48 Skudai,ethnicity,Indian,turnout,14970,0.026586506346025385,1.0
N.48 Skudai,ethnicity,Other,turnout,2433,0.0,1.0
N.48 Skudai,ethnicity,Malay,BN,23398,0.009530729122147192,0.8985383366099666
N.48 Skudai,ethnicity,Chinese,BN,65275,0.0011336652623515895,0.35097663730371503
N.48 Skudai,ethnicity,Indian,BN,14970,0.0,0.9013360053440214
N.48 Skudai,ethnicity,Other,BN,2433,0.0,0.9926017262638718
N.48 Skudai,ethnicity,Malay,PH,23398,0.0,0.8417813488332336
N.48 Skudai,ethnicity,Chinese,PH,65275,0.15639984680199157,0.6016851780926848
N.48 Skudai,ethnicity,Indian,PH,14970,0.0,0.9477621910487642
N.48 Skudai,ethnicity,Other,PH,2433,0.0,0.9913686806411838
N.48 Skudai,ethnicity,Malay,PN,23398,0.0,0.0
N.48 Skudai,ethnicity,Chinese,PN,65275,0.0,0.0
N.48 Skudai,ethnicity,Indian,PN,14970,0.0,0.0
N.48 Skudai,ethnicity,Other,PN,2433,0.0,0.0
N.48 Skudai,age,18-29,turnout,22838,0.469612050091952,0.6506261494001226
N.48 Skudai,age,30-39,turnout,21794,0.41075525373956134,0.7871891346242085
N.48 Skudai,age,40-49,turnout,19254,0.4190817492469097,0.8427339773553547
N.48 Skudai,age,50-59,turnout,17596,0.4959649920436463,0.8772448283700841
N.48 Skudai,age,60-69,turnout,14827,0.5331489849598705,0.9109057799959533
N.48 Skudai,age,70+,turnout,9767,0.44097471076072486,0.8190846728780588
N.48 Skudai,age,18-29,BN,22838,0.17361415185217619,0.3147823802434539
N.48 Skudai,age,30-39,BN,21794,0.1092961365513444,0.3918509681563733
N.48 Skudai,age,40-49,BN,19254,0.08668328658979953,0.4095252934455178
N.48 Skudai,age,50-59,BN,17596,0.06876562855194363,0.3886678790634235
N.48 Skudai,age,60-69,BN,14827,0.0586092938558036,0.3634585553382343
N.48 Skudai,age,70+,BN,9767,0.03890652196170779,0.3331626906931504
N.48 Skudai,age,18-29,PH,22838,0.23439005166827218,0.3853227077677555
N.48 Skudai,age,30-39,PH,21794,0.15752041846379738,0.48985959438377535
N.48 Skudai,age,40-49,PH,19254,0.14178871922717357,0.5612859665524047
N.48 Skudai,age,50-59,PH,17596,0.20618322345987725,0.6518526937940441
N.48 Skudai,age,60-69,PH,14827,0.2457678559384906,0.7206447696769407
N.48 Skudai,age,70+,PH,9767,0.1942254530562097,0.6222995802191051
N.48 Skudai,age,18-29,PN,22838,0.0,0.0
N.48 Skudai,age,30-39,PN,21794,0.0,0.0
N.48 Skudai,age,40-49,PN,19254,0.0,0.0
N.48 Skudai,age,50-59,PN,17596,0.0,0.0
N.48 Skudai,age,60-69,PN,14827,0.0,0.0
N.48 Skudai,age,70+,PN,9767,0.0,0.0
N.49 Kota Iskandar,ethnicity,Malay,turnout,65358,0.40559686648918264,0.9652529147158726
N.49 Kota Iskandar,ethnicity,Chinese,turnout,45164,0.23543087414755115,0.993756088920379
N.49 Kota Iskandar,ethnicity,Indian,turnout,18567,0.003231539828728389,1.0
N.49 Kota Iskandar,ethnicity,Other,turnout,2726,0.0,1.0
N.49 Kota Iskandar,ethnicity,Malay,BN,65358,0.18111019309036383,0.7866978793720738
N.49 Kota Iskandar,ethnicity,Chinese,BN,45164,0.0008413780887432468,0.6985652289434062
N.49 Kota Iskandar,ethnicity,Indian,BN,18567,0.0,0.9917057144395971
N.49 Kota Iskandar,ethnicity,Other,BN,2726,0.0,1.0
N.49 Kota Iskandar,ethnicity,Malay,PH,65358,0.0002601058783928517,0.4193059763150647
N.49 Kota Iskandar,ethnicity,Chinese,PH,45164,0.02780975998582942,0.6831768665308653
N.49 Kota Iskandar,ethnicity,Indian,PH,18567,0.0,0.9501804276404373
N.49 Kota Iskandar,ethnicity,Other,PH,2726,0.0,0.9702861335289802
N.49 Kota Iskandar,ethnicity,Malay,PN,65358,9.180207472688883e-05,0.04926711343676367
N.49 Kota Iskandar,ethnicity,Chinese,PN,45164,0.0,0.07045434416792136
N.49 Kota Iskandar,ethnicity,Indian,PN,18567,0.0,0.16599342920234825
N.49 Kota Iskandar,ethnicity,Other,PN,2726,0.0,0.7116654438738078
N.49 Kota Iskandar,age,18-29,turnout,42571,0.5794320077047755,0.6897183528693241
N.49 Kota Iskandar,age,30-39,turnout,30357,0.5300589649833646,0.7742859966399842
N.49 Kota Iskandar,age,40-49,turnout,23368,0.5368880520369737,0.843461143444026
N.49 Kota Iskandar,age,50-59,turnout,18229,0.59229798672445,0.9145317900049372
N.49 Kota Iskandar,age,60-69,turnout,11487,0.49769304431096023,0.9711848176199182
N.49 Kota Iskandar,age,70+,turnout,5803,0.2879545062898501,0.9376184732035154
N.49 Kota Iskandar,age,18-29,BN,42571,0.346198116088417,0.45180991754950556
N.49 Kota Iskandar,age,30-39,BN,30357,0.284020160094871,0.5165859604045195
N.49 Kota Iskandar,age,40-49,BN,23368,0.23450872988702498,0.5400119821978775
N.49 Kota Iskandar,age,50-59,BN,18229,0.21202479565527457,0.5734818146908772
N.49 Kota Iskandar,age,60-69,BN,11487,0.10202837990772178,0.6560459650039174
N.49 Kota Iskandar,age,70+,BN,5803,0.04514906083060486,0.7056694813027744
N.49 Kota Iskandar,age,18-29,PH,42571,0.16100162082168612,0.2466467783232717
N.49 Kota Iskandar,age,30-39,PH,30357,0.12148763053002602,0.31804855552261424
N.49 Kota Iskandar,age,40-49,PH,23368,0.12012153372132832,0.3915611092091749
N.49 Kota Iskandar,age,50-59,PH,18229,0.13983213560809699,0.46623511986395305
N.49 Kota Iskandar,age,60-69,PH,11487,0.09236528249325324,0.5355619395838774
N.49 Kota Iskandar,age,70+,PH,5803,0.04101326899879373,0.5767706358779942
N.49 Kota Iskandar,age,18-29,PN,42571,0.01705386295835193,0.03342651100514435
N.49 Kota Iskandar,age,30-39,PN,30357,0.008531804855552261,0.04424020818921501
N.49 Kota Iskandar,age,40-49,PN,23368,0.011639849366655255,0.060980828483396095
N.49 Kota Iskandar,age,50-59,PN,18229,0.005485764441274891,0.0608919852981513
N.49 Kota Iskandar,age,60-69,PN,11487,0.0016540437015756942,0.0497083659789327
N.49 Kota Iskandar,age,70+,PN,5803,0.0,0.053248319834568326
N.50 Bukit Permai,ethnicity,Malay,turnout,24341,0.5464853539295839,0.9275296824288238
N.50 Bukit Permai,ethnicity,Chinese,turnout,13781,0.33052753791452,0.9721355489441985
N.50 Bukit Permai,ethnicity,Indian,turnout,5844,0.030971937029431896,1.0
N.50 Bukit Permai,ethnicity,Other,turnout,853,0.0,1.0
N.50 Bukit Permai,ethnicity,Malay,BN,24341,0.3896306643112444,0.846021116634485
N.50 Bukit Permai,ethnicity,Chinese,BN,13781,0.008707640954937958,0.6987881866337712
N.50 Bukit Permai,ethnicity,Indian,BN,5844,0.0,0.9955509924709104
N.50 Bukit Permai,ethnicity,Other,BN,853,0.0,1.0
N.50 Bukit Permai,ethnicity,Malay,PH,24341,0.0034098845569204223,0.2929624912698739
N.50 Bukit Permai,ethnicity,Chinese,PH,13781,0.07706262245120094,0.6477033596981351
N.50 Bukit Permai,ethnicity,Indian,PH,5844,0.0,0.8754277891854894
N.50 Bukit Permai,ethnicity,Other,PH,853,0.0,0.9343493552168816
N.50 Bukit Permai,ethnicity,Malay,PN,24341,0.001150322501129781,0.030319214494063513
N.50 Bukit Permai,ethnicity,Chinese,PN,13781,0.0,0.044916914592554966
N.50 Bukit Permai,ethnicity,Indian,PN,5844,0.0,0.10831622176591375
N.50 Bukit Permai,ethnicity,Other,PN,853,0.0,0.6166471277842908
N.50 Bukit Permai,age,18-29,turnout,14461,0.5986446303851739,0.7717308623193416
N.50 Bukit Permai,age,30-39,turnout,9059,0.4579975714758803,0.8810023181366596
N.50 Bukit Permai,age,40-49,turnout,7870,0.5207115628970775,0.9284625158831004
N.50 Bukit Permai,age,50-59,turnout,6657,0.6166441339942917,0.9639477242000901
N.50 Bukit Permai,age,60-69,turnout,4058,0.46623952686052245,0.9704287826515525
N.50 Bukit Permai,age,70+,turnout,2714,0.41046425939572584,0.9819454679439941
N.50 Bukit Permai,age,18-29,BN,14461,0.4023234907682733,0.5799045709148745
N.50 Bukit Permai,age,30-39,BN,9059,0.24881333480516613,0.6961033226625455
N.50 Bukit Permai,age,40-49,BN,7870,0.2604828462515883,0.7069885641677255
N.50 Bukit Permai,age,50-59,BN,6657,0.266937058735166,0.6836412798557909
N.50 Bukit Permai,age,60-69,BN,4058,0.1527846229669788,0.7604731394775751
N.50 Bukit Permai,age,70+,BN,2714,0.12896094325718496,0.7078113485630066
N.50 Bukit Permai,age,18-29,PH,14461,0.1255791439042943,0.231450107184842
N.50 Bukit Permai,age,30-39,PH,9059,0.059719615851639256,0.32166905839496635
N.50 Bukit Permai,age,40-49,PH,7870,0.06632782719186785,0.37141041931385005
N.50 Bukit Permai,age,50-59,PH,6657,0.08517350157728706,0.42331380501727506
N.50 Bukit Permai,age,60-69,PH,4058,0.05421389847215377,0.5219319862000986
N.50 Bukit Permai,age,70+,PH,2714,0.05969049373618276,0.4657332350773766
N.50 Bukit Permai,age,18-29,PN,14461,0.01016527211119563,0.024894543945785216
N.50 Bukit Permai,age,30-39,PN,9059,0.00441549839938183,0.039077160834529195
N.50 Bukit Permai,age,40-49,PN,7870,0.005844980940279542,0.05019059720457433
N.50 Bukit Permai,age,50-59,PN,6657,0.0,0.04446447348655551
N.50 Bukit Permai,age,60-69,PN,4058,0.0032035485460818135,0.04657466732380483
N.50 Bukit Permai,age,70+,PN,2714,0.0,0.04863669859985262
N.51 Bukit Batu,ethnicity,Malay,turnout,18815,0.3866595801222429,0.967951102843476
N.51 Bukit Batu,ethnicity,Chinese,turnout,26077,0.4863672968516317,0.9466196264907774
N.51 Bukit Batu,ethnicity,Indian,turnout,4225,0.0028402366863905324,1.0
N.51 Bukit Batu,ethnicity,Other,turnout,762,0.0,1.0
N.51 Bukit Batu,ethnicity,Malay,BN,18815,0.1944724953494552,0.8435290991230401
N.51 Bukit Batu,ethnicity,Chinese,BN,26077,0.009395252521378994,0.4528895194999425
N.51 Bukit Batu,ethnicity,Indian,BN,4225,0.0,1.0
N.51 Bukit Batu,ethnicity,Other,BN,762,0.0,1.0
N.51 Bukit Batu,ethnicity,Malay,PH,18815,0.0018602179112410311,0.5349986712729206
N.51 Bukit Batu,ethnicity,Chinese,PH,26077,0.18380181769375312,0.6332400199409441
N.51 Bukit Batu,ethnicity,Indian,PH,4225,0.0,0.9898224852071006
N.51 Bukit Batu,ethnicity,Other,PH,762,0.0,0.9960629921259843
N.51 Bukit Batu,ethnicity,Malay,PN,18815,0.0,0.0
N.51 Bukit Batu,ethnicity,Chinese,PN,26077,0.0,0.0
N.51 Bukit Batu,ethnicity,Indian,PN,4225,0.0,0.0
N.51 Bukit Batu,ethnicity,Other,PN,762,0.0,0.0
N.51 Bukit Batu,age,18-29,turnout,14396,0.5959294248402334,0.7597943873298139
N.51 Bukit Batu,age,30-39,turnout,10837,0.4928485743286887,0.8046507335978592
N.51 Bukit Batu,age,40-49,turnout,8509,0.5288518039722646,0.8878834175578799
N.51 Bukit Batu,age,50-59,turnout,7555,0.585572468563865,0.9448047650562541
N.51 Bukit Batu,age,60-69,turnout,4951,0.5221167440921026,0.9899010300949304
N.51 Bukit Batu,age,70+,turnout,3631,0.46543651886532633,0.8928669787937208
N.51 Bukit Batu,age,18-29,BN,14396,0.297582661850514,0.4480411225340372
N.51 Bukit Batu,age,30-39,BN,10837,0.21297407031466273,0.5041063024822368
N.51 Bukit Batu,age,40-49,BN,8509,0.13432835820895522,0.5047596662357504
N.51 Bukit Batu,age,50-59,BN,7555,0.11383189940436797,0.544142951687624
N.51 Bukit Batu,age,60-69,BN,4951,0.0383760856392648,0.5594829327408605
N.51 Bukit Batu,age,70+,BN,3631,0.05287799504268796,0.4535940512255577
N.51 Bukit Batu,age,18-29,PH,14396,0.19616560155598778,0.3393303695470964
N.51 Bukit Batu,age,30-39,PH,10837,0.16360616406754636,0.4495709144597213
N.51 Bukit Batu,age,40-49,PH,8509,0.15066400282054296,0.555176871547773
N.51 Bukit Batu,age,50-59,PH,7555,0.1687624090006618,0.6586366644606221
N.51 Bukit Batu,age,60-69,PH,4951,0.17612603514441527,0.716218945667542
N.51 Bukit Batu,age,70+,PH,3631,0.19416138804736988,0.5970806940236849
N.51 Bukit Batu,age,18-29,PN,14396,0.0,0.0
N.51 Bukit Batu,age,30-39,PN,10837,0.0,0.0
N.51 Bukit Batu,age,40-49,PN,8509,0.0,0.0
N.51 Bukit Batu,age,50-59,PN,7555,0.0,0.0
N.51 Bukit Batu,age,60-69,PN,4951,0.0,0.0
N.51 Bukit Batu,age,70+,PN,3631,0.0,0.0
N.52 Senai,ethnicity,Malay,turnout,19102,0.23243639409485917,0.9954455030886818
N.52 Senai,ethnicity,Chinese,turnout,36698,0.4714153359856123,0.9217123548967247
N.52 Senai,ethnicity,Indian,turnout,8488,0.002238454288407163,1.0
N.52 Senai,ethnicity,Other,turnout,1658,0.0,1.0
N.52 Senai,ethnicity,Malay,BN,19102,0.06313475028792796,0.9216312428018009
N.52 Senai,ethnicity,Chinese,BN,36698,0.00896506621614257,0.4360183116246117
N.52 Senai,ethnicity,Indian,BN,8488,0.0,0.9971724787935909
N.52 Senai,ethnicity,Other,BN,1658,0.0,1.0
N.52 Senai,ethnicity,Malay,PH,19102,0.0,0.673542037482986
N.52 Senai,ethnicity,Chinese,PH,36698,0.20041964139735136,0.6478009700801134
N.52 Senai,ethnicity,Indian,PH,8488,0.0,0.9639491046182846
N.52 Senai,ethnicity,Other,PH,1658,0.0,1.0
N.52 Senai,ethnicity,Malay,PN,19102,0.0,0.0
N.52 Senai,ethnicity,Chinese,PN,36698,0.0,0.0
N.52 Senai,ethnicity,Indian,PN,8488,0.0,0.0
N.52 Senai,ethnicity,Other,PN,1658,0.0,0.0
N.52 Senai,age,18-29,turnout,15835,0.5257341332491317,0.7801705083675402
N.52 Senai,age,30-39,turnout,13098,0.39410597037715683,0.871201710184761
N.52 Senai,age,40-49,turnout,10844,0.4350793065289561,0.916082626337145
N.52 Senai,age,50-59,turnout,10822,0.5742007022731473,0.9369802254666421
N.52 Senai,age,60-69,turnout,8403,0.5425443294061645,0.9481137688920623
N.52 Senai,age,70+,turnout,6944,0.4447004608294931,0.8323732718894009
N.52 Senai,age,18-29,BN,15835,0.24837385538364382,0.4613198610672561
N.52 Senai,age,30-39,BN,13098,0.14376240647427088,0.556268132539319
N.52 Senai,age,40-49,BN,10844,0.10309848764293618,0.5375322759129473
N.52 Senai,age,50-59,BN,10822,0.09878026242838663,0.45425984106449824
N.52 Senai,age,60-69,BN,8403,0.08044745924074735,0.4532904914911341
N.52 Senai,age,70+,BN,6944,0.025921658986175114,0.35397465437788017
N.52 Senai,age,18-29,PH,15835,0.16229870539943164,0.39608462267129774
N.52 Senai,age,30-39,PH,13098,0.10261108566193312,0.5502366773553214
N.52 Senai,age,40-49,PH,10844,0.09959424566580598,0.6184987089634821
N.52 Senai,age,50-59,PH,10822,0.20680096100535944,0.6803733136204029
N.52 Senai,age,60-69,PH,8403,0.21801737474711413,0.7342615732476496
N.52 Senai,age,70+,PH,6944,0.2029089861751152,0.6329205069124424
N.52 Senai,age,18-29,PN,15835,0.0,0.0
N.52 Senai,age,30-39,PN,13098,0.0,0.0
N.52 Senai,age,40-49,PN,10844,0.0,0.0
N.52 Senai,age,50-59,PN,10822,0.0,0.0
N.52 Senai,age,60-69,PN,8403,0.0,0.0
N.52 Senai,age,70+,PN,6944,0.0,0.0
N.53 Benut,ethnicity,Malay,turnout,23398,0.6798444311479613,0.8903325070518848
N.53 Benut,ethnicity,Chinese,turnout,4652,0.05631986242476354,0.9825881341358556
N.53 Benut,ethnicity,Indian,turnout,43,0.0,1.0
N.53 Benut,ethnicity,Other,turnout,692,0.0,1.0
N.53 Benut,ethnicity,Malay,BN,23398,0.5547910077784426,0.7766048380203436
N.53 Benut,ethnicity,Chinese,BN,4652,0.003869303525365434,0.9645313843508169
N.53 Benut,ethnicity,Indian,BN,43,0.0,1.0
N.53 Benut,ethnicity,Other,BN,692,0.0,1.0
N.53 Benut,ethnicity,Malay,PH,23398,0.0011966834772202753,0.11864261902726729
N.53 Benut,ethnicity,Chinese,PH,4652,0.0,0.5838349097162511
N.53 Benut,ethnicity,Indian,PH,43,0.0,1.0
N.53 Benut,ethnicity,Other,PH,692,0.0,0.9739884393063584
N.53 Benut,ethnicity,Malay,PN,23398,0.0,0.0
N.53 Benut,ethnicity,Chinese,PN,4652,0.0,0.0
N.53 Benut,ethnicity,Indian,PN,43,0.0,0.0
N.53 Benut,ethnicity,Other,PN,692,0.0,0.0
N.53 Benut,age,18-29,turnout,6478,0.5932386539055264,0.9073788206236493
N.53 Benut,age,30-39,turnout,6547,0.41423552772262107,0.9396670230639987
N.53 Benut,age,40-49,turnout,5276,0.45166793025018953,0.9859742228961335
N.53 Benut,age,50-59,turnout,4222,0.4315490288962577,1.0
N.53 Benut,age,60-69,turnout,3270,0.363914373088685,0.9886850152905199
N.53 Benut,age,70+,turnout,2992,0.3465909090909091,0.9488636363636364
N.53 Benut,age,18-29,BN,6478,0.503704847175054,0.8587527014510652
N.53 Benut,age,30-39,BN,6547,0.2998319841148618,0.8973575683519169
N.53 Benut,age,40-49,BN,5276,0.3043972706595906,0.9651250947687642
N.53 Benut,age,50-59,BN,4222,0.2418285172903837,0.9777356702984368
N.53 Benut,age,60-69,BN,3270,0.1547400611620795,0.9250764525993884
N.53 Benut,age,70+,BN,2992,0.1497326203208556,0.8482620320855615
N.53 Benut,age,18-29,PH,6478,0.01373880827415869,0.14989194195739425
N.53 Benut,age,30-39,PH,6547,0.008248052543149535,0.215060332976936
N.53 Benut,age,40-49,PH,5276,0.0,0.2272554965883245
N.53 Benut,age,50-59,PH,4222,0.0,0.335386072951208
N.53 Benut,age,60-69,PH,3270,0.012844036697247707,0.336085626911315
N.53 Benut,age,70+,PH,2992,0.0,0.25
N.53 Benut,age,18-29,PN,6478,0.0,0.0
N.53 Benut,age,30-39,PN,6547,0.0,0.0
N.53 Benut,age,40-49,PN,5276,0.0,0.0
N.53 Benut,age,50-59,PN,4222,0.0,0.0
N.53 Benut,age,60-69,PN,3270,0.0,0.0
N.53 Benut,age,70+,PN,2992,0.0,0.0
N.54 Pulai Sebatang,ethnicity,Malay,turnout,29823,0.5596351809006471,0.925225497099554
N.54 Pulai Sebatang,ethnicity,Chinese,turnout,15856,0.27749747729566093,0.921228557013118
N.54 Pulai Sebatang,ethnicity,Indian,turnout,692,0.0,1.0
N.54 Pulai Sebatang,ethnicity,Other,turnout,1258,0.0,1.0
N.54 Pulai Sebatang,ethnicity,Malay,BN,29823,0.3664621265466251,0.7602856855447138
N.54 Pulai Sebatang,ethnicity,Chinese,BN,15856,0.013307265388496468,0.674508072653885
N.54 Pulai Sebatang,ethnicity,Indian,BN,692,0.0,1.0
N.54 Pulai Sebatang,ethnicity,Other,BN,1258,0.0,1.0
N.54 Pulai Sebatang,ethnicity,Malay,PH,29823,0.0029842738825738525,0.26104013680716226
N.54 Pulai Sebatang,ethnicity,Chinese,PH,15856,0.11339556004036327,0.6003405650857719
N.54 Pulai Sebatang,ethnicity,Indian,PH,692,0.0,1.0
N.54 Pulai Sebatang,ethnicity,Other,PH,1258,0.0,1.0
N.54 Pulai Sebatang,ethnicity,Malay,PN,29823,0.0,0.0
N.54 Pulai Sebatang,ethnicity,Chinese,PN,15856,0.0,0.0
N.54 Pulai Sebatang,ethnicity,Indian,PN,692,0.0,0.0
N.54 Pulai Sebatang,ethnicity,Other,PN,1258,0.0,0.0
N.54 Pulai Sebatang,age,18-29,turnout,10373,0.5174009447604357,0.8453677817410585
N.54 Pulai Sebatang,age,30-39,turnout,10342,0.41974473022626185,0.9034035969831754
N.54 Pulai Sebatang,age,40-49,turnout,8580,0.4134032634032634,0.9180652680652681
N.54 Pulai Sebatang,age,50-59,turnout,6957,0.40635331320971685,0.9659335920655455
N.54 Pulai Sebatang,age,60-69,turnout,5753,0.4656700851729532,0.977576916391448
N.54 Pulai Sebatang,age,70+,turnout,5624,0.3627311522048364,0.8349928876244666
N.54 Pulai Sebatang,age,18-29,BN,10373,0.3623831099971079,0.7161862527716186
N.54 Pulai Sebatang,age,30-39,BN,10342,0.23245020305550185,0.753722684200348
N.54 Pulai Sebatang,age,40-49,BN,8580,0.21643356643356643,0.7861305361305362
N.54 Pulai Sebatang,age,50-59,BN,6957,0.13123472761247665,0.7990513152220785
N.54 Pulai Sebatang,age,60-69,BN,5753,0.1447940205110377,0.7251868590300713
N.54 Pulai Sebatang,age,70+,BN,5624,0.11379800853485064,0.580547652916074
N.54 Pulai Sebatang,age,18-29,PH,10373,0.07355634821170347,0.2738841222404319
N.54 Pulai Sebatang,age,30-39,PH,10342,0.03567975246567395,0.3264358924772771
N.54 Pulai Sebatang,age,40-49,PH,8580,0.05757575757575758,0.4194638694638695
N.54 Pulai Sebatang,age,50-59,PH,6957,0.05289636337501797,0.53126347563605
N.54 Pulai Sebatang,age,60-69,PH,5753,0.07995828263514689,0.5285937771597428
N.54 Pulai Sebatang,age,70+,PH,5624,0.07183499288762446,0.40825035561877665
N.54 Pulai Sebatang,age,18-29,PN,10373,0.0,0.0
N.54 Pulai Sebatang,age,30-39,PN,10342,0.0,0.0
N.54 Pulai Sebatang,age,40-49,PN,8580,0.0,0.0
N.54 Pulai Sebatang,age,50-59,PN,6957,0.0,0.0
N.54 Pulai Sebatang,age,60-69,PN,5753,0.0,0.0
N.54 Pulai Sebatang,age,70+,PN,5624,0.0,0.0
N.55 Pekan Nanas,ethnicity,Malay,turnout,21080,0.6046963946869071,0.9311669829222011
N.55 Pekan Nanas,ethnicity,Chinese,turnout,15396,0.4833073525591063,0.9204988308651598
N.55 Pekan Nanas,ethnicity,Indian,turnout,422,0.0,1.0
N.55 Pekan Nanas,ethnicity,Other,turnout,633,0.0,1.0
N.55 Pekan Nanas,ethnicity,Malay,BN,21080,0.4629981024667932,0.8379506641366223
N.55 Pekan Nanas,ethnicity,Chinese,BN,15396,0.10885944401143154,0.6050922317485061
N.55 Pekan Nanas,ethnicity,Indian,BN,422,0.0,1.0
N.55 Pekan Nanas,ethnicity,Other,BN,633,0.0,1.0
N.55 Pekan Nanas,ethnicity,Malay,PH,21080,0.008396584440227704,0.2509487666034156
N.55 Pekan Nanas,ethnicity,Chinese,PH,15396,0.13698363211223694,0.47434398545076645
N.55 Pekan Nanas,ethnicity,Indian,PH,422,0.0,1.0
N.55 Pekan Nanas,ethnicity,Other,PH,633,0.0,0.9984202211690363
N.55 Pekan Nanas,ethnicity,Malay,PN,21080,0.0,0.0
N.55 Pekan Nanas,ethnicity,Chinese,PN,15396,0.0,0.0
N.55 Pekan Nanas,ethnicity,Indian,PN,422,0.0,0.0
N.55 Pekan Nanas,ethnicity,Other,PN,633,0.0,0.0
N.55 Pekan Nanas,age,18-29,turnout,9137,0.5983364342782095,0.814381087884426
N.55 Pekan Nanas,age,30-39,turnout,8005,0.5106808244846971,0.9360399750156152
N.55 Pekan Nanas,age,40-49,turnout,6559,0.5141027595670071,0.9724043299283427
N.55 Pekan Nanas,age,50-59,turnout,5846,0.5665412247690729,0.9741703729045501
N.55 Pekan Nanas,age,60-69,turnout,4237,0.5246636771300448,0.9695539296672173
N.55 Pekan Nanas,age,70+,turnout,3747,0.452095009340806,0.8676274352815586
N.55 Pekan Nanas,age,18-29,BN,9137,0.4386560140089745,0.6875342015978987
N.55 Pekan Nanas,age,30-39,BN,8005,0.30356027482823233,0.7847595252966896
N.55 Pekan Nanas,age,40-49,BN,6559,0.21466686994968745,0.8008842811404178
N.55 Pekan Nanas,age,50-59,BN,5846,0.2078344166951762,0.8060212110845022
N.55 Pekan Nanas,age,60-69,BN,4237,0.15860278498937927,0.7703563842341279
N.55 Pekan Nanas,age,70+,BN,3747,0.17694155324259409,0.7107018948492128
N.55 Pekan Nanas,age,18-29,PH,9137,0.09138666958520301,0.2356353288825654
N.55 Pekan Nanas,age,30-39,PH,8005,0.04122423485321674,0.33516552154903184
N.55 Pekan Nanas,age,40-49,PH,6559,0.025308736087818265,0.44793413630126544
N.55 Pekan Nanas,age,50-59,PH,5846,0.06004105371193979,0.49264454327745466
N.55 Pekan Nanas,age,60-69,PH,4237,0.07387302336558886,0.47533632286995514
N.55 Pekan Nanas,age,70+,PH,3747,0.052575393648251936,0.3498799039231385
N.55 Pekan Nanas,age,18-29,PN,9137,0.0,0.0
N.55 Pekan Nanas,age,30-39,PN,8005,0.0,0.0
N.55 Pekan Nanas,age,40-49,PN,6559,0.0,0.0
N.55 Pekan Nanas,age,50-59,PN,5846,0.0,0.0
N.55 Pekan Nanas,age,60-69,PN,4237,0.0,0.0
N.55 Pekan Nanas,age,70+,PN,3747,0.0,0.0
N.56 Kukup,ethnicity,Malay,turnout,20903,0.5866143615748936,0.9345070085633641
N.56 Kukup,ethnicity,Chinese,turnout,12854,0.3996421347440485,0.9460868212229656
N.56 Kukup,ethnicity,Indian,turnout,296,0.0,1.0
N.56 Kukup,ethnicity,Other,turnout,624,0.0,1.0
N.56 Kukup,ethnicity,Malay,BN,20903,0.44505573362675216,0.8360044012821126
N.56 Kukup,ethnicity,Chinese,BN,12854,0.024272599968881283,0.6311653959856854
N.56 Kukup,ethnicity,Indian,BN,296,0.0,1.0
N.56 Kukup,ethnicity,Other,BN,624,0.0,1.0
N.56 Kukup,ethnicity,Malay,PH,20903,0.0018179208726020188,0.2826866956896139
N.56 Kukup,ethnicity,Chinese,PH,12854,0.0678388050412323,0.5336860121363
N.56 Kukup,ethnicity,Indian,PH,296,0.0,1.0
N.56 Kukup,ethnicity,Other,PH,624,0.0,0.9439102564102564
N.56 Kukup,ethnicity,Malay,PN,20903,0.0,0.0
N.56 Kukup,ethnicity,Chinese,PN,12854,0.0,0.0
N.56 Kukup,ethnicity,Indian,PN,296,0.0,0.0
N.56 Kukup,ethnicity,Other,PN,624,0.0,0.0
N.56 Kukup,age,18-29,turnout,7323,0.6091765669807456,0.8249351358732759
N.56 Kukup,age,30-39,turnout,7308,0.5281882868089764,0.870415982484948
N.56 Kukup,age,40-49,turnout,6193,0.4870014532536735,0.914419505893751
N.56 Kukup,age,50-59,turnout,5216,0.5187883435582822,0.9445935582822086
N.56 Kukup,age,60-69,turnout,4600,0.48891304347826087,0.9406521739130435
N.56 Kukup,age,70+,turnout,4037,0.43522417636859057,0.8865494178845678
N.56 Kukup,age,18-29,BN,7323,0.4274204560972279,0.6889253038372252
N.56 Kukup,age,30-39,BN,7308,0.31540777230432404,0.7182539682539683
N.56 Kukup,age,40-49,BN,6193,0.2652995317293719,0.7548845470692718
N.56 Kukup,age,50-59,BN,5216,0.24175613496932516,0.7802914110429447
N.56 Kukup,age,60-69,BN,4600,0.21108695652173914,0.7369565217391304
N.56 Kukup,age,70+,BN,4037,0.15060688630170918,0.6410701015605648
N.56 Kukup,age,18-29,PH,7323,0.11511675542810323,0.23624197733169466
N.56 Kukup,age,30-39,PH,7308,0.08607006020799124,0.29666119321291734
N.56 Kukup,age,40-49,PH,6193,0.0905861456483126,0.383497497174229
N.56 Kukup,age,50-59,PH,5216,0.09681748466257668,0.4027990797546012
N.56 Kukup,age,60-69,PH,4600,0.10108695652173913,0.43521739130434783
N.56 Kukup,age,70+,PH,4037,0.05127569977706217,0.3453059202378003
N.56 Kukup,age,18-29,PN,7323,0.0,0.0
N.56 Kukup,age,30-39,PN,7308,0.0,0.0
N.56 Kukup,age,40-49,PN,6193,0.0,0.0
N.56 Kukup,age,50-59,PN,5216,0.0,0.0
N.56 Kukup,age,60-69,PN,4600,0.0,0.0
N.56 Kukup,age,70+,PN,4037,0.0,0.0
