cluster,dim,group,estimand,registered,lo,hi
N.01 Buloh Kasap,ethnicity,Malay,turnout,15902,0.4894981763300214,0.7801534398188907
N.01 Buloh Kasap,ethnicity,Chinese,turnout,8979,0.15959460964472658,0.7322641719567881
N.01 Buloh Kasap,ethnicity,Indian,turnout,3138,0.02708731676226896,0.982791586998088
N.01 Buloh Kasap,ethnicity,Other,turnout,449,0.0,1.0
N.01 Buloh Kasap,ethnicity,Malay,BN,15902,0.3249905672242485,0.5310023896365237
N.01 Buloh Kasap,ethnicity,Chinese,BN,8979,0.004120726138768237,0.30326316961799754
N.01 Buloh Kasap,ethnicity,Indian,BN,3138,0.0,0.7425111536010197
N.01 Buloh Kasap,ethnicity,Other,BN,449,0.0,1.0
N.01 Buloh Kasap,ethnicity,Malay,PH,15902,0.0016978996352660042,0.1578417809080619
N.01 Buloh Kasap,ethnicity,Chinese,PH,8979,0.04922597171177191,0.37699075620893197
N.01 Buloh Kasap,ethnicity,Indian,PH,3138,0.0,0.6676226896112173
N.01 Buloh Kasap,ethnicity,Other,PH,449,0.0,0.6169265033407573
N.01 Buloh Kasap,ethnicity,Malay,PN,15902,0.07973839768582568,0.1845050936989058
N.01 Buloh Kasap,ethnicity,Chinese,PN,8979,0.0,0.13899097895088539
N.01 Buloh Kasap,ethnicity,Indian,PN,3138,0.0,0.3897386870618228
N.01 Buloh Kasap,ethnicity,Other,PN,449,0.0,0.9643652561247216
N.01 Buloh Kasap,age,18-29,turnout,6835,0.29831748354059984,0.718215069495245
N.01 Buloh Kasap,age,30-39,turnout,7112,0.2296119235095613,0.7289088863892014
N.01 Buloh Kasap,age,40-49,turnout,4720,0.16016949152542373,0.8434322033898305
N.01 Buloh Kasap,age,50-59,turnout,3795,0.2005270092226614,0.9201581027667984
N.01 Buloh Kasap,age,60-69,turnout,3743,0.3104461661768635,0.9283996794015495
N.01 Buloh Kasap,age,70+,turnout,2263,0.12991604065399912,0.8912947414935926
N.01 Buloh Kasap,age,18-29,BN,6835,0.11338697878566203,0.49012435991221653
N.01 Buloh Kasap,age,30-39,BN,7112,0.1032058492688414,0.515748031496063
N.01 Buloh Kasap,age,40-49,BN,4720,0.0423728813559322,0.5968220338983051
N.01 Buloh Kasap,age,50-59,BN,3795,0.0023715415019762848,0.6901185770750988
N.01 Buloh Kasap,age,60-69,BN,3743,0.1437349719476356,0.6884851723216671
N.01 Buloh Kasap,age,70+,BN,2263,0.009279717189571365,0.6880247459125055
N.01 Buloh Kasap,age,18-29,PH,6835,0.0592538405267008,0.17425018288222385
N.01 Buloh Kasap,age,30-39,PH,7112,0.02784026996625422,0.187710911136108
N.01 Buloh Kasap,age,40-49,PH,4720,0.03135593220338983,0.3336864406779661
N.01 Buloh Kasap,age,50-59,PH,3795,0.0023715415019762848,0.34545454545454546
N.01 Buloh Kasap,age,60-69,PH,3743,0.047822602190756076,0.3125834891798023
N.01 Buloh Kasap,age,70+,PH,2263,0.005302695536897923,0.34776844896155545
N.01 Buloh Kasap,age,18-29,PN,6835,0.037161667885881496,0.23862472567666423
N.01 Buloh Kasap,age,30-39,PN,7112,0.02544994375703037,0.24732845894263217
N.01 Buloh Kasap,age,40-49,PN,4720,0.007203389830508475,0.3582627118644068
N.01 Buloh Kasap,age,50-59,PN,3795,0.0,0.27720685111989457
N.01 Buloh Kasap,age,60-69,PN,3743,0.012823938017632914,0.22228159230563718
N.01 Buloh Kasap,age,70+,PN,2263,0.0,0.2903225806451613
N.02 Jementah,ethnicity,Malay,turnout,15699,0.33473469647748266,0.7810051595643035
N.02 Jementah,ethnicity,Chinese,turnout,20782,0.31176017707631604,0.6847752863054567
N.02 Jementah,ethnicity,Indian,turnout,3318,0.05635925256178421,0.9804098854731766
N.02 Jementah,ethnicity,Other,turnout,293,0.0,1.0
N.02 Jementah,ethnicity,Malay,BN,15699,0.1599464934072234,0.43066437352697623
N.02 Jementah,ethnicity,Chinese,BN,20782,0.020113559811375227,0.22278895197767298
N.02 Jementah,ethnicity,Indian,BN,3318,0.010247136829415311,0.8068113321277878
N.02 Jementah,ethnicity,Other,BN,293,0.0,1.0
N.02 Jementah,ethnicity,Malay,PH,15699,0.0,0.2621823046053889
N.02 Jementah,ethnicity,Chinese,PH,20782,0.19064575113078625,0.41805408526609567
N.02 Jementah,ethnicity,Indian,PH,3318,0.0,0.7516576250753466
N.02 Jementah,ethnicity,Other,PH,293,0.0,0.9488054607508533
N.02 Jementah,ethnicity,Malay,PN,15699,0.09471940887954647,0.2619912096311867
N.02 Jementah,ethnicity,Chinese,PN,20782,4.8118564142046e-05,0.11298238860552401
N.02 Jementah,ethnicity,Indian,PN,3318,0.0,0.5587703435804702
N.02 Jementah,ethnicity,Other,PN,293,0.0,1.0
N.02 Jementah,age,18-29,turnout,8195,0.30518608907870654,0.6396583282489323
N.02 Jementah,age,30-39,turnout,8143,0.15989193172049612,0.6905317450571042
N.02 Jementah,age,40-49,turnout,6502,0.1482620732082436,0.8046754844663181
N.02 Jementah,age,50-59,turnout,6266,0.23890839451005427,0.9210022342802425
N.02 Jementah,age,60-69,turnout,6172,0.3076798444588464,0.8695722618276086
N.02 Jementah,age,70+,turnout,4814,0.2546738678853344,0.7982966348151226
N.02 Jementah,age,18-29,BN,8195,0.07980475899938987,0.3055521659548505
N.02 Jementah,age,30-39,BN,8143,0.045314994473781164,0.3520815424290802
N.02 Jementah,age,40-49,BN,6502,0.009074131036604122,0.3714241771762535
N.02 Jementah,age,50-59,BN,6266,0.01021385253750399,0.485317586977338
N.02 Jementah,age,60-69,BN,6172,0.037265068049254696,0.4351911860012962
N.02 Jementah,age,70+,BN,4814,0.004777731616119651,0.38408807644370585
N.02 Jementah,age,18-29,PH,8195,0.06564978645515558,0.22550335570469798
N.02 Jementah,age,30-39,PH,8143,0.04212206803389414,0.3070121576814442
N.02 Jementah,age,40-49,PH,6502,0.06797908335896648,0.4263303598892648
N.02 Jementah,age,50-59,PH,6266,0.09032875837855091,0.52234280242579
N.02 Jementah,age,60-69,PH,6172,0.16542449773169152,0.49724562540505507
N.02 Jementah,age,70+,PH,4814,0.0953469048608226,0.43788948899044455
N.02 Jementah,age,18-29,PN,8195,0.058816351433801095,0.2425869432580842
N.02 Jementah,age,30-39,PN,8143,0.03119243522043473,0.27692496622866264
N.02 Jementah,age,40-49,PN,6502,0.002306982466933251,0.271762534604737
N.02 Jementah,age,50-59,PN,6266,0.0003191828917969997,0.27385892116182575
N.02 Jementah,age,60-69,PN,6172,0.004374594944912508,0.2091704471808166
N.02 Jementah,age,70+,PN,4814,0.0,0.17345243041130037
N.03 Pemanis,ethnicity,Malay,turnout,18671,0.43532751325585134,0.7794440576294789
N.03 Pemanis,ethnicity,Chinese,turnout,10008,0.20733413269384493,0.8371302957633893
N.03 Pemanis,ethnicity,Indian,turnout,730,0.0,1.0
N.03 Pemanis,ethnicity,Other,turnout,509,0.0,1.0
N.03 Pemanis,ethnicity,Malay,BN,18671,0.24321139735418565,0.45064538589256065
N.03 Pemanis,ethnicity,Chinese,BN,10008,0.0005995203836930455,0.3520183852917666
N.03 Pemanis,ethnicity,Indian,BN,730,0.0,0.9493150684931507
N.03 Pemanis,ethnicity,Other,BN,509,0.0,1.0
N.03 Pemanis,ethnicity,Malay,PH,18671,0.002195918804563226,0.17803010015532109
N.03 Pemanis,ethnicity,Chinese,PH,10008,0.09472422062350119,0.43345323741007197
N.03 Pemanis,ethnicity,Indian,PH,730,0.0,0.9945205479452055
N.03 Pemanis,ethnicity,Other,PH,509,0.0,0.7701375245579568
N.03 Pemanis,ethnicity,Malay,PN,18671,0.07717851213111242,0.1988645493010551
N.03 Pemanis,ethnicity,Chinese,PN,10008,0.0,0.20743405275779375
N.03 Pemanis,ethnicity,Indian,PN,730,0.0,0.810958904109589
N.03 Pemanis,ethnicity,Other,PN,509,0.0,1.0
N.03 Pemanis,age,18-29,turnout,6752,0.398696682464455,0.6649881516587678
N.03 Pemanis,age,30-39,turnout,6880,0.2449127906976744,0.7543604651162791
N.03 Pemanis,age,40-49,turnout,5507,0.28327583076084983,0.8082440530234247
N.03 Pemanis,age,50-59,turnout,4062,0.3119153126538651,0.92959133431807
N.03 Pemanis,age,60-69,turnout,3952,0.3200910931174089,0.9838056680161943
N.03 Pemanis,age,70+,turnout,2765,0.2831826401446655,0.9095840867992767
N.03 Pemanis,age,18-29,BN,6752,0.15639810426540285,0.34700829383886256
N.03 Pemanis,age,30-39,BN,6880,0.10901162790697674,0.47194767441860463
N.03 Pemanis,age,40-49,BN,5507,0.09914654076629743,0.46195750862538587
N.03 Pemanis,age,50-59,BN,4062,0.057360905957656326,0.5209256523879862
N.03 Pemanis,age,60-69,BN,3952,0.11336032388663968,0.6399291497975709
N.03 Pemanis,age,70+,BN,2765,0.10018083182640145,0.6296564195298372
N.03 Pemanis,age,18-29,PH,6752,0.07597748815165876,0.17950236966824645
N.03 Pemanis,age,30-39,PH,6880,0.024854651162790696,0.20843023255813953
N.03 Pemanis,age,40-49,PH,5507,0.025240602869075722,0.2647539495187943
N.03 Pemanis,age,50-59,PH,4062,0.07163958641063516,0.4620876415558838
N.03 Pemanis,age,60-69,PH,3952,0.025050607287449393,0.4291497975708502
N.03 Pemanis,age,70+,PH,2765,0.015189873417721518,0.3508137432188065
N.03 Pemanis,age,18-29,PN,6752,0.06442535545023696,0.20364336492890994
N.03 Pemanis,age,30-39,PN,6880,0.04811046511627907,0.3002906976744186
N.03 Pemanis,age,40-49,PN,5507,0.04067550390412203,0.28836026874886506
N.03 Pemanis,age,50-59,PN,4062,0.007139340226489414,0.310930576070901
N.03 Pemanis,age,60-69,PN,3952,0.0,0.21027327935222673
N.03 Pemanis,age,70+,PN,2765,0.0,0.18698010849909585
N.04 Kemelah,ethnicity,Malay,turnout,18062,0.39242608791938877,0.8022367401173734
N.04 Kemelah,ethnicity,Chinese,turnout,13305,0.18241262683201803,0.7388199924840285
N.04 Kemelah,ethnicity,Indian,turnout,1859,0.0,1.0
N.04 Kemelah,ethnicity,Other,turnout,475,0.0,1.0
N.04 Kemelah,ethnicity,Malay,BN,18062,0.20047613774775772,0.3993466947181929
N.04 Kemelah,ethnicity,Chinese,BN,13305,0.0008267568583239384,0.2394588500563698
N.04 Kemelah,ethnicity,Indian,BN,1859,0.0,0.9903173749327595
N.04 Kemelah,ethnicity,Other,BN,475,0.0,1.0
N.04 Kemelah,ethnicity,Malay,PH,18062,0.00786180932344148,0.24792381796035876
N.04 Kemelah,ethnicity,Chinese,PH,13305,0.07500939496429913,0.4117249154453213
N.04 Kemelah,ethnicity,Indian,PH,1859,0.0,0.92845615922539
N.04 Kemelah,ethnicity,Other,PH,475,0.0,0.7263157894736842
N.04 Kemelah,ethnicity,Malay,PN,18062,0.09749750858155243,0.24753626397962572
N.04 Kemelah,ethnicity,Chinese,PN,13305,0.0,0.17324314167606164
N.04 Kemelah,ethnicity,Indian,PN,1859,0.0,0.841312533620226
N.04 Kemelah,ethnicity,Other,PN,475,0.0,1.0
N.04 Kemelah,age,18-29,turnout,9347,0.384722370814165,0.6043650369102386
N.04 Kemelah,age,30-39,turnout,8031,0.23483999501930022,0.6599427219524343
N.04 Kemelah,age,40-49,turnout,6025,0.27103734439834026,0.7855601659751037
N.04 Kemelah,age,50-59,turnout,4268,0.22656982193064668,0.9140112464854733
N.04 Kemelah,age,60-69,turnout,3384,0.3147163120567376,0.943853427895981
N.04 Kemelah,age,70+,turnout,2646,0.2808012093726379,0.8624338624338624
N.04 Kemelah,age,18-29,BN,9347,0.11864769444741628,0.25837167005456296
N.04 Kemelah,age,30-39,BN,8031,0.05877225750217906,0.32237579379902875
N.04 Kemelah,age,40-49,BN,6025,0.03435684647302904,0.38871369294605806
N.04 Kemelah,age,50-59,BN,4268,0.030927835051546393,0.5794283036551078
N.04 Kemelah,age,60-69,BN,3384,0.08392434988179669,0.6105200945626478
N.04 Kemelah,age,70+,BN,2646,0.07369614512471655,0.5657596371882087
N.04 Kemelah,age,18-29,PH,9347,0.0935059377340323,0.20519952926072538
N.04 Kemelah,age,30-39,PH,8031,0.04694309550491844,0.26982941103225005
N.04 Kemelah,age,40-49,PH,6025,0.02970954356846473,0.32597510373443983
N.04 Kemelah,age,50-59,PH,4268,0.05834114339268978,0.4939081537019681
N.04 Kemelah,age,60-69,PH,3384,0.07860520094562648,0.45685579196217496
N.04 Kemelah,age,70+,PH,2646,0.03250188964474679,0.3934240362811791
N.04 Kemelah,age,18-29,PN,9347,0.08815662779501444,0.20423665347170214
N.04 Kemelah,age,30-39,PN,8031,0.052421865272070725,0.27219524343170215
N.04 Kemelah,age,40-49,PN,6025,0.028713692946058092,0.300746887966805
N.04 Kemelah,age,50-59,PN,4268,0.004451733833177133,0.3830834114339269
N.04 Kemelah,age,60-69,PN,3384,0.0020685579196217494,0.2721631205673759
N.04 Kemelah,age,70+,PN,2646,0.0003779289493575208,0.25547996976568405
N.05 Tenang,ethnicity,Malay,turnout,10922,0.4467130562168101,0.7382347555392785
N.05 Tenang,ethnicity,Chinese,turnout,8584,0.21889561975768873,0.6832479030754893
N.05 Tenang,ethnicity,Indian,turnout,2544,0.049135220125786166,0.976808176100629
N.05 Tenang,ethnicity,Other,turnout,554,0.0,1.0
N.05 Tenang,ethnicity,Malay,BN,10922,0.22917048159677714,0.455868888481963
N.05 Tenang,ethnicity,Chinese,BN,8584,0.009203168685927307,0.24860205032618826
N.05 Tenang,ethnicity,Indian,BN,2544,0.0015723270440251573,0.6536949685534591
N.05 Tenang,ethnicity,Other,BN,554,0.0,1.0
N.05 Tenang,ethnicity,Malay,PH,10922,0.0,0.0
N.05 Tenang,ethnicity,Chinese,PH,8584,0.0,0.0
N.05 Tenang,ethnicity,Indian,PH,2544,0.0,0.0
N.05 Tenang,ethnicity,Other,PH,554,0.0,0.0
N.05 Tenang,ethnicity,Malay,PN,10922,0.12470243545138253,0.23768540560336934
N.05 Tenang,ethnicity,Chinese,PN,8584,0.0017474370922646784,0.11463187325256291
N.05 Tenang,ethnicity,Indian,PN,2544,0.0,0.2606132075471698
N.05 Tenang,ethnicity,Other,PN,554,0.0,0.8736462093862816
N.05 Tenang,age,18-29,turnout,4809,0.3241838220004159,0.6847577458931171
N.05 Tenang,age,30-39,turnout,4840,0.10144628099173554,0.7694214876033058
N.05 Tenang,age,40-49,turnout,4199,0.09954751131221719,0.8566325315551322
N.05 Tenang,age,50-59,turnout,3727,0.26240944459350685,0.9068956265092568
N.05 Tenang,age,60-69,turnout,2646,0.12887377173091458,1.0
N.05 Tenang,age,70+,turnout,2383,0.17289131347041545,0.8959295006294586
N.05 Tenang,age,18-29,BN,4809,0.10168434185901434,0.3374922021210231
N.05 Tenang,age,30-39,BN,4840,0.005785123966942148,0.4196280991735537
N.05 Tenang,age,40-49,BN,4199,0.0,0.4410573946177661
N.05 Tenang,age,50-59,BN,3727,0.08103031929165548,0.5226723906627314
N.05 Tenang,age,60-69,BN,2646,0.0,0.6572184429327287
N.05 Tenang,age,70+,BN,2383,0.004616030214015947,0.6017624842635334
N.05 Tenang,age,18-29,PH,4809,0.0,0.0
N.05 Tenang,age,30-39,PH,4840,0.0,0.0
N.05 Tenang,age,40-49,PH,4199,0.0,0.0
N.05 Tenang,age,50-59,PH,3727,0.0,0.0
N.05 Tenang,age,60-69,PH,2646,0.0,0.0
N.05 Tenang,age,70+,PH,2383,0.0,0.0
N.05 Tenang,age,18-29,PN,4809,0.032647119983364524,0.2164691203992514
N.05 Tenang,age,30-39,PN,4840,0.0006198347107438017,0.2981404958677686
N.05 Tenang,age,40-49,PN,4199,0.0,0.30197666110978805
N.05 Tenang,age,50-59,PN,3727,0.03971022269922189,0.2980949825596995
N.05 Tenang,age,60-69,PN,2646,0.0,0.2717309145880574
N.05 Tenang,age,70+,PN,2383,0.0,0.2522031053294167
N.06 Bekok,ethnicity,Malay,turnout,7804,0.19105586878523834,0.9032547411583803
N.06 Bekok,ethnicity,Chinese,turnout,13360,0.21661676646706587,0.7143712574850299
N.06 Bekok,ethnicity,Indian,turnout,5117,0.1326949384404925,0.9007230799296463
N.06 Bekok,ethnicity,Other,turnout,1100,0.33454545454545453,0.8118181818181818
N.06 Bekok,ethnicity,Malay,BN,7804,0.09443874935930292,0.6685033316248078
N.06 Bekok,ethnicity,Chinese,BN,13360,0.033607784431137724,0.37005988023952097
N.06 Bekok,ethnicity,Indian,BN,5117,0.047879616963064295,0.6796951338675005
N.06 Bekok,ethnicity,Other,BN,1100,0.20454545454545456,0.6818181818181818
N.06 Bekok,ethnicity,Malay,PH,7804,0.0,0.33815991799077394
N.06 Bekok,ethnicity,Chinese,PH,13360,0.02125748502994012,0.23585329341317365
N.06 Bekok,ethnicity,Indian,PH,5117,0.003126832128200117,0.4367793629079539
N.06 Bekok,ethnicity,Other,PH,1100,0.04090909090909091,0.35363636363636364
N.06 Bekok,ethnicity,Malay,PN,7804,0.03831368528959508,0.3359815479241415
N.06 Bekok,ethnicity,Chinese,PN,13360,0.0001497005988023952,0.16175149700598804
N.06 Bekok,ethnicity,Indian,PN,5117,0.0007817080320500293,0.39788938831346493
N.06 Bekok,ethnicity,Other,PN,1100,0.04090909090909091,0.42
N.06 Bekok,age,18-29,turnout,5719,0.22888616891064872,0.7373666724951915
N.06 Bekok,age,30-39,turnout,5550,0.06468468468468469,0.8133333333333334
N.06 Bekok,age,40-49,turnout,4823,0.061372589674476466,0.8834750155504872
N.06 Bekok,age,50-59,turnout,4349,0.09059553920441481,0.9648194987353415
N.06 Bekok,age,60-69,turnout,3815,0.1418086500655308,0.9800786369593709
N.06 Bekok,age,70+,turnout,3125,0.16128,0.89888
N.06 Bekok,age,18-29,BN,5719,0.07711138310893513,0.4228011890190593
N.06 Bekok,age,30-39,BN,5550,0.013333333333333334,0.5063063063063064
N.06 Bekok,age,40-49,BN,4823,0.0,0.5287165664524155
N.06 Bekok,age,50-59,BN,4349,0.0,0.6652103931938377
N.06 Bekok,age,60-69,BN,3815,0.0007863695937090433,0.7323722149410222
N.06 Bekok,age,70+,BN,3125,0.00096,0.62496
N.06 Bekok,age,18-29,PH,5719,0.028676342017835286,0.21087602727749608
N.06 Bekok,age,30-39,PH,5550,0.002162162162162162,0.2464864864864865
N.06 Bekok,age,40-49,PH,4823,0.0,0.33837860252954594
N.06 Bekok,age,50-59,PH,4349,0.0,0.422395953092665
N.06 Bekok,age,60-69,PH,3815,0.0002621231979030144,0.42935779816513764
N.06 Bekok,age,70+,PH,3125,0.0,0.34592
N.06 Bekok,age,18-29,PN,5719,0.048260185347088654,0.24759573351984612
N.06 Bekok,age,30-39,PN,5550,0.0018018018018018018,0.2754954954954955
N.06 Bekok,age,40-49,PN,4823,0.0,0.2772133526850508
N.06 Bekok,age,50-59,PN,4349,0.0,0.2950103472062543
N.06 Bekok,age,60-69,PN,3815,0.0,0.2490170380078637
N.06 Bekok,age,70+,PN,3125,0.0,0.21088
N.07 Bukit Kepong,ethnicity,Malay,turnout,26017,0.533843256332398,0.746819387323673
N.07 Bukit Kepong,ethnicity,Chinese,turnout,9765,0.24854070660522273,0.7438812083973374
N.07 Bukit Kepong,ethnicity,Indian,turnout,1021,0.030362389813907934,1.0
N.07 Bukit Kepong,ethnicity,Other,turnout,625,0.0,1.0
N.07 Bukit Kepong,ethnicity,Malay,BN,26017,0.20302110158742362,0.33670292501057003
N.07 Bukit Kepong,ethnicity,Chinese,BN,9765,0.017511520737327188,0.3055811571940604
N.07 Bukit Kepong,ethnicity,Indian,BN,1021,0.0,0.9157688540646425
N.07 Bukit Kepong,ethnicity,Other,BN,625,0.0,0.9504
N.07 Bukit Kepong,ethnicity,Malay,PH,26017,0.0,0.0
N.07 Bukit Kepong,ethnicity,Chinese,PH,9765,0.0,0.0
N.07 Bukit Kepong,ethnicity,Indian,PH,1021,0.0,0.0
N.07 Bukit Kepong,ethnicity,Other,PH,625,0.0,0.0
N.07 Bukit Kepong,ethnicity,Malay,PN,26017,0.22123995848868047,0.3700657262559096
N.07 Bukit Kepong,ethnicity,Chinese,PN,9765,0.003686635944700461,0.3211469534050179
N.07 Bukit Kepong,ethnicity,Indian,PN,1021,0.0,0.871694417238002
N.07 Bukit Kepong,ethnicity,Other,PN,625,0.0,1.0
N.07 Bukit Kepong,age,18-29,turnout,8237,0.35571203107927646,0.8459390554813646
N.07 Bukit Kepong,age,30-39,turnout,8698,0.15980685214991952,0.8846861347436192
N.07 Bukit Kepong,age,40-49,turnout,6211,0.15907261310578008,0.9689260988568669
N.07 Bukit Kepong,age,50-59,turnout,5539,0.18378768730817838,0.9727387615092977
N.07 Bukit Kepong,age,60-69,turnout,5093,0.22462203023758098,0.9844885136461811
N.07 Bukit Kepong,age,70+,turnout,3650,0.0789041095890411,0.9972602739726028
N.07 Bukit Kepong,age,18-29,BN,8237,0.050261017360689574,0.36360325361175183
N.07 Bukit Kepong,age,30-39,BN,8698,0.05530006898137503,0.5120717406300299
N.07 Bukit Kepong,age,40-49,BN,6211,0.017227499597488326,0.5047496377394944
N.07 Bukit Kepong,age,50-59,BN,5539,0.012818198230727568,0.6855027983390504
N.07 Bukit Kepong,age,60-69,BN,5093,0.08207343412526998,0.6862360102100923
N.07 Bukit Kepong,age,70+,BN,3650,0.0052054794520547945,0.6947945205479452
N.07 Bukit Kepong,age,18-29,PH,8237,0.0,0.0
N.07 Bukit Kepong,age,30-39,PH,8698,0.0,0.0
N.07 Bukit Kepong,age,40-49,PH,6211,0.0,0.0
N.07 Bukit Kepong,age,50-59,PH,5539,0.0,0.0
N.07 Bukit Kepong,age,60-69,PH,5093,0.0,0.0
N.07 Bukit Kepong,age,70+,PH,3650,0.0,0.0
N.07 Bukit Kepong,age,18-29,PN,8237,0.08340415199708631,0.46376107806240136
N.07 Bukit Kepong,age,30-39,PN,8698,0.05690963439871235,0.6288802023453668
N.07 Bukit Kepong,age,40-49,PN,6211,0.01143133150861375,0.6319433263564643
N.07 Bukit Kepong,age,50-59,PN,5539,0.033218992597941865,0.6580610218450984
N.07 Bukit Kepong,age,60-69,PN,5093,0.04339289220498724,0.5144315727469075
N.07 Bukit Kepong,age,70+,PN,3650,0.0,0.5424657534246575
N.08 Bukit Pasir,ethnicity,Malay,turnout,19944,0.41526273565984756,0.8209987966305656
N.08 Bukit Pasir,ethnicity,Chinese,turnout,10681,0.1734856286864526,0.8910214399400805
N.08 Bukit Pasir,ethnicity,Indian,turnout,1351,0.0,1.0
N.08 Bukit Pasir,ethnicity,Other,turnout,210,0.0,1.0
N.08 Bukit Pasir,ethnicity,Malay,BN,19944,0.06603489771359808,0.29387284396309665
N.08 Bukit Pasir,ethnicity,Chinese,BN,10681,0.0,0.4100739631120682
N.08 Bukit Pasir,ethnicity,Indian,BN,1351,0.0,0.9659511472982976
N.08 Bukit Pasir,ethnicity,Other,BN,210,0.0,1.0
N.08 Bukit Pasir,ethnicity,Malay,PH,19944,0.0006518251103088648,0.19830525471319696
N.08 Bukit Pasir,ethnicity,Chinese,PH,10681,0.03595168991667447,0.43010954030521487
N.08 Bukit Pasir,ethnicity,Indian,PH,1351,0.0,0.8460399703923019
N.08 Bukit Pasir,ethnicity,Other,PH,210,0.0,0.9619047619047619
N.08 Bukit Pasir,ethnicity,Malay,PN,19944,0.07355595667870037,0.2877557160048135
N.08 Bukit Pasir,ethnicity,Chinese,PN,10681,0.0,0.378335361857504
N.08 Bukit Pasir,ethnicity,Indian,PN,1351,0.0,0.8393782383419689
N.08 Bukit Pasir,ethnicity,Other,PN,210,0.0,1.0
N.08 Bukit Pasir,age,18-29,turnout,9028,0.3820336730172796,0.7524368630926008
N.08 Bukit Pasir,age,30-39,turnout,6825,0.14827838827838827,0.8717948717948718
N.08 Bukit Pasir,age,40-49,turnout,5520,0.2326086956521739,0.9119565217391304
N.08 Bukit Pasir,age,50-59,turnout,4710,0.18365180467091294,0.9794055201698514
N.08 Bukit Pasir,age,60-69,turnout,3352,0.125,1.0
N.08 Bukit Pasir,age,70+,turnout,2751,0.09051254089422028,0.9723736822973464
N.08 Bukit Pasir,age,18-29,BN,9028,0.06424457244129375,0.2540983606557377
N.08 Bukit Pasir,age,30-39,BN,6825,0.026227106227106226,0.3982417582417582
N.08 Bukit Pasir,age,40-49,BN,5520,0.005434782608695652,0.3565217391304348
N.08 Bukit Pasir,age,50-59,BN,4710,0.00021231422505307856,0.597452229299363
N.08 Bukit Pasir,age,60-69,BN,3352,0.007159904534606206,0.6718377088305489
N.08 Bukit Pasir,age,70+,BN,2751,0.0,0.6426753907669939
N.08 Bukit Pasir,age,18-29,PH,9028,0.06579530350022153,0.21145325653522376
N.08 Bukit Pasir,age,30-39,PH,6825,0.019487179487179488,0.3131135531135531
N.08 Bukit Pasir,age,40-49,PH,5520,0.007427536231884058,0.32481884057971017
N.08 Bukit Pasir,age,50-59,PH,4710,0.007855626326963907,0.44012738853503186
N.08 Bukit Pasir,age,60-69,PH,3352,0.0,0.4468973747016706
N.08 Bukit Pasir,age,70+,PH,2751,0.0,0.3944020356234097
N.08 Bukit Pasir,age,18-29,PN,9028,0.08794860434204696,0.30494018608772705
N.08 Bukit Pasir,age,30-39,PN,6825,0.030915750915750915,0.4712087912087912
N.08 Bukit Pasir,age,40-49,PN,5520,0.011231884057971014,0.4076086956521739
N.08 Bukit Pasir,age,50-59,PN,4710,0.0,0.505307855626327
N.08 Bukit Pasir,age,60-69,PN,3352,0.0,0.4158711217183771
N.08 Bukit Pasir,age,70+,PN,2751,0.0,0.39912758996728465
N.09 Gambir,ethnicity,Malay,turnout,17346,0.49769399285137783,0.8194396402628848
N.09 Gambir,ethnicity,Chinese,turnout,10751,0.24825597618826156,0.7678355501813785
N.09 Gambir,ethnicity,Indian,turnout,1109,0.023444544634806132,1.0
N.09 Gambir,ethnicity,Other,turnout,193,0.010362694300518135,1.0
N.09 Gambir,ethnicity,Malay,BN,17346,0.20915484838002998,0.4422345209270149
N.09 Gambir,ethnicity,Chinese,BN,10751,0.004743744767928565,0.3363408055064645
N.09 Gambir,ethnicity,Indian,BN,1109,0.0,0.9161406672678089
N.09 Gambir,ethnicity,Other,BN,193,0.0,1.0
N.09 Gambir,ethnicity,Malay,PH,17346,0.0011530035743110803,0.18252046581344403
N.09 Gambir,ethnicity,Chinese,PH,10751,0.10045577155613432,0.40470653892661146
N.09 Gambir,ethnicity,Indian,PH,1109,0.0,0.6862037871956718
N.09 Gambir,ethnicity,Other,PH,193,0.0,0.9896373056994818
N.09 Gambir,ethnicity,Malay,PN,17346,0.09835120488873515,0.2717052922864061
N.09 Gambir,ethnicity,Chinese,PN,10751,0.0,0.24862803460143243
N.09 Gambir,ethnicity,Indian,PN,1109,0.0,0.6889089269612263
N.09 Gambir,ethnicity,Other,PN,193,0.0,1.0
N.09 Gambir,age,18-29,turnout,7325,0.4035494880546075,0.7444368600682594
N.09 Gambir,age,30-39,turnout,6147,0.19017406865137465,0.8355295265983407
N.09 Gambir,age,40-49,turnout,5063,0.25182698005135296,0.9196128777404701
N.09 Gambir,age,50-59,turnout,4642,0.3005170185264972,0.993537268418785
N.09 Gambir,age,60-69,turnout,3361,0.20113061588812853,0.9851234751562035
N.09 Gambir,age,70+,turnout,2861,0.2838168472562041,0.8727717581265292
N.09 Gambir,age,18-29,BN,7325,0.12901023890784982,0.4019112627986348
N.09 Gambir,age,30-39,BN,6147,0.028306490971205467,0.5059378558646495
N.09 Gambir,age,40-49,BN,5063,0.017183488050562908,0.4748173019948647
N.09 Gambir,age,50-59,BN,4642,0.06764325721671693,0.6046962516156829
N.09 Gambir,age,60-69,BN,3361,0.0,0.6438559952395121
N.09 Gambir,age,70+,BN,2861,0.022719328905976933,0.600489339391821
N.09 Gambir,age,18-29,PH,7325,0.0468259385665529,0.17378839590443687
N.09 Gambir,age,30-39,PH,6147,0.02244997559785261,0.31739059703920613
N.09 Gambir,age,40-49,PH,5063,0.010863124629666206,0.3412996247284219
N.09 Gambir,age,50-59,PH,4642,0.013140887548470486,0.4073675140025851
N.09 Gambir,age,60-69,PH,3361,0.0,0.47813150847961916
N.09 Gambir,age,70+,PH,2861,0.029010835372247464,0.34183851800069903
N.09 Gambir,age,18-29,PN,7325,0.07822525597269625,0.30621160409556314
N.09 Gambir,age,30-39,PN,6147,0.01838295103302424,0.42947779404587605
N.09 Gambir,age,40-49,PN,5063,0.0,0.36875370333794194
N.09 Gambir,age,50-59,PN,4642,0.0,0.39207238259370963
N.09 Gambir,age,60-69,PN,3361,0.0,0.34543290687295447
N.09 Gambir,age,70+,PN,2861,0.0,0.26319468717231737
N.10 Tangkak,ethnicity,Malay,turnout,13932,0.27182026988228536,0.8968561584840654
N.10 Tangkak,ethnicity,Chinese,turnout,17067,0.2523583523759302,0.7915275092283354
N.10 Tangkak,ethnicity,Indian,turnout,3558,0.0,1.0
N.10 Tangkak,ethnicity,Other,turnout,770,0.03766233766233766,1.0
N.10 Tangkak,ethnicity,Malay,BN,13932,0.08950617283950617,0.5198822853861613
N.10 Tangkak,ethnicity,Chinese,BN,17067,0.0018163707740083202,0.3139977734809867
N.10 Tangkak,ethnicity,Indian,BN,3558,0.0,0.8870151770657673
N.10 Tangkak,ethnicity,Other,BN,770,0.0,1.0
N.10 Tangkak,ethnicity,Malay,PH,13932,0.0,0.3813522825150732
N.10 Tangkak,ethnicity,Chinese,PH,17067,0.09117009433409504,0.4663971406808461
N.10 Tangkak,ethnicity,Indian,PH,3558,0.0,0.9033164699269253
N.10 Tangkak,ethnicity,Other,PH,770,0.0,0.7623376623376623
N.10 Tangkak,ethnicity,Malay,PN,13932,0.022753373528567326,0.21202985931668103
N.10 Tangkak,ethnicity,Chinese,PN,17067,0.0,0.14624714361047636
N.10 Tangkak,ethnicity,Indian,PN,3558,0.0,0.5413153456998314
N.10 Tangkak,ethnicity,Other,PN,770,0.0,0.7636363636363637
N.10 Tangkak,age,18-29,turnout,8970,0.362876254180602,0.6721293199554069
N.10 Tangkak,age,30-39,turnout,7420,0.18059299191374664,0.7650943396226415
N.10 Tangkak,age,40-49,turnout,6078,0.17900625205659756,0.8609740046067785
N.10 Tangkak,age,50-59,turnout,5207,0.2873055502208565,0.934127136546956
N.10 Tangkak,age,60-69,turnout,4220,0.30497630331753556,0.9616113744075829
N.10 Tangkak,age,70+,turnout,3432,0.24825174825174826,0.7963286713286714
N.10 Tangkak,age,18-29,BN,8970,0.10635451505016723,0.3093645484949833
N.10 Tangkak,age,30-39,BN,7420,0.028975741239892182,0.3858490566037736
N.10 Tangkak,age,40-49,BN,6078,0.0034550839091806516,0.47482724580454094
N.10 Tangkak,age,50-59,BN,5207,0.0015363933166890724,0.4876128288841943
N.10 Tangkak,age,60-69,BN,4220,0.00047393364928909954,0.5255924170616114
N.10 Tangkak,age,70+,BN,3432,0.006993006993006993,0.4831002331002331
N.10 Tangkak,age,18-29,PH,8970,0.09866220735785954,0.25317725752508363
N.10 Tangkak,age,30-39,PH,7420,0.04339622641509434,0.3622641509433962
N.10 Tangkak,age,40-49,PH,6078,0.043928923988154,0.46561368871339254
N.10 Tangkak,age,50-59,PH,5207,0.06491261763011331,0.5350489725369695
N.10 Tangkak,age,60-69,PH,4220,0.09004739336492891,0.5992890995260663
N.10 Tangkak,age,70+,PH,3432,0.10402097902097902,0.47494172494172493
N.10 Tangkak,age,18-29,PN,8970,0.043478260869565216,0.16633221850613156
N.10 Tangkak,age,30-39,PN,7420,0.00862533692722372,0.2353099730458221
N.10 Tangkak,age,40-49,PN,6078,0.0,0.2464626521882198
N.10 Tangkak,age,50-59,PN,5207,0.0,0.2093335893988861
N.10 Tangkak,age,60-69,PN,4220,0.0,0.17843601895734598
N.10 Tangkak,age,70+,PN,3432,0.0,0.11800699300699301
N.11 Serom,ethnicity,Malay,turnout,25977,0.38892096854910113,0.7853485775878661
N.11 Serom,ethnicity,Chinese,turnout,12339,0.11646000486263068,0.9307885566091255
N.11 Serom,ethnicity,Indian,turnout,387,0.0,1.0
N.11 Serom,ethnicity,Other,turnout,295,0.0,1.0
N.11 Serom,ethnicity,Malay,BN,25977,0.07918543326789082,0.3203218231512492
N.11 Serom,ethnicity,Chinese,BN,12339,8.104384471999351e-05,0.4896669097982008
N.11 Serom,ethnicity,Indian,BN,387,0.0,1.0
N.11 Serom,ethnicity,Other,BN,295,0.0,1.0
N.11 Serom,ethnicity,Malay,PH,25977,0.001963275204989029,0.20017707972437157
N.11 Serom,ethnicity,Chinese,PH,12339,0.015479374341518762,0.4322878677364454
N.11 Serom,ethnicity,Indian,PH,387,0.0,0.9819121447028424
N.11 Serom,ethnicity,Other,PH,295,0.0,1.0
N.11 Serom,ethnicity,Malay,PN,25977,0.08184162913346422,0.29391384686453403
N.11 Serom,ethnicity,Chinese,PN,12339,0.0,0.424912877866926
N.11 Serom,ethnicity,Indian,PN,387,0.0,1.0
N.11 Serom,ethnicity,Other,PN,295,0.0,1.0
N.11 Serom,age,18-29,turnout,10272,0.4054711838006231,0.6851635514018691
N.11 Serom,age,30-39,turnout,8616,0.21599350046425256,0.7676415970287837
N.11 Serom,age,40-49,turnout,6424,0.13060398505603985,0.9525217932752179
N.11 Serom,age,50-59,turnout,5696,0.18328651685393257,0.9950842696629213
N.11 Serom,age,60-69,turnout,4489,0.14702606371129429,0.9953218979728224
N.11 Serom,age,70+,turnout,3501,0.07569265924021708,0.9497286489574407
N.11 Serom,age,18-29,BN,10272,0.0931658878504673,0.3109423676012461
N.11 Serom,age,30-39,BN,8616,0.02007892293407614,0.4032033426183844
N.11 Serom,age,40-49,BN,6424,0.0,0.5068493150684932
N.11 Serom,age,50-59,BN,5696,0.0,0.5849719101123596
N.11 Serom,age,60-69,BN,4489,0.0,0.6168411672978391
N.11 Serom,age,70+,BN,3501,0.0005712653527563553,0.622107969151671
N.11 Serom,age,18-29,PH,10272,0.054322429906542055,0.18847352024922118
N.11 Serom,age,30-39,PH,8616,0.019498607242339833,0.25998142989786444
N.11 Serom,age,40-49,PH,6424,0.010740971357409713,0.3933686176836862
N.11 Serom,age,50-59,PH,5696,0.0,0.4359199438202247
N.11 Serom,age,60-69,PH,4489,0.0,0.42192024949877477
N.11 Serom,age,70+,PH,3501,0.0,0.38160525564124537
N.11 Serom,age,18-29,PN,10272,0.10621105919003115,0.3110397196261682
N.11 Serom,age,30-39,PN,8616,0.04155060352831941,0.44103992571959144
N.11 Serom,age,40-49,PN,6424,0.0,0.5549501867995019
N.11 Serom,age,50-59,PN,5696,0.0,0.5172050561797753
N.11 Serom,age,60-69,PN,4489,0.007796836711962575,0.398752506126086
N.11 Serom,age,70+,PN,3501,0.0,0.36275349900028564
N.12 Bentayan,ethnicity,Malay,turnout,9057,0.012476537484818372,0.9726178646350889
N.12 Bentayan,ethnicity,Chinese,turnout,24612,0.29534373476353,0.6809686331870632
N.12 Bentayan,ethnicity,Indian,turnout,810,0.0,1.0
N.12 Bentayan,ethnicity,Other,turnout,235,0.0,1.0
N.12 Bentayan,ethnicity,Malay,BN,9057,0.0,0.3672297670310257
N.12 Bentayan,ethnicity,Chinese,BN,24612,0.0020721599219892736,0.13911912888022104
N.12 Bentayan,ethnicity,Indian,BN,810,0.0,1.0
N.12 Bentayan,ethnicity,Other,BN,235,0.0,1.0
N.12 Bentayan,ethnicity,Malay,PH,9057,0.0,0.79242574804019
N.12 Bentayan,ethnicity,Chinese,PH,24612,0.12713310580204779,0.44137006338371526
N.12 Bentayan,ethnicity,Indian,PH,810,0.0,1.0
N.12 Bentayan,ethnicity,Other,PH,235,0.0,1.0
N.12 Bentayan,ethnicity,Malay,PN,9057,0.0,0.2703985867284973
N.12 Bentayan,ethnicity,Chinese,PN,24612,0.00016252234682268812,0.09978872094913051
N.12 Bentayan,ethnicity,Indian,PN,810,0.0,0.9580246913580247
N.12 Bentayan,ethnicity,Other,PN,235,0.0,1.0
N.12 Bentayan,age,18-29,turnout,6202,0.3111899387294421,0.6014188971299581
N.12 Bentayan,age,30-39,turnout,6259,0.18054002236779038,0.6740693401501837
N.12 Bentayan,age,40-49,turnout,5892,0.19721656483367278,0.8148336727766463
N.12 Bentayan,age,50-59,turnout,5723,0.23886073737550237,0.9093132972217368
N.12 Bentayan,age,60-69,turnout,5618,0.28515485938056245,0.8392666429334282
N.12 Bentayan,age,70+,turnout,5020,0.2047808764940239,0.6079681274900398
N.12 Bentayan,age,18-29,BN,6202,0.04950016123831022,0.17139632376652691
N.12 Bentayan,age,30-39,BN,6259,0.011822974916120787,0.19811471481067264
N.12 Bentayan,age,40-49,BN,5892,0.014086897488119483,0.20960624575695858
N.12 Bentayan,age,50-59,BN,5723,0.013454481915079504,0.23728813559322035
N.12 Bentayan,age,60-69,BN,5618,0.016019935920256318,0.21413314346742612
N.12 Bentayan,age,70+,BN,5020,0.015338645418326692,0.16334661354581673
N.12 Bentayan,age,18-29,PH,6202,0.14866172202515318,0.3734279264753305
N.12 Bentayan,age,30-39,PH,6259,0.05943441444320179,0.4404857005911487
N.12 Bentayan,age,40-49,PH,5892,0.08469110658520027,0.6043788187372708
N.12 Bentayan,age,50-59,PH,5723,0.10239384937969596,0.7244452210379172
N.12 Bentayan,age,60-69,PH,5618,0.14400142399430402,0.6612673549305803
N.12 Bentayan,age,70+,PH,5020,0.09163346613545817,0.4346613545816733
N.12 Bentayan,age,18-29,PN,6202,0.05401483392454047,0.16930022573363432
N.12 Bentayan,age,30-39,PN,6259,0.015337913404697236,0.18405496085636683
N.12 Bentayan,age,40-49,PN,5892,0.01120162932790224,0.1680244399185336
N.12 Bentayan,age,50-59,PN,5723,0.006814607723222087,0.16302638476323605
N.12 Bentayan,age,60-69,PN,5618,0.004271982912068352,0.10145959416162335
N.12 Bentayan,age,70+,PN,5020,0.0037848605577689245,0.05936254980079681
N.13 Simpang Jeram,ethnicity,Malay,turnout,20861,0.23368966013134557,0.890896888931499
N.13 Simpang Jeram,ethnicity,Chinese,turnout,17752,0.10933979269941416,0.8753943217665615
N.13 Simpang Jeram,ethnicity,Indian,turnout,1017,0.0,1.0
N.13 Simpang Jeram,ethnicity,Other,turnout,377,0.0,1.0
N.13 Simpang Jeram,ethnicity,Malay,BN,20861,0.01155265807008293,0.2818177460332678
N.13 Simpang Jeram,ethnicity,Chinese,BN,17752,0.0,0.3134858044164038
N.13 Simpang Jeram,ethnicity,Indian,BN,1017,0.0,1.0
N.13 Simpang Jeram,ethnicity,Other,BN,377,0.0,1.0
N.13 Simpang Jeram,ethnicity,Malay,PH,20861,0.0001438090216192896,0.3966732179665404
N.13 Simpang Jeram,ethnicity,Chinese,PH,17752,0.011716989634970707,0.48563542136097343
N.13 Simpang Jeram,ethnicity,Indian,PH,1017,0.0,1.0
N.13 Simpang Jeram,ethnicity,Other,PH,377,0.0,1.0
N.13 Simpang Jeram,ethnicity,Malay,PN,20861,0.019318345237524567,0.2962945208762763
N.13 Simpang Jeram,ethnicity,Chinese,PN,17752,0.0,0.322611536728256
N.13 Simpang Jeram,ethnicity,Indian,PN,1017,0.0,0.9980334316617503
N.13 Simpang Jeram,ethnicity,Other,PN,377,0.0,1.0
N.13 Simpang Jeram,age,18-29,turnout,11130,0.425696316262354,0.5976639712488769
N.13 Simpang Jeram,age,30-39,turnout,9298,0.23155517315551732,0.696601419660142
N.13 Simpang Jeram,age,40-49,turnout,7094,0.21482943332393573,0.853679165491965
N.13 Simpang Jeram,age,50-59,turnout,5383,0.28794352591491734,0.9385101244659112
N.13 Simpang Jeram,age,60-69,turnout,4142,0.17069048768710768,0.9802028005794302
N.13 Simpang Jeram,age,70+,turnout,2960,0.07331081081081081,0.8733108108108109
N.13 Simpang Jeram,age,18-29,BN,11130,0.07987421383647798,0.18571428571428572
N.13 Simpang Jeram,age,30-39,BN,9298,0.024198752419875243,0.2584426758442676
N.13 Simpang Jeram,age,40-49,BN,7094,0.010149422046800112,0.3060332675500423
N.13 Simpang Jeram,age,50-59,BN,5383,0.0,0.3668957830206205
N.13 Simpang Jeram,age,60-69,BN,4142,0.0,0.4604056011588605
N.13 Simpang Jeram,age,70+,BN,2960,0.0,0.46824324324324323
N.13 Simpang Jeram,age,18-29,PH,11130,0.1481581311769991,0.25705300988319857
N.13 Simpang Jeram,age,30-39,PH,9298,0.06098085609808561,0.3430845343084534
N.13 Simpang Jeram,age,40-49,PH,7094,0.035382012968705946,0.4746264448829997
N.13 Simpang Jeram,age,50-59,PH,5383,0.016347761471298534,0.5378041984023778
N.13 Simpang Jeram,age,60-69,PH,4142,0.008932882665379043,0.5321100917431193
N.13 Simpang Jeram,age,70+,PH,2960,0.010135135135135136,0.46959459459459457
N.13 Simpang Jeram,age,18-29,PN,11130,0.10017969451931716,0.2320754716981132
N.13 Simpang Jeram,age,30-39,PN,9298,0.03301785330178533,0.32340288234028824
N.13 Simpang Jeram,age,40-49,PN,7094,0.010854243022272343,0.34212010149422045
N.13 Simpang Jeram,age,50-59,PN,5383,0.0035296303176667286,0.3583503622515326
N.13 Simpang Jeram,age,60-69,PN,4142,0.0,0.3367938194109126
N.13 Simpang Jeram,age,70+,PN,2960,0.0,0.3206081081081081
N.14 Bukit Naning,ethnicity,Malay,turnout,13359,0.570476832098211,0.7438431020285949
N.14 Bukit Naning,ethnicity,Chinese,turnout,7939,0.42121173951379265,0.7065121551832725
N.14 Bukit Naning,ethnicity,Indian,turnout,198,0.0,1.0
N.14 Bukit Naning,ethnicity,Other,turnout,128,0.0,1.0
N.14 Bukit Naning,ethnicity,Malay,BN,13359,0.2527883823639494,0.35646380717119547
N.14 Bukit Naning,ethnicity,Chinese,BN,7939,0.010202796321954906,0.17218793298904145
N.14 Bukit Naning,ethnicity,Indian,BN,198,0.0,1.0
N.14 Bukit Naning,ethnicity,Other,BN,128,0.0,1.0
N.14 Bukit Naning,ethnicity,Malay,PH,13359,0.04671008309005165,0.12313795942810091
N.14 Bukit Naning,ethnicity,Chinese,PH,7939,0.1971281017760423,0.32397027333417305
N.14 Bukit Naning,ethnicity,Indian,PH,198,0.0,0.8686868686868687
N.14 Bukit Naning,ethnicity,Other,PH,128,0.0,1.0
N.14 Bukit Naning,ethnicity,Malay,PN,13359,0.1845197993861816,0.26326820869825585
N.14 Bukit Naning,ethnicity,Chinese,PN,7939,0.0,0.12306335810555485
N.14 Bukit Naning,ethnicity,Indian,PN,198,0.0,0.8535353535353535
N.14 Bukit Naning,ethnicity,Other,PN,128,0.0,1.0
N.14 Bukit Naning,age,18-29,turnout,5115,0.44007820136852394,0.7470185728250245
N.14 Bukit Naning,age,30-39,turnout,4393,0.23878898247211472,0.8766218984748464
N.14 Bukit Naning,age,40-49,turnout,3924,0.2910295616717635,0.913098878695209
N.14 Bukit Naning,age,50-59,turnout,3563,0.4538310412573674,0.9461128262699972
N.14 Bukit Naning,age,60-69,turnout,2710,0.3022140221402214,0.9490774907749078
N.14 Bukit Naning,age,70+,turnout,1919,0.28139656070870245,0.8754559666492965
N.14 Bukit Naning,age,18-29,BN,5115,0.1573802541544477,0.33685239491691105
N.14 Bukit Naning,age,30-39,BN,4393,0.012519918051445481,0.35283405417709995
N.14 Bukit Naning,age,40-49,BN,3924,0.009174311926605505,0.3985728848114169
N.14 Bukit Naning,age,50-59,BN,3563,0.04378332865562728,0.4802133033960146
N.14 Bukit Naning,age,60-69,BN,2710,0.0,0.5675276752767527
N.14 Bukit Naning,age,70+,BN,1919,0.018238665971860343,0.5450755601875977
N.14 Bukit Naning,age,18-29,PH,5115,0.05650048875855328,0.20058651026392962
N.14 Bukit Naning,age,30-39,PH,4393,0.0,0.316867744138402
N.14 Bukit Naning,age,40-49,PH,3924,0.0,0.35524974515800206
N.14 Bukit Naning,age,50-59,PH,3563,0.03311815885489756,0.3802975021049677
N.14 Bukit Naning,age,60-69,PH,2710,0.03579335793357934,0.40811808118081183
N.14 Bukit Naning,age,70+,PH,1919,0.02553413236060448,0.2944241792600313
N.14 Bukit Naning,age,18-29,PN,5115,0.13528836754643206,0.2991202346041056
N.14 Bukit Naning,age,30-39,PN,4393,0.02139767812428864,0.3416799453676303
N.14 Bukit Naning,age,40-49,PN,3924,0.0127420998980632,0.368756371049949
N.14 Bukit Naning,age,50-59,PN,3563,0.0070165590794274485,0.33398821218074654
N.14 Bukit Naning,age,60-69,PN,2710,0.0,0.32693726937269374
N.14 Bukit Naning,age,70+,PN,1919,0.0,0.2683689421573736
N.15 Maharani,ethnicity,Malay,turnout,23043,0.29614199539990455,0.8148244586208393
N.15 Maharani,ethnicity,Chinese,turnout,13735,0.07411721878412814,0.9356388787768475
N.15 Maharani,ethnicity,Indian,turnout,840,0.0,1.0
N.15 Maharani,ethnicity,Other,turnout,396,0.0,1.0
N.15 Maharani,ethnicity,Malay,BN,23043,0.016143731284988933,0.2339105151238988
N.15 Maharani,ethnicity,Chinese,BN,13735,0.0,0.35893702220604295
N.15 Maharani,ethnicity,Indian,BN,840,0.0,0.969047619047619
N.15 Maharani,ethnicity,Other,BN,396,0.0,1.0
N.15 Maharani,ethnicity,Malay,PH,23043,0.0016056937030768563,0.27526797725990537
N.15 Maharani,ethnicity,Chinese,PH,13735,0.0,0.46093920640698943
N.15 Maharani,ethnicity,Indian,PH,840,0.0,1.0
N.15 Maharani,ethnicity,Other,PH,396,0.0,1.0
N.15 Maharani,ethnicity,Malay,PN,23043,0.05420301176062145,0.30968189905828236
N.15 Maharani,ethnicity,Chinese,PN,13735,0.0,0.4180560611576265
N.15 Maharani,ethnicity,Indian,PN,840,0.0,0.9511904761904761
N.15 Maharani,ethnicity,Other,PN,396,0.0,1.0
N.15 Maharani,age,18-29,turnout,9638,0.4057895829010168,0.6384104586013696
N.15 Maharani,age,30-39,turnout,8145,0.22553713934929404,0.7408225905463475
N.15 Maharani,age,40-49,turnout,6481,0.2008949236228977,0.8554235457491128
N.15 Maharani,age,50-59,turnout,5426,0.3258385551050498,0.9072981938813122
N.15 Maharani,age,60-69,turnout,4564,0.2933829973707274,0.8529798422436459
N.15 Maharani,age,70+,turnout,3760,0.18457446808510639,0.7513297872340425
N.15 Maharani,age,18-29,BN,9638,0.08144843328491388,0.1962025316455696
N.15 Maharani,age,30-39,BN,8145,0.014364640883977901,0.2514426028238183
N.15 Maharani,age,40-49,BN,6481,0.004628915290850177,0.2919302576762845
N.15 Maharani,age,50-59,BN,5426,0.0011057869517139699,0.32731293770733505
N.15 Maharani,age,60-69,BN,4564,0.040534618755477654,0.4180543382997371
N.15 Maharani,age,70+,BN,3760,0.0,0.3191489361702128
N.15 Maharani,age,18-29,PH,9638,0.08808881510686864,0.2119734384727122
N.15 Maharani,age,30-39,PH,8145,0.020257826887661142,0.2842234499693063
N.15 Maharani,age,40-49,PH,6481,0.017589878105230675,0.3917605307822867
N.15 Maharani,age,50-59,PH,5426,0.018614080353851824,0.4098783634353115
N.15 Maharani,age,60-69,PH,4564,0.08085013146362839,0.4412795793163891
N.15 Maharani,age,70+,PH,3760,0.0023936170212765957,0.30425531914893617
N.15 Maharani,age,18-29,PN,9638,0.13042124922183027,0.29010168084664867
N.15 Maharani,age,30-39,PN,8145,0.03707796193984039,0.38624923265807243
N.15 Maharani,age,40-49,PN,6481,0.014503934577997223,0.42694028699274805
N.15 Maharani,age,50-59,PN,5426,0.007740508661997788,0.41632878732030965
N.15 Maharani,age,60-69,PN,4564,0.03593339176161262,0.380806310254163
N.15 Maharani,age,70+,PN,3760,0.0,0.2422872340425532
N.16 Sungai Balang,ethnicity,Malay,turnout,22004,0.49363752045082715,0.7739956371568806
N.16 Sungai Balang,ethnicity,Chinese,turnout,7774,0.13043478260869565,0.8963210702341137
N.16 Sungai Balang,ethnicity,Indian,turnout,50,0.0,1.0
N.16 Sungai Balang,ethnicity,Other,turnout,270,0.0,1.0
N.16 Sungai Balang,ethnicity,Malay,BN,22004,0.1762406835120887,0.3669787311397928
N.16 Sungai Balang,ethnicity,Chinese,BN,7774,0.0,0.5174942114741445
N.16 Sungai Balang,ethnicity,Indian,BN,50,0.0,1.0
N.16 Sungai Balang,ethnicity,Other,BN,270,0.0,1.0
N.16 Sungai Balang,ethnicity,Malay,PH,22004,0.002999454644610071,0.15678967460461735
N.16 Sungai Balang,ethnicity,Chinese,PH,7774,0.008103936197581683,0.4421147414458451
N.16 Sungai Balang,ethnicity,Indian,PH,50,0.0,1.0
N.16 Sungai Balang,ethnicity,Other,PH,270,0.0,1.0
N.16 Sungai Balang,ethnicity,Malay,PN,22004,0.10348118523904745,0.2659516451554263
N.16 Sungai Balang,ethnicity,Chinese,PN,7774,0.0,0.43851299202469773
N.16 Sungai Balang,ethnicity,Indian,PN,50,0.0,1.0
N.16 Sungai Balang,ethnicity,Other,PN,270,0.0,1.0
N.16 Sungai Balang,age,18-29,turnout,7531,0.4156154561147258,0.7846235559686628
N.16 Sungai Balang,age,30-39,turnout,6528,0.1799938725490196,0.8883272058823529
N.16 Sungai Balang,age,40-49,turnout,5252,0.15060929169840062,0.9626808834729627
N.16 Sungai Balang,age,50-59,turnout,4402,0.18718764198091775,0.9943207632894139
N.16 Sungai Balang,age,60-69,turnout,3430,0.13819241982507288,0.9743440233236151
N.16 Sungai Balang,age,70+,turnout,2955,0.1065989847715736,0.9681895093062606
N.16 Sungai Balang,age,18-29,BN,7531,0.108086575487983,0.37883415217102645
N.16 Sungai Balang,age,30-39,BN,6528,0.028186274509803922,0.5438112745098039
N.16 Sungai Balang,age,40-49,BN,5252,0.000952018278750952,0.5877760853008378
N.16 Sungai Balang,age,50-59,BN,4402,0.010904134484325307,0.7155838255338483
N.16 Sungai Balang,age,60-69,BN,3430,0.0,0.746938775510204
N.16 Sungai Balang,age,70+,BN,2955,0.0010152284263959391,0.7211505922165821
N.16 Sungai Balang,age,18-29,PH,7531,0.032266631257469126,0.16465276855663258
N.16 Sungai Balang,age,30-39,PH,6528,0.008118872549019608,0.2786458333333333
N.16 Sungai Balang,age,40-49,PH,5252,0.0,0.297981721249048
N.16 Sungai Balang,age,50-59,PH,4402,0.0,0.3814175374829623
N.16 Sungai Balang,age,60-69,PH,3430,0.010495626822157435,0.3795918367346939
N.16 Sungai Balang,age,70+,PH,2955,0.0,0.33570219966159054
N.16 Sungai Balang,age,18-29,PN,7531,0.0804674014075156,0.345372460496614
N.16 Sungai Balang,age,30-39,PN,6528,0.0274203431372549,0.5140931372549019
N.16 Sungai Balang,age,40-49,PN,5252,0.0,0.5251332825590251
N.16 Sungai Balang,age,50-59,PN,4402,0.0,0.5347569286687869
N.16 Sungai Balang,age,60-69,PN,3430,0.0,0.39037900874635567
N.16 Sungai Balang,age,70+,PN,2955,0.0,0.3522842639593909
N.17 Semerah,ethnicity,Malay,turnout,34339,0.5545880776959142,0.7040682605783511
N.17 Semerah,ethnicity,Chinese,turnout,11612,0.29357561143644506,0.7136582845332414
N.17 Semerah,ethnicity,Indian,turnout,248,0.0,1.0
N.17 Semerah,ethnicity,Other,turnout,429,0.0,1.0
N.17 Semerah,ethnicity,Malay,BN,34339,0.2329712571711465,0.35245639069279827
N.17 Semerah,ethnicity,Chinese,BN,11612,0.006458835687220117,0.3307785049948329
N.17 Semerah,ethnicity,Indian,BN,248,0.0,1.0
N.17 Semerah,ethnicity,Other,BN,429,0.0,1.0
N.17 Semerah,ethnicity,Malay,PH,34339,0.010396342351262413,0.12216430297911995
N.17 Semerah,ethnicity,Chinese,PH,11612,0.15294522907337238,0.47571477781605237
N.17 Semerah,ethnicity,Indian,PH,248,0.0,1.0
N.17 Semerah,ethnicity,Other,PH,429,0.0,1.0
N.17 Semerah,ethnicity,Malay,PN,34339,0.14173388858149627,0.24074667287923351
N.17 Semerah,ethnicity,Chinese,PN,11612,0.0014640027557698931,0.263262142611092
N.17 Semerah,ethnicity,Indian,PN,248,0.0,0.9879032258064516
N.17 Semerah,ethnicity,Other,PN,429,0.0,1.0
N.17 Semerah,age,18-29,turnout,10751,0.4406101757976002,0.7789042879732118
N.17 Semerah,age,30-39,turnout,8989,0.2353988207809545,0.8330181332740015
N.17 Semerah,age,40-49,turnout,7438,0.1989782199515999,0.9190642645872547
N.17 Semerah,age,50-59,turnout,7736,0.2762409513960703,0.9728541882109617
N.17 Semerah,age,60-69,turnout,6403,0.2195845697329377,0.9315945650476339
N.17 Semerah,age,70+,turnout,5311,0.16136320843532292,0.8007908115232536
N.17 Semerah,age,18-29,BN,10751,0.15012556971444516,0.4317737884847921
N.17 Semerah,age,30-39,BN,8989,0.05150739793080432,0.5223050394927133
N.17 Semerah,age,40-49,BN,7438,0.020435600968002152,0.5637268082817962
N.17 Semerah,age,50-59,BN,7736,0.032445708376421925,0.6141416752843847
N.17 Semerah,age,60-69,BN,6403,0.027955645791035454,0.5917538653756051
N.17 Semerah,age,70+,BN,5311,0.0077198267746187155,0.5264545283374129
N.17 Semerah,age,18-29,PH,10751,0.043623848944284255,0.1890986884940936
N.17 Semerah,age,30-39,PH,8989,0.004227389031037935,0.2488597174324174
N.17 Semerah,age,40-49,PH,7438,0.0018822264049475664,0.33033073406829794
N.17 Semerah,age,50-59,PH,7736,0.013831437435367114,0.4042140641158221
N.17 Semerah,age,60-69,PH,6403,0.049664219896923316,0.389036389192566
N.17 Semerah,age,70+,PH,5311,0.045189229900207115,0.27829034080210885
N.17 Semerah,age,18-29,PN,10751,0.1327318388987071,0.35066505441354295
N.17 Semerah,age,30-39,PN,8989,0.03927021915674714,0.4329736344420959
N.17 Semerah,age,40-49,PN,7438,0.02070449045442323,0.4678677063726808
N.17 Semerah,age,50-59,PN,7736,0.01732161323681489,0.43084281282316444
N.17 Semerah,age,60-69,PN,6403,0.00046853037638606906,0.3148524129314384
N.17 Semerah,age,70+,PN,5311,0.0,0.2534362643569949
N.18 Sri Medan,ethnicity,Malay,turnout,29225,0.6214542343883661,0.7353635585970916
N.18 Sri Medan,ethnicity,Chinese,turnout,2797,0.030747229174115123,1.0
N.18 Sri Medan,ethnicity,Indian,turnout,99,0.0,1.0
N.18 Sri Medan,ethnicity,Other,turnout,536,0.0,1.0
N.18 Sri Medan,ethnicity,Malay,BN,29225,0.33248930710008556,0.43907613344739094
N.18 Sri Medan,ethnicity,Chinese,BN,2797,0.0,0.9120486235252055
N.18 Sri Medan,ethnicity,Indian,BN,99,0.0,1.0
N.18 Sri Medan,ethnicity,Other,BN,536,0.0,1.0
N.18 Sri Medan,ethnicity,Malay,PH,29225,0.0029084687767322497,0.052112917023096665
N.18 Sri Medan,ethnicity,Chinese,PH,2797,0.0,0.43832677869145514
N.18 Sri Medan,ethnicity,Indian,PH,99,0.0,1.0
N.18 Sri Medan,ethnicity,Other,PH,536,0.0,0.9085820895522388
N.18 Sri Medan,ethnicity,Malay,PN,29225,0.16338751069289992,0.2313430282292558
N.18 Sri Medan,ethnicity,Chinese,PN,2797,0.0,0.5663210582767251
N.18 Sri Medan,ethnicity,Indian,PN,99,0.0,1.0
N.18 Sri Medan,ethnicity,Other,PN,536,0.0,1.0
N.18 Sri Medan,age,18-29,turnout,8698,0.5210393193837664,0.819613704299839
N.18 Sri Medan,age,30-39,turnout,7054,0.27388715622341936,0.8759569038843209
N.18 Sri Medan,age,40-49,turnout,5566,0.36345670140136543,0.9496945742005031
N.18 Sri Medan,age,50-59,turnout,5071,0.3567343719187537,0.9765332281601262
N.18 Sri Medan,age,60-69,turnout,3478,0.2084531339850489,1.0
N.18 Sri Medan,age,70+,turnout,2790,0.182078853046595,0.9813620071684588
N.18 Sri Medan,age,18-29,BN,8698,0.21970567946654404,0.5379397562658083
N.18 Sri Medan,age,30-39,BN,7054,0.09710802381627445,0.6981854267082507
N.18 Sri Medan,age,40-49,BN,5566,0.05641394178943586,0.6942148760330579
N.18 Sri Medan,age,50-59,BN,5071,0.06251232498521002,0.8278446065864721
N.18 Sri Medan,age,60-69,BN,3478,0.0097757331799885,0.9493962047153537
N.18 Sri Medan,age,70+,BN,2790,0.01935483870967742,0.8530465949820788
N.18 Sri Medan,age,18-29,PH,8698,0.01563577833984824,0.07484479190618533
N.18 Sri Medan,age,30-39,PH,7054,0.005670541536716756,0.11582081088743976
N.18 Sri Medan,age,40-49,PH,5566,0.0037729069349622707,0.11013295005389867
N.18 Sri Medan,age,50-59,PH,5071,0.0,0.14573062512324986
N.18 Sri Medan,age,60-69,PH,3478,0.0,0.17366302472685452
N.18 Sri Medan,age,70+,PH,2790,0.0,0.14946236559139786
N.18 Sri Medan,age,18-29,PN,8698,0.10289721775120718,0.3246723384686135
N.18 Sri Medan,age,30-39,PN,7054,0.041962007371703997,0.479018996314148
N.18 Sri Medan,age,40-49,PN,5566,0.03072224218469278,0.49658641753503413
N.18 Sri Medan,age,50-59,PN,5071,0.010648787221455335,0.5150857818970618
N.18 Sri Medan,age,60-69,PN,3478,0.0,0.43502012650948824
N.18 Sri Medan,age,70+,PN,2790,0.0,0.37777777777777777
N.19 Yong Peng,ethnicity,Malay,turnout,11248,0.29987553342816503,0.8801564722617354
N.19 Yong Peng,ethnicity,Chinese,turnout,19071,0.3520528551203398,0.7398143778511876
N.19 Yong Peng,ethnicity,Indian,turnout,2303,0.0,1.0
N.19 Yong Peng,ethnicity,Other,turnout,389,0.0,1.0
N.19 Yong Peng,ethnicity,Malay,BN,11248,0.1608285917496444,0.6860775248933144
N.19 Yong Peng,ethnicity,Chinese,BN,19071,0.06517749462534739,0.38146924649992137
N.19 Yong Peng,ethnicity,Indian,BN,2303,0.0,1.0
N.19 Yong Peng,ethnicity,Other,BN,389,0.0,1.0
N.19 Yong Peng,ethnicity,Malay,PH,11248,0.0,0.385224039829303
N.19 Yong Peng,ethnicity,Chinese,PH,19071,0.10571024067956583,0.3674164962508521
N.19 Yong Peng,ethnicity,Indian,PH,2303,0.0,0.8810247503256622
N.19 Yong Peng,ethnicity,Other,PH,389,0.0,0.974293059125964
N.19 Yong Peng,ethnicity,Malay,PN,11248,0.01333570412517781,0.14624822190611664
N.19 Yong Peng,ethnicity,Chinese,PN,19071,0.0,0.06963452362225368
N.19 Yong Peng,ethnicity,Indian,PN,2303,0.0,0.4146765089014329
N.19 Yong Peng,ethnicity,Other,PN,389,0.0,0.9845758354755784
N.19 Yong Peng,age,18-29,turnout,8201,0.36019997561273015,0.6590659675649311
N.19 Yong Peng,age,30-39,turnout,6882,0.2156349898285382,0.7653298459750073
N.19 Yong Peng,age,40-49,turnout,5771,0.15335297175532836,0.8580835210535436
N.19 Yong Peng,age,50-59,turnout,5141,0.36257537444077026,0.9048823186150554
N.19 Yong Peng,age,60-69,turnout,4039,0.33077494429314186,0.9650903689031939
N.19 Yong Peng,age,70+,turnout,2977,0.28014779979845483,0.8572388310379577
N.19 Yong Peng,age,18-29,BN,8201,0.18253871479087916,0.41275454212900864
N.19 Yong Peng,age,30-39,BN,6882,0.08049985469340308,0.4853240337111305
N.19 Yong Peng,age,40-49,BN,5771,0.03604228036735401,0.5985097903309652
N.19 Yong Peng,age,50-59,BN,5141,0.05018478895156584,0.5553394281268236
N.19 Yong Peng,age,60-69,BN,4039,0.055954444169348846,0.6494181728150532
N.19 Yong Peng,age,70+,BN,2977,0.05273765535774269,0.6032919046019483
N.19 Yong Peng,age,18-29,PH,8201,0.1020607243019144,0.26313864162906964
N.19 Yong Peng,age,30-39,PH,6882,0.05085730892182505,0.33754722464399883
N.19 Yong Peng,age,40-49,PH,5771,0.04141396638364235,0.4851845434066886
N.19 Yong Peng,age,50-59,PH,5141,0.06302275821824548,0.4767554950398755
N.19 Yong Peng,age,60-69,PH,4039,0.0460510027234464,0.5281010151027482
N.19 Yong Peng,age,70+,PH,2977,0.06617400067181727,0.502519314746389
N.19 Yong Peng,age,18-29,PN,8201,0.034386050481648577,0.10962077795390807
N.19 Yong Peng,age,30-39,PN,6882,0.015983725661145014,0.12656204591688464
N.19 Yong Peng,age,40-49,PN,5771,0.002425922717033443,0.14694160457459712
N.19 Yong Peng,age,50-59,PN,5141,0.0,0.10892822408091811
N.19 Yong Peng,age,60-69,PN,4039,0.0,0.10373854914582818
N.19 Yong Peng,age,70+,PN,2977,0.0,0.09808532079274437
N.20 Semarang,ethnicity,Malay,turnout,23728,0.6205327039784221,0.7320043830074174
N.20 Semarang,ethnicity,Chinese,turnout,3500,0.16857142857142857,0.8274285714285714
N.20 Semarang,ethnicity,Indian,turnout,210,0.0,1.0
N.20 Semarang,ethnicity,Other,turnout,282,0.0035460992907801418,1.0
N.20 Semarang,ethnicity,Malay,BN,23728,0.3554871881321645,0.4534726904922454
N.20 Semarang,ethnicity,Chinese,BN,3500,0.03542857142857143,0.6122857142857143
N.20 Semarang,ethnicity,Indian,BN,210,0.0,1.0
N.20 Semarang,ethnicity,Other,BN,282,0.0,1.0
N.20 Semarang,ethnicity,Malay,PH,23728,0.006616655428186109,0.05297538772757923
N.20 Semarang,ethnicity,Chinese,PH,3500,0.010857142857142857,0.29514285714285715
N.20 Semarang,ethnicity,Indian,PH,210,0.0,1.0
N.20 Semarang,ethnicity,Other,PH,282,0.0,0.9680851063829787
N.20 Semarang,ethnicity,Malay,PN,23728,0.1506237356709373,0.21754888739042483
N.20 Semarang,ethnicity,Chinese,PN,3500,0.0,0.3737142857142857
N.20 Semarang,ethnicity,Indian,PN,210,0.0,1.0
N.20 Semarang,ethnicity,Other,PN,282,0.0,1.0
N.20 Semarang,age,18-29,turnout,7411,0.5131561192821481,0.7870732694643098
N.20 Semarang,age,30-39,turnout,5912,0.2780784844384303,0.7867050067658998
N.20 Semarang,age,40-49,turnout,4830,0.35838509316770184,0.8786749482401657
N.20 Semarang,age,50-59,turnout,4363,0.31102452440980977,0.9896859958743983
N.20 Semarang,age,60-69,turnout,2948,0.2669606512890095,0.9921981004070556
N.20 Semarang,age,70+,turnout,2256,0.2296099290780142,0.9738475177304965
N.20 Semarang,age,18-29,BN,7411,0.23546080151126703,0.5141006611793281
N.20 Semarang,age,30-39,BN,5912,0.1158660351826793,0.6329499323410014
N.20 Semarang,age,40-49,BN,4830,0.06438923395445134,0.6799171842650104
N.20 Semarang,age,50-59,BN,4363,0.07151042860417144,0.8512491404996562
N.20 Semarang,age,60-69,BN,2948,0.04918588873812754,0.9168928086838535
N.20 Semarang,age,70+,BN,2256,0.03945035460992908,0.8599290780141844
N.20 Semarang,age,18-29,PH,7411,0.02172446363513696,0.06584806368911078
N.20 Semarang,age,30-39,PH,5912,0.007949932341001354,0.08575778078484439
N.20 Semarang,age,40-49,PH,4830,0.0,0.10993788819875776
N.20 Semarang,age,50-59,PH,4363,0.0,0.15448086179234471
N.20 Semarang,age,60-69,PH,2948,0.0,0.16723202170963364
N.20 Semarang,age,70+,PH,2256,0.0,0.13076241134751773
N.20 Semarang,age,18-29,PN,7411,0.1006611793280259,0.30738092025367697
N.20 Semarang,age,30-39,PN,5912,0.04380920162381597,0.4287889039242219
N.20 Semarang,age,40-49,PN,4830,0.024844720496894408,0.4706004140786749
N.20 Semarang,age,50-59,PN,4363,0.0,0.4969057987623195
N.20 Semarang,age,60-69,PN,2948,0.0,0.39009497964721845
N.20 Semarang,age,70+,PN,2256,0.0,0.3745567375886525
N.21 Parit Yaani,ethnicity,Malay,turnout,23012,0.36611333217451764,0.8429949591517469
N.21 Parit Yaani,ethnicity,Chinese,turnout,17923,0.20844724655470626,0.8048317803939072
N.21 Parit Yaani,ethnicity,Indian,turnout,400,0.0,1.0
N.21 Parit Yaani,ethnicity,Other,turnout,496,0.0,1.0
N.21 Parit Yaani,ethnicity,Malay,BN,23012,0.13253954458543368,0.3857987137145837
N.21 Parit Yaani,ethnicity,Chinese,BN,17923,0.0,0.31936617753724267
N.21 Parit Yaani,ethnicity,Indian,BN,400,0.0,1.0
N.21 Parit Yaani,ethnicity,Other,BN,496,0.0,1.0
N.21 Parit Yaani,ethnicity,Malay,PH,23012,0.007343994437684687,0.3028854510690075
N.21 Parit Yaani,ethnicity,Chinese,PH,17923,0.08397031746917369,0.4715728393684093
N.21 Parit Yaani,ethnicity,Indian,PH,400,0.0,1.0
N.21 Parit Yaani,ethnicity,Other,PH,496,0.0,1.0
N.21 Parit Yaani,ethnicity,Malay,PN,23012,0.04115244220406744,0.2309229966973753
N.21 Parit Yaani,ethnicity,Chinese,PN,17923,0.0,0.2387435139206606
N.21 Parit Yaani,ethnicity,Indian,PN,400,0.0,1.0
N.21 Parit Yaani,ethnicity,Other,PN,496,0.0,1.0
N.21 Parit Yaani,age,18-29,turnout,12850,0.43634241245136185,0.6342412451361867
N.21 Parit Yaani,age,30-39,turnout,9390,0.24952076677316293,0.7280085197018105
N.21 Parit Yaani,age,40-49,turnout,7109,0.27148684765789843,0.859051906034604
N.21 Parit Yaani,age,50-59,turnout,5811,0.3446911030803648,0.9108587162278438
N.21 Parit Yaani,age,60-69,turnout,4033,0.2377882469625589,0.9119761963798662
N.21 Parit Yaani,age,70+,turnout,2638,0.13381349507202425,0.8779378316906747
N.21 Parit Yaani,age,18-29,BN,12850,0.11642023346303502,0.27206225680933854
N.21 Parit Yaani,age,30-39,BN,9390,0.03152289669861555,0.3599574014909478
N.21 Parit Yaani,age,40-49,BN,7109,0.030665353776902517,0.41946827964551975
N.21 Parit Yaani,age,50-59,BN,5811,0.05093787644123215,0.4985372569265187
N.21 Parit Yaani,age,60-69,BN,4033,0.04091247210513266,0.5559137118770147
N.21 Parit Yaani,age,70+,BN,2638,0.021607278241091737,0.6076573161485974
N.21 Parit Yaani,age,18-29,PH,12850,0.1382101167315175,0.24622568093385214
N.21 Parit Yaani,age,30-39,PH,9390,0.06347177848775293,0.34494142705005326
N.21 Parit Yaani,age,40-49,PH,7109,0.09058939372626248,0.4626529751019834
N.21 Parit Yaani,age,50-59,PH,5811,0.07675098950266736,0.4608501118568233
N.21 Parit Yaani,age,60-69,PH,4033,0.055293825936027774,0.4336722043144062
N.21 Parit Yaani,age,70+,PH,2638,0.0018953752843062926,0.3673237300985595
N.21 Parit Yaani,age,18-29,PN,12850,0.08607003891050584,0.20739299610894943
N.21 Parit Yaani,age,30-39,PN,9390,0.017252396166134186,0.274653887113951
N.21 Parit Yaani,age,40-49,PN,7109,0.015192010128006752,0.31368687579125054
N.21 Parit Yaani,age,50-59,PN,5811,0.01066942006539322,0.30579934606780246
N.21 Parit Yaani,age,60-69,PN,4033,0.017852715100421523,0.2536573270518225
N.21 Parit Yaani,age,70+,PN,2638,0.0,0.2486732373009856
N.22 Parit Raja,ethnicity,Malay,turnout,26513,0.5013766831365745,0.7351110775845812
N.22 Parit Raja,ethnicity,Chinese,turnout,8470,0.15997638724911453,0.8611570247933884
N.22 Parit Raja,ethnicity,Indian,turnout,650,0.0,1.0
N.22 Parit Raja,ethnicity,Other,turnout,326,0.0,1.0
N.22 Parit Raja,ethnicity,Malay,BN,26513,0.23267830875419607,0.39011051182438805
N.22 Parit Raja,ethnicity,Chinese,BN,8470,0.0,0.445926800472255
N.22 Parit Raja,ethnicity,Indian,BN,650,0.0,1.0
N.22 Parit Raja,ethnicity,Other,BN,326,0.0,1.0
N.22 Parit Raja,ethnicity,Malay,PH,26513,0.0,0.0
N.22 Parit Raja,ethnicity,Chinese,PH,8470,0.0,0.0
N.22 Parit Raja,ethnicity,Indian,PH,650,0.0,0.0
N.22 Parit Raja,ethnicity,Other,PH,326,0.0,0.0
N.22 Parit Raja,ethnicity,Malay,PN,26513,0.11183193150529928,0.23607286991287293
N.22 Parit Raja,ethnicity,Chinese,PN,8470,0.0,0.3587957497048406
N.22 Parit Raja,ethnicity,Indian,PN,650,0.0,0.8461538461538461
N.22 Parit Raja,ethnicity,Other,PN,326,0.0,1.0
N.22 Parit Raja,age,18-29,turnout,10400,0.44048076923076923,0.7488461538461538
N.22 Parit Raja,age,30-39,turnout,7181,0.1336861161398134,0.854198579585016
N.22 Parit Raja,age,40-49,turnout,5769,0.21910209741723002,0.9483446004506847
N.22 Parit Raja,age,50-59,turnout,5689,0.29179117595359466,0.9562313236069608
N.22 Parit Raja,age,60-69,turnout,3974,0.20407649723200805,0.9574735782586814
N.22 Parit Raja,age,70+,turnout,2946,0.13611676849966056,0.8835709436524101
N.22 Parit Raja,age,18-29,BN,10400,0.14961538461538462,0.4026923076923077
N.22 Parit Raja,age,30-39,BN,7181,0.011140509678317784,0.5666341735134383
N.22 Parit Raja,age,40-49,BN,5769,0.030507886982145953,0.5924770324146299
N.22 Parit Raja,age,50-59,BN,5689,0.07154157145368255,0.6739321497627
N.22 Parit Raja,age,60-69,BN,3974,0.021389028686462003,0.7018117765475591
N.22 Parit Raja,age,70+,BN,2946,0.0050916496945010185,0.63306177868296
N.22 Parit Raja,age,18-29,PH,10400,0.0,0.0
N.22 Parit Raja,age,30-39,PH,7181,0.0,0.0
N.22 Parit Raja,age,40-49,PH,5769,0.0,0.0
N.22 Parit Raja,age,50-59,PH,5689,0.0,0.0
N.22 Parit Raja,age,60-69,PH,3974,0.0,0.0
N.22 Parit Raja,age,70+,PH,2946,0.0,0.0
N.22 Parit Raja,age,18-29,PN,10400,0.1025,0.29
N.22 Parit Raja,age,30-39,PN,7181,0.0,0.4211112658404122
N.22 Parit Raja,age,40-49,PN,5769,0.027214421910209743,0.47928583810019065
N.22 Parit Raja,age,50-59,PN,5689,0.01915978203550712,0.45631921251538055
N.22 Parit Raja,age,60-69,PN,3974,0.0020130850528434826,0.3326623049823855
N.22 Parit Raja,age,70+,PN,2946,0.0,0.2739307535641548
N.23 Penggaram,ethnicity,Malay,turnout,24583,0.08530285156408901,0.9358092991091405
N.23 Penggaram,ethnicity,Chinese,turnout,41900,0.2156324582338902,0.7440095465393795
N.23 Penggaram,ethnicity,Indian,turnout,1563,0.0,1.0
N.23 Penggaram,ethnicity,Other,turnout,571,0.0,1.0
N.23 Penggaram,ethnicity,Malay,BN,24583,0.01358662490338852,0.3114347313183908
N.23 Penggaram,ethnicity,Chinese,BN,41900,0.000883054892601432,0.17513126491646777
N.23 Penggaram,ethnicity,Indian,BN,1563,0.0,1.0
N.23 Penggaram,ethnicity,Other,BN,571,0.0,1.0
N.23 Penggaram,ethnicity,Malay,PH,24583,0.0,0.5706789244599927
N.23 Penggaram,ethnicity,Chinese,PH,41900,0.07799522673031026,0.4289021479713604
N.23 Penggaram,ethnicity,Indian,PH,1563,0.0,1.0
N.23 Penggaram,ethnicity,Other,PH,571,0.0,1.0
N.23 Penggaram,ethnicity,Malay,PN,24583,0.004555993979579384,0.20514176463409672
N.23 Penggaram,ethnicity,Chinese,PN,41900,0.0,0.11694510739856802
N.23 Penggaram,ethnicity,Indian,PN,1563,0.0,0.9309021113243762
N.23 Penggaram,ethnicity,Other,PN,571,0.0,1.0
N.23 Penggaram,age,18-29,turnout,15770,0.3215599239061509,0.5929613189600508
N.23 Penggaram,age,30-39,turnout,14872,0.19533351264120494,0.6682356105433028
N.23 Penggaram,age,40-49,turnout,12078,0.21253518794502402,0.7683391289948667
N.23 Penggaram,age,50-59,turnout,10360,0.32007722007722006,0.8671814671814672
N.23 Penggaram,age,60-69,turnout,8604,0.2992794049279405,0.845304509530451
N.23 Penggaram,age,70+,turnout,6933,0.1974614164142507,0.6398384537718159
N.23 Penggaram,age,18-29,BN,15770,0.06727964489537096,0.15916296766011415
N.23 Penggaram,age,30-39,BN,14872,0.02568585260892953,0.189147391070468
N.23 Penggaram,age,40-49,BN,12078,0.022354694485842028,0.2256168239774797
N.23 Penggaram,age,50-59,BN,10360,0.013127413127413128,0.2413127413127413
N.23 Penggaram,age,60-69,BN,8604,0.04300325430032543,0.28451882845188287
N.23 Penggaram,age,70+,BN,6933,0.004182893408336939,0.2227030145680081
N.23 Penggaram,age,18-29,PH,15770,0.140139505389981,0.32149651236525045
N.23 Penggaram,age,30-39,PH,14872,0.06623184507799892,0.3927514792899408
N.23 Penggaram,age,40-49,PH,12078,0.07310813048517967,0.5208643815201193
N.23 Penggaram,age,50-59,PH,10360,0.09420849420849421,0.5663127413127413
N.23 Penggaram,age,60-69,PH,8604,0.13052068805206882,0.5893770339377034
N.23 Penggaram,age,70+,PH,6933,0.05033895860377903,0.3934804557911438
N.23 Penggaram,age,18-29,PN,15770,0.05764109067850349,0.13925174381737476
N.23 Penggaram,age,30-39,PN,14872,0.0228617536309844,0.164066702528241
N.23 Penggaram,age,40-49,PN,12078,0.015813876469614175,0.16517635370094386
N.23 Penggaram,age,50-59,PN,10360,0.005019305019305019,0.147007722007722
N.23 Penggaram,age,60-69,PN,8604,0.014411901441190145,0.13319386331938632
N.23 Penggaram,age,70+,PN,6933,0.0,0.08293667964806001
N.24 Senggarang,ethnicity,Malay,turnout,22093,0.35875616711175484,0.8437966776807133
N.24 Senggarang,ethnicity,Chinese,turnout,13281,0.1339507567201265,0.9113771553346887
N.24 Senggarang,ethnicity,Indian,turnout,248,0.0,1.0
N.24 Senggarang,ethnicity,Other,turnout,1007,0.0,1.0
N.24 Senggarang,ethnicity,Malay,BN,22093,0.08645272258181325,0.4064635857511429
N.24 Senggarang,ethnicity,Chinese,BN,13281,0.0,0.49137866124538815
N.24 Senggarang,ethnicity,Indian,BN,248,0.0,1.0
N.24 Senggarang,ethnicity,Other,BN,1007,0.0,1.0
N.24 Senggarang,ethnicity,Malay,PH,22093,0.004073688498619472,0.2570497442628887
N.24 Senggarang,ethnicity,Chinese,PH,13281,0.00338829907386492,0.42361267976808975
N.24 Senggarang,ethnicity,Indian,PH,248,0.0,1.0
N.24 Senggarang,ethnicity,Other,PH,1007,0.0,0.9155908639523337
N.24 Senggarang,ethnicity,Malay,PN,22093,0.04155162268591862,0.2448739419725705
N.24 Senggarang,ethnicity,Chinese,PN,13281,0.0,0.30780814697688424
N.24 Senggarang,ethnicity,Indian,PN,248,0.0,1.0
N.24 Senggarang,ethnicity,Other,PN,1007,0.0,0.9920556107249255
N.24 Senggarang,age,18-29,turnout,9499,0.4246762817138646,0.6990209495736394
N.24 Senggarang,age,30-39,turnout,7726,0.22430753300543618,0.7826818534817499
N.24 Senggarang,age,40-49,turnout,6269,0.29813367363215826,0.8963152017865689
N.24 Senggarang,age,50-59,turnout,5745,0.31940818102698,0.9395996518711923
N.24 Senggarang,age,60-69,turnout,4071,0.19479243429132892,0.9361336281012036
N.24 Senggarang,age,70+,turnout,3319,0.15908406146429646,0.8559807170834589
N.24 Senggarang,age,18-29,BN,9499,0.13548794609958942,0.33593009790504264
N.24 Senggarang,age,30-39,BN,7726,0.030934506859953404,0.4414962464405902
N.24 Senggarang,age,40-49,BN,6269,0.020896474716860743,0.46498644121869515
N.24 Senggarang,age,50-59,BN,5745,0.04699738903394256,0.5575282854656223
N.24 Senggarang,age,60-69,BN,4071,0.0454433800049128,0.6445590763940063
N.24 Senggarang,age,70+,BN,3319,0.022295872250677914,0.5112985839108165
N.24 Senggarang,age,18-29,PH,9499,0.07779766291188546,0.20412675018422993
N.24 Senggarang,age,30-39,PH,7726,0.01760289930106135,0.28268185348174996
N.24 Senggarang,age,40-49,PH,6269,0.017227628010847026,0.369755941936513
N.24 Senggarang,age,50-59,PH,5745,0.01114012184508268,0.42837249782419495
N.24 Senggarang,age,60-69,PH,4071,0.022353230164578727,0.4519774011299435
N.24 Senggarang,age,70+,PH,3319,0.0012051822838204278,0.3287134679120217
N.24 Senggarang,age,18-29,PN,9499,0.08948310348457732,0.2397094430992736
N.24 Senggarang,age,30-39,PN,7726,0.02549831736991975,0.35244628527051514
N.24 Senggarang,age,40-49,PN,6269,0.014994416972403892,0.35396394959323657
N.24 Senggarang,age,50-59,PN,5745,0.01288076588337685,0.3307223672758921
N.24 Senggarang,age,60-69,PN,4071,0.008351756325227217,0.28125767624662246
N.24 Senggarang,age,70+,PN,3319,0.0,0.21301596866526062
N.25 Rengit,ethnicity,Malay,turnout,21674,0.5023069115068746,0.7378887145889084
N.25 Rengit,ethnicity,Chinese,turnout,4620,0.02316017316017316,0.9664502164502164
N.25 Rengit,ethnicity,Indian,turnout,59,0.0,1.0
N.25 Rengit,ethnicity,Other,turnout,747,0.0,1.0
N.25 Rengit,ethnicity,Malay,BN,21674,0.16526714035249607,0.35683307188336255
N.25 Rengit,ethnicity,Chinese,BN,4620,0.0,0.7922077922077922
N.25 Rengit,ethnicity,Indian,BN,59,0.0,1.0
N.25 Rengit,ethnicity,Other,BN,747,0.0,1.0
N.25 Rengit,ethnicity,Malay,PH,21674,0.001153455753437298,0.09379902186952109
N.25 Rengit,ethnicity,Chinese,PH,4620,0.0,0.4266233766233766
N.25 Rengit,ethnicity,Indian,PH,59,0.0,1.0
N.25 Rengit,ethnicity,Other,PH,747,0.0,0.8433734939759037
N.25 Rengit,ethnicity,Malay,PN,21674,0.1010888622312448,0.2702777521454277
N.25 Rengit,ethnicity,Chinese,PN,4620,0.0,0.7147186147186148
N.25 Rengit,ethnicity,Indian,PN,59,0.0,1.0
N.25 Rengit,ethnicity,Other,PN,747,0.0,1.0
N.25 Rengit,age,18-29,turnout,6696,0.4680406212664277,0.7196833930704899
N.25 Rengit,age,30-39,turnout,6020,0.3081395348837209,0.790531561461794
N.25 Rengit,age,40-49,turnout,4478,0.198079499776686,0.9461813309513175
N.25 Rengit,age,50-59,turnout,4066,0.27250368912936546,0.9894244958189867
N.25 Rengit,age,60-69,turnout,2981,0.2868165045286816,0.9721569942972157
N.25 Rengit,age,70+,turnout,2859,0.2738719832109129,0.7929345925148653
N.25 Rengit,age,18-29,BN,6696,0.1905615292712067,0.35409199522102747
N.25 Rengit,age,30-39,BN,6020,0.07425249169435216,0.41079734219269104
N.25 Rengit,age,40-49,BN,4478,0.0015631978561857973,0.6212594908441268
N.25 Rengit,age,50-59,BN,4066,0.0,0.6974913920314806
N.25 Rengit,age,60-69,BN,2981,0.03555853740355586,0.7396846695739685
N.25 Rengit,age,70+,BN,2859,0.09618747813920951,0.5505421476040574
N.25 Rengit,age,18-29,PH,6696,0.0252389486260454,0.10379330943847073
N.25 Rengit,age,30-39,PH,6020,0.008471760797342192,0.15033222591362128
N.25 Rengit,age,40-49,PH,4478,0.0,0.22934345690040198
N.25 Rengit,age,50-59,PH,4066,0.0,0.2294638465322184
N.25 Rengit,age,60-69,PH,2981,0.0,0.24555518282455552
N.25 Rengit,age,70+,PH,2859,0.0,0.13746065057712487
N.25 Rengit,age,18-29,PN,6696,0.16009557945041816,0.3239247311827957
N.25 Rengit,age,30-39,PN,6020,0.09036544850498339,0.4227574750830565
N.25 Rengit,age,40-49,PN,4478,0.0,0.5627512282268871
N.25 Rengit,age,50-59,PN,4066,0.0,0.5277914412198721
N.25 Rengit,age,60-69,PN,2981,0.0,0.3881247903388125
N.25 Rengit,age,70+,PN,2859,0.0,0.20111927247289263
N.26 Machap,ethnicity,Malay,turnout,21860,0.43838060384263494,0.7935498627630375
N.26 Machap,ethnicity,Chinese,turnout,9495,0.1291205897840969,0.8826750921537652
N.26 Machap,ethnicity,Indian,turnout,1799,0.0,1.0
N.26 Machap,ethnicity,Other,turnout,581,0.0,1.0
N.26 Machap,ethnicity,Malay,BN,21860,0.23366880146386093,0.4901646843549863
N.26 Machap,ethnicity,Chinese,BN,9495,0.003264876250658241,0.5365982095839916
N.26 Machap,ethnicity,Indian,BN,1799,0.0,1.0
N.26 Machap,ethnicity,Other,BN,581,0.0,1.0
N.26 Machap,ethnicity,Malay,PH,21860,0.0,0.0
N.26 Machap,ethnicity,Chinese,PH,9495,0.0,0.0
N.26 Machap,ethnicity,Indian,PH,1799,0.0,0.0
N.26 Machap,ethnicity,Other,PH,581,0.0,0.0
N.26 Machap,ethnicity,Malay,PN,21860,0.08055809698078682,0.20123513266239706
N.26 Machap,ethnicity,Chinese,PN,9495,0.0,0.23464981569246973
N.26 Machap,ethnicity,Indian,PN,1799,0.0,0.8121178432462479
N.26 Machap,ethnicity,Other,PN,581,0.0,1.0
N.26 Machap,age,18-29,turnout,9308,0.45573700042973786,0.6799527288354104
N.26 Machap,age,30-39,turnout,7620,0.2702099737532808,0.760236220472441
N.26 Machap,age,40-49,turnout,5590,0.25205724508050087,0.8386404293381038
N.26 Machap,age,50-59,turnout,4996,0.41493194555644514,0.8957165732586069
N.26 Machap,age,60-69,turnout,3610,0.3961218836565097,0.8614958448753463
N.26 Machap,age,70+,turnout,2611,0.253159708923784,0.7920337035618537
N.26 Machap,age,18-29,BN,9308,0.23227331327889988,0.4144821658788139
N.26 Machap,age,30-39,BN,7620,0.08805774278215223,0.4967191601049869
N.26 Machap,age,40-49,BN,5590,0.05456171735241502,0.5966010733452594
N.26 Machap,age,50-59,BN,4996,0.10468374699759808,0.6202962369895917
N.26 Machap,age,60-69,BN,3610,0.12465373961218837,0.632409972299169
N.26 Machap,age,70+,BN,2611,0.036384527001148984,0.6016851780926848
N.26 Machap,age,18-29,PH,9308,0.0,0.0
N.26 Machap,age,30-39,PH,7620,0.0,0.0
N.26 Machap,age,40-49,PH,5590,0.0,0.0
N.26 Machap,age,50-59,PH,4996,0.0,0.0
N.26 Machap,age,60-69,PH,3610,0.0,0.0
N.26 Machap,age,70+,PH,2611,0.0,0.0
N.26 Machap,age,18-29,PN,9308,0.08949290932531156,0.19005156854318866
N.26 Machap,age,30-39,PN,7620,0.022965879265091863,0.26496062992125985
N.26 Machap,age,40-49,PN,5590,0.019856887298747763,0.3413237924865832
N.26 Machap,age,50-59,PN,4996,0.01721377101681345,0.2790232185748599
N.26 Machap,age,60-69,PN,3610,0.02548476454293629,0.24986149584487535
N.26 Machap,age,70+,PN,2611,0.0,0.1980084258904634
N.27 Layang-Layang,ethnicity,Malay,turnout,13187,0.39667854705391675,0.805641920072799
N.27 Layang-Layang,ethnicity,Chinese,turnout,7470,0.15568942436412317,0.7961178045515395
N.27 Layang-Layang,ethnicity,Indian,turnout,3275,0.010687022900763359,0.991145038167939
N.27 Layang-Layang,ethnicity,Other,turnout,556,0.0,1.0
N.27 Layang-Layang,ethnicity,Malay,BN,13187,0.19928717676499583,0.5288541745658604
N.27 Layang-Layang,ethnicity,Chinese,BN,7470,0.010575635876840695,0.42570281124497994
N.27 Layang-Layang,ethnicity,Indian,BN,3275,0.0,0.8253435114503817
N.27 Layang-Layang,ethnicity,Other,BN,556,0.0,1.0
N.27 Layang-Layang,ethnicity,Malay,PH,13187,0.01539394858572837,0.293395010237355
N.27 Layang-Layang,ethnicity,Chinese,PH,7470,0.029049531459170014,0.45876840696117804
N.27 Layang-Layang,ethnicity,Indian,PH,3275,0.0,0.7145038167938931
N.27 Layang-Layang,ethnicity,Other,PH,556,0.0,1.0
N.27 Layang-Layang,ethnicity,Malay,PN,13187,0.0015924774399029347,0.09206036247819822
N.27 Layang-Layang,ethnicity,Chinese,PN,7470,0.0,0.11860776439089692
N.27 Layang-Layang,ethnicity,Indian,PN,3275,0.0,0.2952671755725191
N.27 Layang-Layang,ethnicity,Other,PN,556,0.0,0.9334532374100719
N.27 Layang-Layang,age,18-29,turnout,5540,0.3413357400722022,0.7402527075812274
N.27 Layang-Layang,age,30-39,turnout,5254,0.17453368861819565,0.8089074990483441
N.27 Layang-Layang,age,40-49,turnout,4199,0.12955465587044535,0.9216480114312932
N.27 Layang-Layang,age,50-59,turnout,3839,0.1914561083615525,0.9520708517843188
N.27 Layang-Layang,age,60-69,turnout,3104,0.17364690721649484,0.948131443298969
N.27 Layang-Layang,age,70+,turnout,2552,0.14929467084639497,0.8150470219435737
N.27 Layang-Layang,age,18-29,BN,5540,0.15938628158844764,0.48628158844765346
N.27 Layang-Layang,age,30-39,BN,5254,0.05196041111534069,0.553483060525314
N.27 Layang-Layang,age,40-49,BN,4199,0.010240533460347702,0.6403905691831389
N.27 Layang-Layang,age,50-59,BN,3839,0.0,0.6303724928366762
N.27 Layang-Layang,age,60-69,BN,3104,0.006121134020618557,0.6730025773195877
N.27 Layang-Layang,age,70+,BN,2552,0.02115987460815047,0.557601880877743
N.27 Layang-Layang,age,18-29,PH,5540,0.0855595667870036,0.2879061371841155
N.27 Layang-Layang,age,30-39,PH,5254,0.01903311762466692,0.33917015607156453
N.27 Layang-Layang,age,40-49,PH,4199,0.002619671350321505,0.48225768040009526
N.27 Layang-Layang,age,50-59,PH,3839,0.0,0.4584527220630373
N.27 Layang-Layang,age,60-69,PH,3104,0.015786082474226804,0.46617268041237114
N.27 Layang-Layang,age,70+,PH,2552,0.0438871473354232,0.4615987460815047
N.27 Layang-Layang,age,18-29,PN,5540,0.03592057761732852,0.12292418772563177
N.27 Layang-Layang,age,30-39,PN,5254,0.0024743052912067,0.1292348686714884
N.27 Layang-Layang,age,40-49,PN,4199,0.0,0.16027625625148845
N.27 Layang-Layang,age,50-59,PN,3839,0.0,0.14066163063297735
N.27 Layang-Layang,age,60-69,PN,3104,0.0,0.1014819587628866
N.27 Layang-Layang,age,70+,PN,2552,0.0,0.07836990595611286
N.28 Mengkibol,ethnicity,Malay,turnout,18550,0.04668463611859838,0.9405390835579515
N.28 Mengkibol,ethnicity,Chinese,turnout,38389,0.2634869363619787,0.7516476073875329
N.28 Mengkibol,ethnicity,Indian,turnout,8721,0.01846118564384818,0.9884187593165922
N.28 Mengkibol,ethnicity,Other,turnout,639,0.0,1.0
N.28 Mengkibol,ethnicity,Malay,BN,18550,0.008194070080862533,0.4865229110512129
N.28 Mengkibol,ethnicity,Chinese,BN,38389,0.0033603375967073902,0.22819036703222279
N.28 Mengkibol,ethnicity,Indian,BN,8721,0.0,0.718610251117991
N.28 Mengkibol,ethnicity,Other,BN,639,0.0,1.0
N.28 Mengkibol,ethnicity,Malay,PH,18550,0.0,0.6518598382749327
N.28 Mengkibol,ethnicity,Chinese,PH,38389,0.147203626038709,0.5025137409153664
N.28 Mengkibol,ethnicity,Indian,PH,8721,0.0,0.8157321408095402
N.28 Mengkibol,ethnicity,Other,PH,639,0.0,0.9655712050078247
N.28 Mengkibol,ethnicity,Malay,PN,18550,0.0009703504043126684,0.21288409703504044
N.28 Mengkibol,ethnicity,Chinese,PN,38389,0.0003386386725364037,0.09997655578420901
N.28 Mengkibol,ethnicity,Indian,PN,8721,0.0,0.3748423345946566
N.28 Mengkibol,ethnicity,Other,PN,639,0.0,0.9968701095461658
N.28 Mengkibol,age,18-29,turnout,15769,0.3664151182700235,0.5751157334009765
N.28 Mengkibol,age,30-39,turnout,13398,0.22570532915360503,0.5791162860128377
N.28 Mengkibol,age,40-49,turnout,11248,0.29925320056899,0.6722083926031295
N.28 Mengkibol,age,50-59,turnout,9909,0.3443334342516904,0.8309617519426784
N.28 Mengkibol,age,60-69,turnout,9013,0.35859314323754576,0.8487739931210474
N.28 Mengkibol,age,70+,turnout,6962,0.3020683711577133,0.7216317150244183
N.28 Mengkibol,age,18-29,BN,15769,0.1130699473650834,0.20774938169826876
N.28 Mengkibol,age,30-39,BN,13398,0.04694730556799522,0.22271980892670548
N.28 Mengkibol,age,40-49,BN,11248,0.03929587482219061,0.2363086770981508
N.28 Mengkibol,age,50-59,BN,9909,0.05146836209506509,0.3085074174992431
N.28 Mengkibol,age,60-69,BN,9013,0.04693220903139909,0.29912348829468544
N.28 Mengkibol,age,70+,BN,6962,0.007181844297615628,0.2322608445848894
N.28 Mengkibol,age,18-29,PH,15769,0.1648170461031137,0.3172046420191515
N.28 Mengkibol,age,30-39,PH,13398,0.0922525750111957,0.34893267651888343
N.28 Mengkibol,age,40-49,PH,11248,0.15389402560455193,0.460348506401138
N.28 Mengkibol,age,50-59,PH,9909,0.16308406499142195,0.6161065697850439
N.28 Mengkibol,age,60-69,PH,9013,0.19139021413513813,0.6435149228891601
N.28 Mengkibol,age,70+,PH,6962,0.12525136455041655,0.4840563056592933
N.28 Mengkibol,age,18-29,PN,15769,0.05517153909569408,0.10748937789333503
N.28 Mengkibol,age,30-39,PN,13398,0.025003731900283623,0.11904761904761904
N.28 Mengkibol,age,40-49,PN,11248,0.017780938833570414,0.12757823613086772
N.28 Mengkibol,age,50-59,PN,9909,0.01826622262589565,0.1369462105156928
N.28 Mengkibol,age,60-69,PN,9013,0.012759347609009208,0.10229668256962166
N.28 Mengkibol,age,70+,PN,6962,0.0,0.06693478885377765
N.29 Mahkota,ethnicity,Malay,turnout,31172,0.28256127293725136,0.8133902219940973
N.29 Mahkota,ethnicity,Chinese,turnout,22423,0.13700218525621013,0.8609463497301878
N.29 Mahkota,ethnicity,Indian,turnout,4964,0.0,1.0
N.29 Mahkota,ethnicity,Other,turnout,1350,0.0,1.0
N.29 Mahkota,ethnicity,Malay,BN,31172,0.11677146156807391,0.4161747722314898
N.29 Mahkota,ethnicity,Chinese,BN,22423,0.0003121794585916247,0.3607902600008919
N.29 Mahkota,ethnicity,Indian,BN,4964,0.0,0.9542707493956487
N.29 Mahkota,ethnicity,Other,BN,1350,0.0,0.9474074074074074
N.29 Mahkota,ethnicity,Malay,PH,31172,0.0008020017964840241,0.3064609264724753
N.29 Mahkota,ethnicity,Chinese,PH,22423,0.038041296882665124,0.48084556036212817
N.29 Mahkota,ethnicity,Indian,PH,4964,0.0,0.9476228847703465
N.29 Mahkota,ethnicity,Other,PH,1350,0.0,0.817037037037037
N.29 Mahkota,ethnicity,Malay,PN,31172,0.03233671243423585,0.1988643654561786
N.29 Mahkota,ethnicity,Chinese,PN,22423,0.0,0.20269366275699058
N.29 Mahkota,ethnicity,Indian,PN,4964,0.0,0.6921837228041902
N.29 Mahkota,ethnicity,Other,PN,1350,0.0,0.9237037037037037
N.29 Mahkota,age,18-29,turnout,15461,0.3877498221331091,0.6182653127223336
N.29 Mahkota,age,30-39,turnout,13288,0.19701986754966888,0.6965683323299218
N.29 Mahkota,age,40-49,turnout,10479,0.20154594904093903,0.8112415306804084
N.29 Mahkota,age,50-59,turnout,8895,0.33108487914558743,0.8812816188870152
N.29 Mahkota,age,60-69,turnout,6835,0.33108997805413315,0.9084125822970007
N.29 Mahkota,age,70+,turnout,4951,0.20157543930519087,0.7842860028277115
N.29 Mahkota,age,18-29,BN,15461,0.142681585925878,0.30457279606752474
N.29 Mahkota,age,30-39,BN,13288,0.035370258880192657,0.35437989163154726
N.29 Mahkota,age,40-49,BN,10479,0.028246970130737667,0.4206508254604447
N.29 Mahkota,age,50-59,BN,8895,0.03485103991006183,0.49139966273187186
N.29 Mahkota,age,60-69,BN,6835,0.04272128749085589,0.5201170446232626
N.29 Mahkota,age,70+,BN,4951,0.018986063421531005,0.4607150070692789
N.29 Mahkota,age,18-29,PH,15461,0.11978526615354763,0.22249531078196752
N.29 Mahkota,age,30-39,PH,13288,0.0358217940999398,0.2534617700180614
N.29 Mahkota,age,40-49,PH,10479,0.055062505964309574,0.3550911346502529
N.29 Mahkota,age,50-59,PH,8895,0.08454187745924677,0.40044969083754917
N.29 Mahkota,age,60-69,PH,6835,0.0986100950987564,0.4242867593269934
N.29 Mahkota,age,70+,PH,4951,0.06523934558675015,0.3562916582508584
N.29 Mahkota,age,18-29,PN,15461,0.0715348295711791,0.17592652480434642
N.29 Mahkota,age,30-39,PN,13288,0.023103552077062012,0.2209512341962673
N.29 Mahkota,age,40-49,PN,10479,0.016127493081400896,0.24305754365874607
N.29 Mahkota,age,50-59,PN,8895,0.01045531197301855,0.25126475548060706
N.29 Mahkota,age,60-69,PN,6835,0.004096561814191661,0.17220190197512802
N.29 Mahkota,age,70+,PN,4951,0.0014138557867097556,0.1304786911735003
N.30 Paloh,ethnicity,Malay,turnout,11784,0.3826374745417515,0.8531907671418874
N.30 Paloh,ethnicity,Chinese,turnout,9254,0.25102658309920034,0.76691160579209
N.30 Paloh,ethnicity,Indian,turnout,4022,0.01616111387369468,1.0
N.30 Paloh,ethnicity,Other,turnout,737,0.19131614654002713,0.9484396200814111
N.30 Paloh,ethnicity,Malay,BN,11784,0.19229463679565512,0.6121860149355057
N.30 Paloh,ethnicity,Chinese,BN,9254,0.01156256753836179,0.4035011886751675
N.30 Paloh,ethnicity,Indian,BN,4022,0.0,0.8567876678269518
N.30 Paloh,ethnicity,Other,BN,737,0.1044776119402985,0.8616010854816825
N.30 Paloh,ethnicity,Malay,PH,11784,0.01603869653767821,0.2504243041412084
N.30 Paloh,ethnicity,Chinese,PH,9254,0.10276637129889778,0.4523449319213313
N.30 Paloh,ethnicity,Indian,PH,4022,0.0,0.7168075584286425
N.30 Paloh,ethnicity,Other,PH,737,0.0,0.576662143826323
N.30 Paloh,ethnicity,Malay,PN,11784,0.031143923964697895,0.12567888662593346
N.30 Paloh,ethnicity,Chinese,PN,9254,0.0,0.08990706721417766
N.30 Paloh,ethnicity,Indian,PN,4022,0.0,0.25385380407757335
N.30 Paloh,ethnicity,Other,PN,737,0.0,0.5698778833107191
N.30 Paloh,age,18-29,turnout,5246,0.3097598170034312,0.7592451391536409
N.30 Paloh,age,30-39,turnout,5610,0.17397504456327986,0.8269162210338681
N.30 Paloh,age,40-49,turnout,4725,0.2055026455026455,0.844021164021164
N.30 Paloh,age,50-59,turnout,3941,0.23775691448870845,0.9020553159096676
N.30 Paloh,age,60-69,turnout,3536,0.2420814479638009,0.9324095022624435
N.30 Paloh,age,70+,turnout,2739,0.2628696604600219,0.9145673603504929
N.30 Paloh,age,18-29,BN,5246,0.12561951963400686,0.4933282500953107
N.30 Paloh,age,30-39,BN,5610,0.06880570409982174,0.5520499108734402
N.30 Paloh,age,40-49,BN,4725,0.058412698412698416,0.5953439153439154
N.30 Paloh,age,50-59,BN,3941,0.03450900786602385,0.6650596295356509
N.30 Paloh,age,60-69,BN,3536,0.01498868778280543,0.6716628959276018
N.30 Paloh,age,70+,BN,2739,0.05403431909456006,0.6436655713764148
N.30 Paloh,age,18-29,PH,5246,0.050514677849790315,0.2575295463210065
N.30 Paloh,age,30-39,PH,5610,0.03600713012477719,0.34581105169340465
N.30 Paloh,age,40-49,PH,4725,0.04465608465608466,0.4148148148148148
N.30 Paloh,age,50-59,PH,3941,0.06267444810961685,0.4684090332402943
N.30 Paloh,age,60-69,PH,3536,0.07381221719457014,0.46464932126696834
N.30 Paloh,age,70+,PH,2739,0.05805038335158817,0.438846294267981
N.30 Paloh,age,18-29,PN,5246,0.014105985512771636,0.1309569195577583
N.30 Paloh,age,30-39,PN,5610,0.01942959001782531,0.17326203208556148
N.30 Paloh,age,40-49,PN,4725,0.01291005291005291,0.171005291005291
N.30 Paloh,age,50-59,PN,3941,0.0,0.1573204770362852
N.30 Paloh,age,60-69,PN,3536,0.0019796380090497737,0.126131221719457
N.30 Paloh,age,70+,PN,2739,0.0,0.10076670317634173
N.31 Kahang,ethnicity,Malay,turnout,21378,0.5798952193844139,0.7017026850032744
N.31 Kahang,ethnicity,Chinese,turnout,6173,0.2585452778227766,0.4709217560343431
N.31 Kahang,ethnicity,Indian,turnout,821,0.0,1.0
N.31 Kahang,ethnicity,Other,turnout,955,0.0,1.0
N.31 Kahang,ethnicity,Malay,BN,21378,0.3624286649826925,0.46865936944522407
N.31 Kahang,ethnicity,Chinese,BN,6173,0.025757330309411956,0.20994654138992386
N.31 Kahang,ethnicity,Indian,BN,821,0.0,1.0
N.31 Kahang,ethnicity,Other,BN,955,0.0,0.9842931937172775
N.31 Kahang,ethnicity,Malay,PH,21378,0.004163158387126953,0.04850781176910843
N.31 Kahang,ethnicity,Chinese,PH,6173,0.15324801555159565,0.30908796371294345
N.31 Kahang,ethnicity,Indian,PH,821,0.0,0.781973203410475
N.31 Kahang,ethnicity,Other,PH,955,0.0,0.5057591623036649
N.31 Kahang,ethnicity,Malay,PN,21378,0.11058097109177659,0.1725137992328562
N.31 Kahang,ethnicity,Chinese,PN,6173,0.0,0.11112911064312328
N.31 Kahang,ethnicity,Indian,PN,821,0.0,0.8099878197320342
N.31 Kahang,ethnicity,Other,PN,955,0.0,0.6994764397905759
N.31 Kahang,age,18-29,turnout,6873,0.4097191910373927,0.6557544012803724
N.31 Kahang,age,30-39,turnout,8149,0.3597987483126764,0.7123573444594429
N.31 Kahang,age,40-49,turnout,5036,0.31791104050833996,0.8290309769658459
N.31 Kahang,age,50-59,turnout,3233,0.2718836993504485,0.9090627899783483
N.31 Kahang,age,60-69,turnout,3929,0.47518452532451005,0.8867396284041741
N.31 Kahang,age,70+,turnout,2107,0.3241575700047461,0.8153773137161842
N.31 Kahang,age,18-29,BN,6873,0.2020951549541685,0.43852757165720935
N.31 Kahang,age,30-39,BN,8149,0.1781813719474782,0.5219045281629647
N.31 Kahang,age,40-49,BN,5036,0.11378077839555202,0.5550039714058776
N.31 Kahang,age,50-59,BN,3233,0.08691617692545624,0.5725332508506031
N.31 Kahang,age,60-69,BN,3929,0.26597098498345634,0.7011962331382031
N.31 Kahang,age,70+,BN,2107,0.11865211200759374,0.5889890840056953
N.31 Kahang,age,18-29,PH,6873,0.015568165284446385,0.08409719191037393
N.31 Kahang,age,30-39,PH,8149,0.009449012148729905,0.10577985028837894
N.31 Kahang,age,40-49,PH,5036,0.0,0.17474185861795075
N.31 Kahang,age,50-59,PH,3233,0.0,0.27466749149396846
N.31 Kahang,age,60-69,PH,3929,0.039195724102825145,0.19903283278187833
N.31 Kahang,age,70+,PH,2107,0.021831988609397248,0.19174181300427148
N.31 Kahang,age,18-29,PN,6873,0.08366070129492216,0.1987487269023716
N.31 Kahang,age,30-39,PN,8149,0.07154252055466928,0.2483740336237575
N.31 Kahang,age,40-49,PN,5036,0.005758538522637013,0.25833995234312945
N.31 Kahang,age,50-59,PN,3233,0.012991030003093103,0.29662851840395915
N.31 Kahang,age,60-69,PN,3929,0.024179180453041488,0.19114278442351743
N.31 Kahang,age,70+,PN,2107,0.0,0.129093497864262
N.32 Endau,ethnicity,Malay,turnout,22146,0.45398717601372707,0.6300460579788675
N.32 Endau,ethnicity,Chinese,turnout,3885,0.02445302445302445,0.9052767052767052
N.32 Endau,ethnicity,Indian,turnout,208,0.0,1.0
N.32 Endau,ethnicity,Other,turnout,1650,0.5206060606060606,0.7921212121212121
N.32 Endau,ethnicity,Malay,BN,22146,0.10814594057617628,0.21584033233992594
N.32 Endau,ethnicity,Chinese,BN,3885,0.0,0.5155727155727156
N.32 Endau,ethnicity,Indian,BN,208,0.0,1.0
N.32 Endau,ethnicity,Other,BN,1650,0.27090909090909093,0.5424242424242425
N.32 Endau,ethnicity,Malay,PH,22146,0.0016707306059785064,0.0499864535356272
N.32 Endau,ethnicity,Chinese,PH,3885,0.0,0.2568854568854569
N.32 Endau,ethnicity,Indian,PH,208,0.0,0.8653846153846154
N.32 Endau,ethnicity,Other,PH,1650,0.018787878787878787,0.2296969696969697
N.32 Endau,ethnicity,Malay,PN,22146,0.22622595502573828,0.3571299557482164
N.32 Endau,ethnicity,Chinese,PN,3885,0.0,0.6241956241956242
N.32 Endau,ethnicity,Indian,PN,208,0.0,1.0
N.32 Endau,ethnicity,Other,PN,1650,0.1412121212121212,0.4127272727272727
N.32 Endau,age,18-29,turnout,7481,0.2569175243951343,0.752706857372009
N.32 Endau,age,30-39,turnout,6585,0.1017463933181473,0.8596810933940775
N.32 Endau,age,40-49,turnout,4531,0.11388214522180534,0.9088501434561906
N.32 Endau,age,50-59,turnout,4110,0.20559610705596107,0.9167883211678832
N.32 Endau,age,60-69,turnout,3080,0.14253246753246754,0.9409090909090909
N.32 Endau,age,70+,turnout,2102,0.035204567078972404,0.9024738344433872
N.32 Endau,age,18-29,BN,7481,0.05052800427750301,0.305707793075792
N.32 Endau,age,30-39,BN,6585,0.0,0.38283978739559604
N.32 Endau,age,40-49,BN,4531,0.0,0.5054071948797175
N.32 Endau,age,50-59,BN,4110,0.030656934306569343,0.5457420924574209
N.32 Endau,age,60-69,BN,3080,0.023701298701298702,0.5840909090909091
N.32 Endau,age,70+,BN,2102,0.0,0.6393910561370124
N.32 Endau,age,18-29,PH,7481,0.014035556743750835,0.07472263066434968
N.32 Endau,age,30-39,PH,6585,0.0,0.09096431283219437
N.32 Endau,age,40-49,PH,4531,0.0,0.13462811741337452
N.32 Endau,age,50-59,PH,4110,0.004379562043795621,0.14330900243309003
N.32 Endau,age,60-69,PH,3080,0.0,0.15032467532467533
N.32 Endau,age,70+,PH,2102,0.0,0.14367269267364416
N.32 Endau,age,18-29,PN,7481,0.12351289934500735,0.538831706991044
N.32 Endau,age,30-39,PN,6585,0.029460895975702353,0.6776006074411541
N.32 Endau,age,40-49,PN,4531,0.01655263738689031,0.722136393732068
N.32 Endau,age,50-59,PN,4110,0.06447688564476886,0.6759124087591241
N.32 Endau,age,60-69,PN,3080,0.02077922077922078,0.6146103896103896
N.32 Endau,age,70+,PN,2102,0.0,0.6822074215033301
N.33 Tenggaroh,ethnicity,Malay,turnout,30208,0.5147643008474576,0.627780720338983
N.33 Tenggaroh,ethnicity,Chinese,turnout,5250,0.13257142857142856,0.630095238095238
N.33 Tenggaroh,ethnicity,Indian,turnout,548,0.0,1.0
N.33 Tenggaroh,ethnicity,Other,turnout,506,0.0,1.0
N.33 Tenggaroh,ethnicity,Malay,BN,30208,0.2538731461864407,0.3180283368644068
N.33 Tenggaroh,ethnicity,Chinese,BN,5250,0.022476190476190476,0.30742857142857144
N.33 Tenggaroh,ethnicity,Indian,BN,548,0.0,1.0
N.33 Tenggaroh,ethnicity,Other,BN,506,0.0,0.9881422924901185
N.33 Tenggaroh,ethnicity,Malay,PH,30208,0.0036414194915254236,0.038499735169491525
N.33 Tenggaroh,ethnicity,Chinese,PH,5250,0.03942857142857143,0.21847619047619046
N.33 Tenggaroh,ethnicity,Indian,PH,548,0.0,0.8996350364963503
N.33 Tenggaroh,ethnicity,Other,PH,506,0.0,0.5790513833992095
N.33 Tenggaroh,ethnicity,Malay,PN,30208,0.1879634533898305,0.2671808792372881
N.33 Tenggaroh,ethnicity,Chinese,PN,5250,0.0,0.33180952380952383
N.33 Tenggaroh,ethnicity,Indian,PN,548,0.0,1.0
N.33 Tenggaroh,ethnicity,Other,PN,506,0.0,0.9960474308300395
N.33 Tenggaroh,age,18-29,turnout,8237,0.33410222168265147,0.6926065315041884
N.33 Tenggaroh,age,30-39,turnout,10840,0.3047970479704797,0.7424354243542436
N.33 Tenggaroh,age,40-49,turnout,6290,0.22162162162162163,0.8333863275039746
N.33 Tenggaroh,age,50-59,turnout,3442,0.10546194073213248,0.9160371876815805
N.33 Tenggaroh,age,60-69,turnout,5030,0.41093439363817097,0.9220675944333996
N.33 Tenggaroh,age,70+,turnout,2673,0.21885521885521886,0.8668163112607558
N.33 Tenggaroh,age,18-29,BN,8237,0.09894379021488406,0.3415078305208207
N.33 Tenggaroh,age,30-39,BN,10840,0.09068265682656827,0.3997232472324723
N.33 Tenggaroh,age,40-49,BN,6290,0.04101748807631161,0.4872813990461049
N.33 Tenggaroh,age,50-59,BN,3442,0.0,0.6095293434049971
N.33 Tenggaroh,age,60-69,BN,5030,0.2085487077534791,0.7375745526838966
N.33 Tenggaroh,age,70+,BN,2673,0.04788627010849233,0.6344930789375234
N.33 Tenggaroh,age,18-29,PH,8237,0.008741046497511229,0.07150661648658492
N.33 Tenggaroh,age,30-39,PH,10840,0.004704797047970479,0.0738929889298893
N.33 Tenggaroh,age,40-49,PH,6290,0.0,0.11939586645468998
N.33 Tenggaroh,age,50-59,PH,3442,0.0,0.2231260894828588
N.33 Tenggaroh,age,60-69,PH,5030,0.009940357852882704,0.1242544731610338
N.33 Tenggaroh,age,70+,PH,2673,0.0,0.1533857089412645
N.33 Tenggaroh,age,18-29,PN,8237,0.11921816195216706,0.3782930678645138
N.33 Tenggaroh,age,30-39,PN,10840,0.11503690036900369,0.4342250922509225
N.33 Tenggaroh,age,40-49,PN,6290,0.044833068362480126,0.4712241653418124
N.33 Tenggaroh,age,50-59,PN,3442,0.013654851830331202,0.536897152818129
N.33 Tenggaroh,age,60-69,PN,5030,0.03757455268389662,0.3731610337972167
N.33 Tenggaroh,age,70+,PN,2673,0.0,0.3767302656191545
N.34 Panti,ethnicity,Malay,turnout,29343,0.4720376239648298,0.7310772586306785
N.34 Panti,ethnicity,Chinese,turnout,5596,0.009471050750536097,0.9730164403145104
N.34 Panti,ethnicity,Indian,turnout,2261,0.0,1.0
N.34 Panti,ethnicity,Other,turnout,1123,0.0,1.0
N.34 Panti,ethnicity,Malay,BN,29343,0.256279180724534,0.42098626588965
N.34 Panti,ethnicity,Chinese,BN,5596,0.0,0.5857755539671193
N.34 Panti,ethnicity,Indian,BN,2261,0.0,0.9969040247678018
N.34 Panti,ethnicity,Other,BN,1123,0.0,1.0
N.34 Panti,ethnicity,Malay,PH,29343,0.004294039464267457,0.07770166649626828
N.34 Panti,ethnicity,Chinese,PH,5596,0.0,0.3298784846318799
N.34 Panti,ethnicity,Indian,PH,2261,0.0,0.7925696594427245
N.34 Panti,ethnicity,Other,PH,1123,0.0,0.628673196794301
N.34 Panti,ethnicity,Malay,PN,29343,0.10305694714241898,0.22516443444773881
N.34 Panti,ethnicity,Chinese,PN,5596,0.0,0.43602573266619016
N.34 Panti,ethnicity,Indian,PN,2261,0.0,0.9540026536930561
N.34 Panti,ethnicity,Other,PN,1123,0.0,1.0
N.34 Panti,age,18-29,turnout,11186,0.4454675487216163,0.6642231360629358
N.34 Panti,age,30-39,turnout,9315,0.27579173376274824,0.7148684916800859
N.34 Panti,age,40-49,turnout,7414,0.3710547612624764,0.7608578365254923
N.34 Panti,age,50-59,turnout,4725,0.37523809523809526,0.8757671957671957
N.34 Panti,age,60-69,turnout,3267,0.2317110498928681,0.9681665136210591
N.34 Panti,age,70+,turnout,2416,0.3029801324503311,0.9230132450331126
N.34 Panti,age,18-29,BN,11186,0.1923833363132487,0.39120328982656893
N.34 Panti,age,30-39,BN,9315,0.0918947933440687,0.4880300590445518
N.34 Panti,age,40-49,BN,7414,0.1613164283787429,0.5106555165902347
N.34 Panti,age,50-59,BN,4725,0.1034920634920635,0.6351322751322751
N.34 Panti,age,60-69,BN,3267,0.09672482399755127,0.7646158555249465
N.34 Panti,age,70+,BN,2416,0.21067880794701987,0.7446192052980133
N.34 Panti,age,18-29,PH,11186,0.04541391024494904,0.09047023064544966
N.34 Panti,age,30-39,PH,9315,0.00912506709608159,0.09200214707461084
N.34 Panti,age,40-49,PH,7414,0.032101429727542485,0.13056379821958458
N.34 Panti,age,50-59,PH,4725,0.0,0.1583068783068783
N.34 Panti,age,60-69,PH,3267,0.0009182736455463728,0.16926844199571472
N.34 Panti,age,70+,PH,2416,0.0,0.12086092715231789
N.34 Panti,age,18-29,PN,11186,0.11702127659574468,0.25397818701948865
N.34 Panti,age,30-39,PN,9315,0.042404723564143855,0.32506709608158885
N.34 Panti,age,40-49,PN,7414,0.08335581332613974,0.34906932829781495
N.34 Panti,age,50-59,PN,4725,0.030264550264550265,0.37333333333333335
N.34 Panti,age,60-69,PN,3267,0.020508111417202327,0.3872053872053872
N.34 Panti,age,70+,PN,2416,0.0,0.304635761589404
N.35 Pasir Raja,ethnicity,Malay,turnout,17969,0.4773220546496744,0.7320941621681786
N.35 Pasir Raja,ethnicity,Chinese,turnout,5331,0.08516225848808853,0.7503282686175201
N.35 Pasir Raja,ethnicity,Indian,turnout,2399,0.01792413505627345,1.0
N.35 Pasir Raja,ethnicity,Other,turnout,582,0.0,1.0
N.35 Pasir Raja,ethnicity,Malay,BN,17969,0.26779453503255607,0.45227892481495907
N.35 Pasir Raja,ethnicity,Chinese,BN,5331,0.0015006565372350403,0.42656162070906023
N.35 Pasir Raja,ethnicity,Indian,BN,2399,0.0,0.929137140475198
N.35 Pasir Raja,ethnicity,Other,BN,582,0.0,1.0
N.35 Pasir Raja,ethnicity,Malay,PH,17969,0.00578774556180088,0.09917079414547277
N.35 Pasir Raja,ethnicity,Chinese,PH,5331,0.0016882386043894203,0.3053836053273307
N.35 Pasir Raja,ethnicity,Indian,PH,2399,0.0,0.5856606919549813
N.35 Pasir Raja,ethnicity,Other,PH,582,0.0,0.8436426116838488
N.35 Pasir Raja,ethnicity,Malay,PN,17969,0.10545940230396794,0.22349602092492626
N.35 Pasir Raja,ethnicity,Chinese,PN,5331,0.0,0.27386981804539484
N.35 Pasir Raja,ethnicity,Indian,PN,2399,0.0,0.6477699041267194
N.35 Pasir Raja,ethnicity,Other,PN,582,0.0,1.0
N.35 Pasir Raja,age,18-29,turnout,7848,0.4429153924566769,0.653032619775739
N.35 Pasir Raja,age,30-39,turnout,5377,0.18653524270039054,0.7974707085735541
N.35 Pasir Raja,age,40-49,turnout,4473,0.15001117818019227,0.8663089649005142
N.35 Pasir Raja,age,50-59,turnout,4268,0.3310684161199625,0.9201030927835051
N.35 Pasir Raja,age,60-69,turnout,2545,0.10137524557956779,0.9579567779960707
N.35 Pasir Raja,age,70+,turnout,1770,0.06497175141242938,0.9389830508474576
N.35 Pasir Raja,age,18-29,BN,7848,0.21470438328236494,0.4004841997961264
N.35 Pasir Raja,age,30-39,BN,5377,0.037381439464385345,0.5170169239352799
N.35 Pasir Raja,age,40-49,BN,4473,0.008048289738430584,0.5940084954169461
N.35 Pasir Raja,age,50-59,BN,4268,0.12160262417994376,0.6597938144329897
N.35 Pasir Raja,age,60-69,BN,2545,0.0,0.7823182711198429
N.35 Pasir Raja,age,70+,BN,1770,0.0,0.7372881355932204
N.35 Pasir Raja,age,18-29,PH,7848,0.047273190621814475,0.10091743119266056
N.35 Pasir Raja,age,30-39,PH,5377,0.01599404872605542,0.146550120885252
N.35 Pasir Raja,age,40-49,PH,4473,0.0,0.18332215515314107
N.35 Pasir Raja,age,50-59,PH,4268,0.0,0.186738519212746
N.35 Pasir Raja,age,60-69,PH,2545,0.0,0.27151277013752456
N.35 Pasir Raja,age,70+,PH,1770,0.0,0.23615819209039549
N.35 Pasir Raja,age,18-29,PN,7848,0.11671763506625892,0.2608307849133537
N.35 Pasir Raja,age,30-39,PN,5377,0.01004277478147666,0.3526129812162916
N.35 Pasir Raja,age,40-49,PN,4473,0.0,0.4124748490945674
N.35 Pasir Raja,age,50-59,PN,4268,0.0009372071227741331,0.334348641049672
N.35 Pasir Raja,age,60-69,PN,2545,0.0,0.3284872298624754
N.35 Pasir Raja,age,70+,PN,1770,0.0,0.27570621468926554
N.36 Sedili,ethnicity,Malay,turnout,27514,0.6496329141527949,0.6907029148796976
N.36 Sedili,ethnicity,Chinese,turnout,465,0.0,1.0
N.36 Sedili,ethnicity,Indian,turnout,226,0.0,1.0
N.36 Sedili,ethnicity,Other,turnout,439,0.0,1.0
N.36 Sedili,ethnicity,Malay,BN,27514,0.39121901577378787,0.43228901650069057
N.36 Sedili,ethnicity,Chinese,BN,465,0.0,1.0
N.36 Sedili,ethnicity,Indian,BN,226,0.0,1.0
N.36 Sedili,ethnicity,Other,BN,439,0.0,1.0
N.36 Sedili,ethnicity,Malay,PH,27514,0.0022897434033582902,0.012030239150977683
N.36 Sedili,ethnicity,Chinese,PH,465,0.0,0.3720430107526882
N.36 Sedili,ethnicity,Indian,PH,226,0.0,0.5221238938053098
N.36 Sedili,ethnicity,Other,PH,439,0.0,0.40774487471526194
N.36 Sedili,ethnicity,Malay,PN,27514,0.18946718034455187,0.22802936686777642
N.36 Sedili,ethnicity,Chinese,PN,465,0.0,1.0
N.36 Sedili,ethnicity,Indian,PN,226,0.0,1.0
N.36 Sedili,ethnicity,Other,PN,439,0.0,1.0
N.36 Sedili,age,18-29,turnout,6499,0.4856131712571165,0.7991998769041391
N.36 Sedili,age,30-39,turnout,8150,0.3920245398773006,0.8537423312883435
N.36 Sedili,age,40-49,turnout,5610,0.39197860962566844,0.8770053475935828
N.36 Sedili,age,50-59,turnout,3066,0.36464448793215914,0.9820613176777561
N.36 Sedili,age,60-69,turnout,3048,0.3569553805774278,0.9563648293963255
N.36 Sedili,age,70+,turnout,2271,0.3998238661382651,0.9476001761338617
N.36 Sedili,age,18-29,BN,6499,0.1871057085705493,0.49884597630404676
N.36 Sedili,age,30-39,BN,8150,0.13116564417177914,0.6033128834355829
N.36 Sedili,age,40-49,BN,5610,0.14064171122994654,0.6773618538324421
N.36 Sedili,age,50-59,BN,3066,0.09621656881930854,0.8519243313763861
N.36 Sedili,age,60-69,BN,3048,0.19061679790026248,0.8881233595800525
N.36 Sedili,age,70+,BN,2271,0.27256715103478646,0.8480845442536328
N.36 Sedili,age,18-29,PH,6499,0.0004616094783812894,0.024619172180335436
N.36 Sedili,age,30-39,PH,8150,0.0022085889570552146,0.027239263803680983
N.36 Sedili,age,40-49,PH,5610,0.0023172905525846704,0.036541889483065956
N.36 Sedili,age,50-59,PH,3066,0.0,0.05870841487279843
N.36 Sedili,age,60-69,PH,3048,0.000984251968503937,0.0505249343832021
N.36 Sedili,age,70+,PH,2271,0.0,0.046235138705416116
N.36 Sedili,age,18-29,PN,6499,0.09278350515463918,0.3537467302661948
N.36 Sedili,age,30-39,PN,8150,0.07742331288343558,0.449079754601227
N.36 Sedili,age,40-49,PN,5610,0.08520499108734403,0.4659536541889483
N.36 Sedili,age,50-59,PN,3066,0.014024787997390736,0.474559686888454
N.36 Sedili,age,60-69,PN,3048,0.01410761154855643,0.3940288713910761
N.36 Sedili,age,70+,PN,2271,0.0,0.35623073535887273
N.37 Johor Lama,ethnicity,Malay,turnout,26532,0.5763606211367406,0.7070330167345092
N.37 Johor Lama,ethnicity,Chinese,turnout,4447,0.14976388576568472,0.7764785248482122
N.37 Johor Lama,ethnicity,Indian,turnout,836,0.0,1.0
N.37 Johor Lama,ethnicity,Other,turnout,445,0.0,1.0
N.37 Johor Lama,ethnicity,Malay,BN,26532,0.3419644203226293,0.4420322629277853
N.37 Johor Lama,ethnicity,Chinese,BN,4447,0.0,0.4241061389700922
N.37 Johor Lama,ethnicity,Indian,BN,836,0.0,1.0
N.37 Johor Lama,ethnicity,Other,BN,445,0.0,1.0
N.37 Johor Lama,ethnicity,Malay,PH,26532,0.004334388662746872,0.05370872908186341
N.37 Johor Lama,ethnicity,Chinese,PH,4447,0.004722284686305375,0.2747919946031032
N.37 Johor Lama,ethnicity,Indian,PH,836,0.0,0.7655502392344498
N.37 Johor Lama,ethnicity,Other,PH,445,0.0,0.8359550561797753
N.37 Johor Lama,ethnicity,Malay,PN,26532,0.1521558872305141,0.223390622644354
N.37 Johor Lama,ethnicity,Chinese,PN,4447,0.0,0.28715988306723633
N.37 Johor Lama,ethnicity,Indian,PN,836,0.0,0.9880382775119617
N.37 Johor Lama,ethnicity,Other,PN,445,0.0,1.0
N.37 Johor Lama,age,18-29,turnout,6672,0.38788968824940045,0.7978117505995204
N.37 Johor Lama,age,30-39,turnout,7831,0.3506576427020815,0.796322308772826
N.37 Johor Lama,age,40-49,turnout,6430,0.3911353032659409,0.8505443234836703
N.37 Johor Lama,age,50-59,turnout,4272,0.29330524344569286,0.9218164794007491
N.37 Johor Lama,age,60-69,turnout,3777,0.3012973259200424,0.9213661636219221
N.37 Johor Lama,age,70+,turnout,3278,0.3169615619280049,0.8337400854179378
N.37 Johor Lama,age,18-29,BN,6672,0.2018884892086331,0.5247302158273381
N.37 Johor Lama,age,30-39,BN,7831,0.1731579619461116,0.5404162942152981
N.37 Johor Lama,age,40-49,BN,6430,0.14712286158631416,0.5608087091757388
N.37 Johor Lama,age,50-59,BN,4272,0.11352996254681648,0.6659644194756554
N.37 Johor Lama,age,60-69,BN,3777,0.1305268731797723,0.7611861265554674
N.37 Johor Lama,age,70+,BN,3278,0.14460036607687615,0.6805979255643685
N.37 Johor Lama,age,18-29,PH,6672,0.009442446043165468,0.07733812949640288
N.37 Johor Lama,age,30-39,PH,7831,0.0012769761205465458,0.07265994125909846
N.37 Johor Lama,age,40-49,PH,6430,0.004043545878693624,0.11259720062208398
N.37 Johor Lama,age,50-59,PH,4272,0.002106741573033708,0.18867041198501872
N.37 Johor Lama,age,60-69,PH,3777,0.019062748212867357,0.16838760921366164
N.37 Johor Lama,age,70+,PH,3278,0.004881025015253203,0.13697376449054302
N.37 Johor Lama,age,18-29,PN,6672,0.1013189448441247,0.3490707434052758
N.37 Johor Lama,age,30-39,PN,7831,0.08926063082620354,0.3769633507853403
N.37 Johor Lama,age,40-49,PN,6430,0.08211508553654744,0.4010886469673406
N.37 Johor Lama,age,50-59,PN,4272,0.05056179775280899,0.4070692883895131
N.37 Johor Lama,age,60-69,PN,3777,0.005030447445062218,0.2925602329891448
N.37 Johor Lama,age,70+,PN,3278,0.0,0.25045759609518
N.38 Penawar,ethnicity,Malay,turnout,29102,0.6070716789224109,0.6323620369734039
N.38 Penawar,ethnicity,Chinese,turnout,98,0.0,1.0
N.38 Penawar,ethnicity,Indian,turnout,220,0.0,1.0
N.38 Penawar,ethnicity,Other,turnout,482,0.12240663900414937,1.0
N.38 Penawar,ethnicity,Malay,BN,29102,0.39230980688612466,0.41914645041577897
N.38 Penawar,ethnicity,Chinese,BN,98,0.0,1.0
N.38 Penawar,ethnicity,Indian,BN,220,0.0,1.0
N.38 Penawar,ethnicity,Other,BN,482,0.035269709543568464,1.0
N.38 Penawar,ethnicity,Malay,PH,29102,0.009415160470070785,0.023434815476599546
N.38 Penawar,ethnicity,Chinese,PH,98,0.0,0.9693877551020408
N.38 Penawar,ethnicity,Indian,PH,220,0.0,0.85
N.38 Penawar,ethnicity,Other,PH,482,0.0,0.42531120331950206
N.38 Penawar,ethnicity,Malay,PN,29102,0.1443199780083843,0.1649714796233936
N.38 Penawar,ethnicity,Chinese,PN,98,0.0,1.0
N.38 Penawar,ethnicity,Indian,PN,220,0.0,1.0
N.38 Penawar,ethnicity,Other,PN,482,0.0,0.5975103734439834
N.38 Penawar,age,18-29,turnout,6852,0.4836544074722709,0.6653531815528313
N.38 Penawar,age,30-39,turnout,7324,0.3874931731294375,0.7475423265974878
N.38 Penawar,age,40-49,turnout,7063,0.4560385105479258,0.7781396007362311
N.38 Penawar,age,50-59,turnout,3583,0.43259838124476696,0.8797097404409713
N.38 Penawar,age,60-69,turnout,2054,0.38997078870496593,0.9883154819863681
N.38 Penawar,age,70+,turnout,3026,0.4553866490416391,0.8152676801057501
N.38 Penawar,age,18-29,BN,6852,0.2726211325160537,0.45592527729130183
N.38 Penawar,age,30-39,BN,7324,0.18965046422719825,0.528809393773894
N.38 Penawar,age,40-49,BN,7063,0.23743451791023645,0.5441030723488602
N.38 Penawar,age,50-59,BN,3583,0.19676248953391012,0.7317890036282445
N.38 Penawar,age,60-69,BN,2054,0.11684518013631938,0.9245374878286271
N.38 Penawar,age,70+,BN,3026,0.310641110376735,0.6953073364177131
N.38 Penawar,age,18-29,PH,6852,0.017221249270286048,0.047139521307647404
N.38 Penawar,age,30-39,PH,7324,0.004232659748771164,0.043965046422719825
N.38 Penawar,age,40-49,PH,7063,0.005804898768228798,0.040492708480815515
N.38 Penawar,age,50-59,PH,3583,0.011442924923248674,0.07758861289422272
N.38 Penawar,age,60-69,PH,2054,0.0,0.06523855890944498
N.38 Penawar,age,70+,PH,3026,0.0,0.04923992068737607
N.38 Penawar,age,18-29,PN,6852,0.10493286631640397,0.23890834792761237
N.38 Penawar,age,30-39,PN,7324,0.059803386127799014,0.2987438558164937
N.38 Penawar,age,40-49,PN,7063,0.09259521449808863,0.2960498371796687
N.38 Penawar,age,50-59,PN,3583,0.061401060563773376,0.33938040747976556
N.38 Penawar,age,60-69,PN,2054,0.0,0.30525803310613436
N.38 Penawar,age,70+,PN,3026,0.0,0.20224719101123595
N.39 Tanjung Surat,ethnicity,Malay,turnout,19549,0.5264719422988389,0.6935904649854212
N.39 Tanjung Surat,ethnicity,Chinese,turnout,4387,0.12081148848871666,0.7622521085023934
N.39 Tanjung Surat,ethnicity,Indian,turnout,175,0.0,1.0
N.39 Tanjung Surat,ethnicity,Other,turnout,370,0.0,1.0
N.39 Tanjung Surat,ethnicity,Malay,BN,19549,0.31750984705100005,0.4696915443245179
N.39 Tanjung Surat,ethnicity,Chinese,BN,4387,0.029405060405744244,0.6099840437656713
N.39 Tanjung Surat,ethnicity,Indian,BN,175,0.0,1.0
N.39 Tanjung Surat,ethnicity,Other,BN,370,0.0,1.0
N.39 Tanjung Surat,ethnicity,Malay,PH,19549,0.0027111361194946033,0.037188602997595785
N.39 Tanjung Surat,ethnicity,Chinese,PH,4387,0.0038750854798267607,0.15249601094141782
N.39 Tanjung Surat,ethnicity,Indian,PH,175,0.0,0.4742857142857143
N.39 Tanjung Surat,ethnicity,Other,PH,370,0.0,0.7
N.39 Tanjung Surat,ethnicity,Malay,PN,19549,0.12061998056166556,0.18972837485293365
N.39 Tanjung Surat,ethnicity,Chinese,PN,4387,0.0,0.27102803738317754
N.39 Tanjung Surat,ethnicity,Indian,PN,175,0.0,0.6914285714285714
N.39 Tanjung Surat,ethnicity,Other,PN,370,0.0,1.0
N.39 Tanjung Surat,age,18-29,turnout,4809,0.322104387606571,0.8084840923268871
N.39 Tanjung Surat,age,30-39,turnout,6307,0.27651815443158395,0.8179800221975583
N.39 Tanjung Surat,age,40-49,turnout,5349,0.3581977939801832,0.8192185455225276
N.39 Tanjung Surat,age,50-59,turnout,2644,0.16225416036308624,0.9322995461422088
N.39 Tanjung Surat,age,60-69,turnout,2854,0.25893482831114223,0.9530483531885073
N.39 Tanjung Surat,age,70+,turnout,2518,0.3431294678316124,0.8264495631453534
N.39 Tanjung Surat,age,18-29,BN,4809,0.12663755458515283,0.5803701393221044
N.39 Tanjung Surat,age,30-39,BN,6307,0.13191691771048042,0.6362771523703821
N.39 Tanjung Surat,age,40-49,BN,5349,0.16582538792297627,0.5954383997008786
N.39 Tanjung Surat,age,50-59,BN,2644,0.08055975794251134,0.7779878971255674
N.39 Tanjung Surat,age,60-69,BN,2854,0.12193412754029433,0.8297126839523475
N.39 Tanjung Surat,age,70+,BN,2518,0.2005559968228753,0.7315329626687848
N.39 Tanjung Surat,age,18-29,PH,4809,0.005822416302765648,0.05323352048242878
N.39 Tanjung Surat,age,30-39,PH,6307,0.004122403678452513,0.06025051530045981
N.39 Tanjung Surat,age,40-49,PH,5349,0.0007478033277248083,0.06001121704991587
N.39 Tanjung Surat,age,50-59,PH,2644,0.009077155824508321,0.15960665658093798
N.39 Tanjung Surat,age,60-69,PH,2854,0.0,0.11772950245269796
N.39 Tanjung Surat,age,70+,PH,2518,0.0,0.07744241461477364
N.39 Tanjung Surat,age,18-29,PN,4809,0.01850696610521938,0.29153670201705134
N.39 Tanjung Surat,age,30-39,PN,6307,0.07261772633581734,0.38988425558902806
N.39 Tanjung Surat,age,40-49,PN,5349,0.0708543653019256,0.3393157599551318
N.39 Tanjung Surat,age,50-59,PN,2644,0.029122541603630862,0.2953857791225416
N.39 Tanjung Surat,age,60-69,PN,2854,0.0,0.2613875262789068
N.39 Tanjung Surat,age,70+,PN,2518,0.0,0.16401906274821287
N.40 Tiram,ethnicity,Malay,turnout,57917,0.34779080408170315,0.8275117841048397
N.40 Tiram,ethnicity,Chinese,turnout,26989,0.11749231168253733,0.8392307977324095
N.40 Tiram,ethnicity,Indian,turnout,13150,0.007832699619771863,1.0
N.40 Tiram,ethnicity,Other,turnout,7584,0.004087552742616034,1.0
N.40 Tiram,ethnicity,Malay,BN,57917,0.07802545021323619,0.39054163717043355
N.40 Tiram,ethnicity,Chinese,BN,26989,0.0,0.38100707695727887
N.40 Tiram,ethnicity,Indian,BN,13150,0.0,0.8615969581749049
N.40 Tiram,ethnicity,Other,BN,7584,0.0,0.9537183544303798
N.40 Tiram,ethnicity,Malay,PH,57917,0.0007251756824421154,0.18469533988293593
N.40 Tiram,ethnicity,Chinese,PH,26989,0.010115232131609173,0.4385860906295157
N.40 Tiram,ethnicity,Indian,PH,13150,0.0,0.6843346007604563
N.40 Tiram,ethnicity,Other,PH,7584,0.0,0.49103375527426163
N.40 Tiram,ethnicity,Malay,PN,57917,0.05207452043441477,0.30082704559973755
N.40 Tiram,ethnicity,Chinese,PN,26989,0.0,0.27274074622994554
N.40 Tiram,ethnicity,Indian,PN,13150,0.0,0.6590114068441064
N.40 Tiram,ethnicity,Other,PN,7584,0.0,0.8960970464135021
N.40 Tiram,age,18-29,turnout,37110,0.4572082996496901,0.5903260576663972
N.40 Tiram,age,30-39,turnout,22127,0.28137569485244274,0.6459077145568762
N.40 Tiram,age,40-49,turnout,18796,0.359917003617791,0.7332943179399872
N.40 Tiram,age,50-59,turnout,15627,0.416138734242017,0.8272221155692071
N.40 Tiram,age,60-69,turnout,8030,0.24694894146948942,0.9120797011207971
N.40 Tiram,age,70+,turnout,3950,0.10278481012658228,0.8293670886075949
N.40 Tiram,age,18-29,BN,37110,0.1568040959310159,0.2614659121530585
N.40 Tiram,age,30-39,BN,22127,0.08048989921814977,0.3427486780855968
N.40 Tiram,age,40-49,BN,18796,0.07145137263247499,0.33932751649287085
N.40 Tiram,age,50-59,BN,15627,0.07851794970243808,0.42125807896589235
N.40 Tiram,age,60-69,BN,8030,0.03823163138231631,0.5320049813200498
N.40 Tiram,age,70+,BN,3950,0.0012658227848101266,0.5549367088607595
N.40 Tiram,age,18-29,PH,37110,0.06919967663702506,0.11393155483697116
N.40 Tiram,age,30-39,PH,22127,0.038324219279613145,0.16992814208885074
N.40 Tiram,age,40-49,PH,18796,0.03910406469461587,0.2049904234943605
N.40 Tiram,age,50-59,PH,15627,0.07787803161195367,0.2630063351890958
N.40 Tiram,age,60-69,PH,8030,0.040971357409713575,0.3589041095890411
N.40 Tiram,age,70+,PH,3950,0.009113924050632912,0.43848101265822786
N.40 Tiram,age,18-29,PN,37110,0.1482619240097009,0.23446510374562113
N.40 Tiram,age,30-39,PN,22127,0.07285217155511366,0.2954761151534325
N.40 Tiram,age,40-49,PN,18796,0.06522664396680145,0.30027665460736325
N.40 Tiram,age,50-59,PN,15627,0.047353938695846934,0.280412107250272
N.40 Tiram,age,60-69,PN,8030,0.004234122042341221,0.2327521793275218
N.40 Tiram,age,70+,PN,3950,0.0,0.24936708860759493
N.41 Puteri Wangsa,ethnicity,Malay,turnout,40100,0.18062344139650874,0.871072319201995
N.41 Puteri Wangsa,ethnicity,Chinese,turnout,57867,0.14956711078853233,0.7259059567629219
N.41 Puteri Wangsa,ethnicity,Indian,turnout,11860,0.0,1.0
N.41 Puteri Wangsa,ethnicity,Other,turnout,2779,0.0,1.0
N.41 Puteri Wangsa,ethnicity,Malay,BN,40100,0.05718204488778055,0.38473815461346633
N.41 Puteri Wangsa,ethnicity,Chinese,BN,57867,0.0,0.20531563758273283
N.41 Puteri Wangsa,ethnicity,Indian,BN,11860,0.0,0.7930016863406408
N.41 Puteri Wangsa,ethnicity,Other,BN,2779,0.0,1.0
N.41 Puteri Wangsa,ethnicity,Malay,PH,40100,0.0,0.0
N.41 Puteri Wangsa,ethnicity,Chinese,PH,57867,0.0,0.0
N.41 Puteri Wangsa,ethnicity,Indian,PH,11860,0.0,0.0
N.41 Puteri Wangsa,ethnicity,Other,PH,2779,0.0,0.0
N.41 Puteri Wangsa,ethnicity,Malay,PN,40100,0.01678304239401496,0.21977556109725685
N.41 Puteri Wangsa,ethnicity,Chinese,PN,57867,0.0,0.12463061848722069
N.41 Puteri Wangsa,ethnicity,Indian,PN,11860,0.0,0.575548060708263
N.41 Puteri Wangsa,ethnicity,Other,PN,2779,0.0,0.982367758186398
N.41 Puteri Wangsa,age,18-29,turnout,38761,0.38438120791517244,0.5067980702252264
N.41 Puteri Wangsa,age,30-39,turnout,23560,0.2184634974533107,0.5958404074702887
N.41 Puteri Wangsa,age,40-49,turnout,21836,0.28251511265799595,0.6360597178970507
N.41 Puteri Wangsa,age,50-59,turnout,15898,0.39501824128821234,0.750849163416782
N.41 Puteri Wangsa,age,60-69,turnout,8286,0.1716147719044171,0.9244508810041033
N.41 Puteri Wangsa,age,70+,turnout,4265,0.06541617819460727,0.9184056271981242
N.41 Puteri Wangsa,age,18-29,BN,38761,0.09344444157787467,0.15071850571450685
N.41 Puteri Wangsa,age,30-39,BN,23560,0.04219015280135823,0.22113752122241087
N.41 Puteri Wangsa,age,40-49,BN,21836,0.041078952189045614,0.23058252427184467
N.41 Puteri Wangsa,age,50-59,BN,15898,0.05013209208705498,0.28588501698326835
N.41 Puteri Wangsa,age,60-69,BN,8286,0.015327057687665943,0.40321023412985757
N.41 Puteri Wangsa,age,70+,BN,4265,0.010550996483001172,0.45767878077373975
N.41 Puteri Wangsa,age,18-29,PH,38761,0.0,0.0
N.41 Puteri Wangsa,age,30-39,PH,23560,0.0,0.0
N.41 Puteri Wangsa,age,40-49,PH,21836,0.0,0.0
N.41 Puteri Wangsa,age,50-59,PH,15898,0.0,0.0
N.41 Puteri Wangsa,age,60-69,PH,8286,0.0,0.0
N.41 Puteri Wangsa,age,70+,PH,4265,0.0,0.0
N.41 Puteri Wangsa,age,18-29,PN,38761,0.059131601351874306,0.10149376951059054
N.41 Puteri Wangsa,age,30-39,PN,23560,0.02533955857385399,0.15246179966044143
N.41 Puteri Wangsa,age,40-49,PN,21836,0.026790620992855833,0.14934053856017585
N.41 Puteri Wangsa,age,50-59,PN,15898,0.018492892187696567,0.14687382060636558
N.41 Puteri Wangsa,age,60-69,PN,8286,0.003017137340091721,0.15906348056963554
N.41 Puteri Wangsa,age,70+,PN,4265,0.0,0.153810082063306
N.42 Johor Jaya,ethnicity,Malay,turnout,34537,0.17198946057851,0.8998465413903929
N.42 Johor Jaya,ethnicity,Chinese,turnout,42423,0.21108832472950995,0.787285199066544
N.42 Johor Jaya,ethnicity,Indian,turnout,7252,0.0,1.0
N.42 Johor Jaya,ethnicity,Other,turnout,5968,0.0,1.0
N.42 Johor Jaya,ethnicity,Malay,BN,34537,0.06343921012247734,0.4813388539826852
N.42 Johor Jaya,ethnicity,Chinese,BN,42423,0.0,0.3027838672418264
N.42 Johor Jaya,ethnicity,Indian,BN,7252,0.0,0.9336734693877551
N.42 Johor Jaya,ethnicity,Other,BN,5968,0.0,0.9054959785522788
N.42 Johor Jaya,ethnicity,Malay,PH,34537,0.0,0.43408518400555923
N.42 Johor Jaya,ethnicity,Chinese,PH,42423,0.06541262994130542,0.4541875869221884
N.42 Johor Jaya,ethnicity,Indian,PH,7252,0.0,0.9575289575289575
N.42 Johor Jaya,ethnicity,Other,PH,5968,0.0,0.693867292225201
N.42 Johor Jaya,ethnicity,Malay,PN,34537,0.011755508584995801,0.22703187885456177
N.42 Johor Jaya,ethnicity,Chinese,PN,42423,0.0,0.15149800815595313
N.42 Johor Jaya,ethnicity,Indian,PN,7252,0.0,0.6918091560948704
N.42 Johor Jaya,ethnicity,Other,PN,5968,0.0,0.7719504021447721
N.42 Johor Jaya,age,18-29,turnout,25464,0.4173342758404021,0.562401822180333
N.42 Johor Jaya,age,30-39,turnout,19167,0.2657171179631659,0.6480409036364585
N.42 Johor Jaya,age,40-49,turnout,16121,0.25866881707090134,0.73357732150611
N.42 Johor Jaya,age,50-59,turnout,15436,0.3693962166364343,0.801762114537445
N.42 Johor Jaya,age,60-69,turnout,9397,0.30733212727466214,0.8969884005533681
N.42 Johor Jaya,age,70+,turnout,4595,0.1658324265505985,0.8526659412404788
N.42 Johor Jaya,age,18-29,BN,25464,0.13411090166509582,0.23091423185673893
N.42 Johor Jaya,age,30-39,BN,19167,0.06370323994365315,0.29686440235821987
N.42 Johor Jaya,age,40-49,BN,16121,0.044041932882575525,0.31226350722659885
N.42 Johor Jaya,age,50-59,BN,15436,0.05169733091474475,0.3334413060378336
N.42 Johor Jaya,age,60-69,BN,9397,0.05405980632116633,0.421091837820581
N.42 Johor Jaya,age,70+,BN,4595,0.016539717083786723,0.47181719260065286
N.42 Johor Jaya,age,18-29,PH,25464,0.13501413760603204,0.2274583726044612
N.42 Johor Jaya,age,30-39,PH,19167,0.06052068659675484,0.28700370428340377
N.42 Johor Jaya,age,40-49,PH,16121,0.08014391166801067,0.37020035977917004
N.42 Johor Jaya,age,50-59,PH,15436,0.11894273127753303,0.43722466960352424
N.42 Johor Jaya,age,60-69,PH,9397,0.09024156645738002,0.5249547727998297
N.42 Johor Jaya,age,70+,PH,4595,0.018063112078346027,0.552557127312296
N.42 Johor Jaya,age,18-29,PN,25464,0.07151272384542884,0.1398837574615143
N.42 Johor Jaya,age,30-39,PN,19167,0.03213857150310429,0.18422288308029425
N.42 Johor Jaya,age,40-49,PN,16121,0.01445319769245084,0.17002667328329507
N.42 Johor Jaya,age,50-59,PN,15436,0.019823788546255508,0.1535371857994299
N.42 Johor Jaya,age,60-69,PN,9397,0.008619772267745025,0.12067681174843035
N.42 Johor Jaya,age,70+,PN,4595,0.0,0.11273122959738846
N.43 Permas,ethnicity,Malay,turnout,54289,0.3380426974156827,0.8472987161303395
N.43 Permas,ethnicity,Chinese,turnout,28306,0.10962340139899668,0.8330036034762948
N.43 Permas,ethnicity,Indian,turnout,12694,0.011107609894438318,1.0
N.43 Permas,ethnicity,Other,turnout,8154,0.0023301447142506744,1.0
N.43 Permas,ethnicity,Malay,BN,54289,0.07585330361583378,0.42590580043839454
N.43 Permas,ethnicity,Chinese,BN,28306,0.0,0.4211827881014626
N.43 Permas,ethnicity,Indian,BN,12694,0.0,0.9220103986135182
N.43 Permas,ethnicity,Other,BN,8154,0.0,0.9388030414520481
N.43 Permas,ethnicity,Malay,PH,54289,0.0,0.2378934959199838
N.43 Permas,ethnicity,Chinese,PH,28306,0.01822935066770296,0.4606443863491839
N.43 Permas,ethnicity,Indian,PH,12694,0.0,0.7880888608791555
N.43 Permas,ethnicity,Other,PH,8154,0.0,0.7113073338238901
N.43 Permas,ethnicity,Malay,PN,54289,0.03903184807235351,0.2823223857503362
N.43 Permas,ethnicity,Chinese,PN,28306,0.0,0.2632657387126404
N.43 Permas,ethnicity,Indian,PN,12694,0.0,0.7317630376555854
N.43 Permas,ethnicity,Other,PN,8154,0.0,0.8343144468972283
N.43 Permas,age,18-29,turnout,33065,0.4379555421140178,0.6090427944956903
N.43 Permas,age,30-39,turnout,22844,0.26580283663106286,0.6915601470845736
N.43 Permas,age,40-49,turnout,18856,0.32376962240135765,0.7604476028850233
N.43 Permas,age,50-59,turnout,16154,0.4249102389501052,0.8417110313235112
N.43 Permas,age,60-69,turnout,9012,0.2861739902352419,0.93231247225921
N.43 Permas,age,70+,turnout,3512,0.060649202733485195,0.9735193621867881
N.43 Permas,age,18-29,BN,33065,0.15436261908362317,0.2751852411915923
N.43 Permas,age,30-39,BN,22844,0.0659691822798109,0.35173349676063737
N.43 Permas,age,40-49,BN,18856,0.06883750530335171,0.3724013576580399
N.43 Permas,age,50-59,BN,16154,0.07905162807973258,0.42583880153522347
N.43 Permas,age,60-69,BN,9012,0.041944074567243674,0.5369507323568575
N.43 Permas,age,70+,BN,3512,0.0002847380410022779,0.6426537585421412
N.43 Permas,age,18-29,PH,33065,0.08555874792076214,0.14825344019355816
N.43 Permas,age,30-39,PH,22844,0.042899667308702503,0.19514971108387322
N.43 Permas,age,40-49,PH,18856,0.05366991938905388,0.24130250318201102
N.43 Permas,age,50-59,PH,16154,0.07502785687755355,0.3032685402996162
N.43 Permas,age,60-69,PH,9012,0.036395916555703504,0.38348868175765644
N.43 Permas,age,70+,PH,3512,0.0,0.5125284738041003
N.43 Permas,age,18-29,PN,33065,0.11241494026916679,0.213791017692424
N.43 Permas,age,30-39,PN,22844,0.04640168096655577,0.2807739450183856
N.43 Permas,age,40-49,PN,18856,0.044442087399236316,0.292691981332202
N.43 Permas,age,50-59,PN,16154,0.031013990342949115,0.27565927943543395
N.43 Permas,age,60-69,PN,9012,0.005770084332001775,0.23779405237461163
N.43 Permas,age,70+,PN,3512,0.0,0.28132118451025057
N.44 Larkin,ethnicity,Malay,turnout,47078,0.40116402565954373,0.6844810739623604
N.44 Larkin,ethnicity,Chinese,turnout,21242,0.1781847283683269,0.6868938894642689
N.44 Larkin,ethnicity,Indian,turnout,5026,0.0,1.0
N.44 Larkin,ethnicity,Other,turnout,2112,0.0,1.0
N.44 Larkin,ethnicity,Malay,BN,47078,0.13307702111389608,0.3258209779514848
N.44 Larkin,ethnicity,Chinese,BN,21242,0.0,0.31277657471047926
N.44 Larkin,ethnicity,Indian,BN,5026,0.0,0.8863907680063668
N.44 Larkin,ethnicity,Other,BN,2112,0.0,1.0
N.44 Larkin,ethnicity,Malay,PH,47078,0.0020816517269212796,0.10425251709928204
N.44 Larkin,ethnicity,Chinese,PH,21242,0.025280105451464082,0.2599096130307881
N.44 Larkin,ethnicity,Indian,PH,5026,0.0,0.7433346597692002
N.44 Larkin,ethnicity,Other,PH,2112,0.0,0.8091856060606061
N.44 Larkin,ethnicity,Malay,PN,47078,0.07519435829899317,0.20361952504354475
N.44 Larkin,ethnicity,Chinese,PN,21242,0.0,0.20572450805008943
N.44 Larkin,ethnicity,Indian,PN,5026,0.0,0.6615598885793872
N.44 Larkin,ethnicity,Other,PN,2112,0.0,0.9763257575757576
N.44 Larkin,age,18-29,turnout,14973,0.3709343484939558,0.6451612903225806
N.44 Larkin,age,30-39,turnout,15381,0.2612313893765035,0.6771991417983226
N.44 Larkin,age,40-49,turnout,13103,0.25421659162023963,0.7622681828588873
N.44 Larkin,age,50-59,turnout,12230,0.28528209321340964,0.8440719542109567
N.44 Larkin,age,60-69,turnout,11016,0.3022875816993464,0.8366920842411039
N.44 Larkin,age,70+,turnout,8755,0.20148486579097658,0.6220445459737293
N.44 Larkin,age,18-29,BN,14973,0.13290589728177385,0.29653376076938487
N.44 Larkin,age,30-39,BN,15381,0.06982640920616345,0.35231779468175023
N.44 Larkin,age,40-49,BN,13103,0.04090666259635198,0.3509120048843776
N.44 Larkin,age,50-59,BN,12230,0.06672117743254292,0.4242845461978741
N.44 Larkin,age,60-69,BN,11016,0.07289397240377632,0.40695352214960057
N.44 Larkin,age,70+,BN,8755,0.04214734437464306,0.27824100513992006
N.44 Larkin,age,18-29,PH,14973,0.027649769585253458,0.12208642222667468
N.44 Larkin,age,30-39,PH,15381,0.0076067875950848445,0.14251349067030752
N.44 Larkin,age,40-49,PH,13103,0.0036632832175837594,0.1665267495993284
N.44 Larkin,age,50-59,PH,12230,0.020768601798855275,0.22657399836467704
N.44 Larkin,age,60-69,PH,11016,0.027868554829339143,0.23111837327523602
N.44 Larkin,age,70+,PH,8755,0.02444317532838378,0.1797829811536265
N.44 Larkin,age,18-29,PN,14973,0.07867494824016563,0.1995592065718293
N.44 Larkin,age,30-39,PN,15381,0.048501397828489695,0.2679929783499122
N.44 Larkin,age,40-49,PN,13103,0.027932534534076167,0.269632908494238
N.44 Larkin,age,50-59,PN,12230,0.033851185609157806,0.28977923139820116
N.44 Larkin,age,60-69,PN,11016,0.019698620188816268,0.21514161220043573
N.44 Larkin,age,70+,PN,8755,0.0004568817818389492,0.1105653912050257
N.45 Stulang,ethnicity,Malay,turnout,21809,0.26869640973909853,0.7800907882067036
N.45 Stulang,ethnicity,Chinese,turnout,32395,0.2343571538817719,0.582034264546998
N.45 Stulang,ethnicity,Indian,turnout,2926,0.0,1.0
N.45 Stulang,ethnicity,Other,turnout,2051,0.0,1.0
N.45 Stulang,ethnicity,Malay,BN,21809,0.09798706955843918,0.3985052042734651
N.45 Stulang,ethnicity,Chinese,BN,32395,0.0005247723414107115,0.1655811081957092
N.45 Stulang,ethnicity,Indian,BN,2926,0.0,0.8759398496240601
N.45 Stulang,ethnicity,Other,BN,2051,0.0,0.9634324719648951
N.45 Stulang,ethnicity,Malay,PH,21809,0.0006419368150763446,0.3018020083451786
N.45 Stulang,ethnicity,Chinese,PH,32395,0.13347738848587745,0.3704584040747029
N.45 Stulang,ethnicity,Indian,PH,2926,0.0,0.9408749145591251
N.45 Stulang,ethnicity,Other,PH,2051,0.0,0.7079473427596294
N.45 Stulang,ethnicity,Malay,PN,21809,0.034160209087991195,0.15993397221330644
N.45 Stulang,ethnicity,Chinese,PN,32395,0.0,0.06920821114369502
N.45 Stulang,ethnicity,Indian,PN,2926,0.0,0.5598086124401914
N.45 Stulang,ethnicity,Other,PN,2051,0.0,0.8235007313505607
N.45 Stulang,age,18-29,turnout,9798,0.2689324351908553,0.6238007756685038
N.45 Stulang,age,30-39,turnout,10781,0.13672201094518133,0.7201558297003988
N.45 Stulang,age,40-49,turnout,10621,0.13266170793710574,0.7140570567743151
N.45 Stulang,age,50-59,turnout,10006,0.2646412152708375,0.7533479912052768
N.45 Stulang,age,60-69,turnout,9605,0.2969286829776158,0.752628839146278
N.45 Stulang,age,70+,turnout,8370,0.22580645161290322,0.5381123058542413
N.45 Stulang,age,18-29,BN,9798,0.07797509695856297,0.2594407021841192
N.45 Stulang,age,30-39,BN,10781,0.02161209535293572,0.31741025878860957
N.45 Stulang,age,40-49,BN,10621,0.018548159307033237,0.2981828453064683
N.45 Stulang,age,50-59,BN,10006,0.030681591045372776,0.287027783330002
N.45 Stulang,age,60-69,BN,9605,0.04424778761061947,0.29536699635606456
N.45 Stulang,age,70+,BN,8370,0.016606929510155317,0.2029868578255675
N.45 Stulang,age,18-29,PH,9798,0.05848132271892223,0.2285160236783017
N.45 Stulang,age,30-39,PH,10781,0.04415174844634078,0.3007142194601614
N.45 Stulang,age,40-49,PH,10621,0.04811223048677149,0.3567460691083702
N.45 Stulang,age,50-59,PH,10006,0.08964621227263642,0.4299420347791325
N.45 Stulang,age,60-69,PH,9605,0.16116605934409162,0.46298802706923475
N.45 Stulang,age,70+,PH,8370,0.11565113500597371,0.30752688172043013
N.45 Stulang,age,18-29,PN,9798,0.03184323331292101,0.14094713206776893
N.45 Stulang,age,30-39,PN,10781,0.010666914015397459,0.17493738985251833
N.45 Stulang,age,40-49,PN,10621,0.009415309292910273,0.142077017230016
N.45 Stulang,age,50-59,PN,10006,0.0036977813312012793,0.1227263641814911
N.45 Stulang,age,60-69,PN,9605,0.005622071837584591,0.08651743883394065
N.45 Stulang,age,70+,PN,8370,0.0017921146953405018,0.05077658303464755
N.46 Perling,ethnicity,Malay,turnout,37624,0.21861046140761217,0.7873431852009356
N.46 Perling,ethnicity,Chinese,turnout,46551,0.07907456338209705,0.6304483254924707
N.46 Perling,ethnicity,Indian,turnout,13119,0.0,0.9891760042686181
N.46 Perling,ethnicity,Other,turnout,2793,0.0,1.0
N.46 Perling,ethnicity,Malay,BN,37624,0.07537741866893473,0.3764884116521369
N.46 Perling,ethnicity,Chinese,BN,46551,0.0,0.20957659341367532
N.46 Perling,ethnicity,Indian,BN,13119,0.0,0.5760347587468557
N.46 Perling,ethnicity,Other,BN,2793,0.0,1.0
N.46 Perling,ethnicity,Malay,PH,37624,0.0007707846055709122,0.33010844142037
N.46 Perling,ethnicity,Chinese,PH,46551,0.021116624777126163,0.38738158149126767
N.46 Perling,ethnicity,Indian,PH,13119,0.0,0.8791828645476027
N.46 Perling,ethnicity,Other,PH,2793,0.0,0.8771929824561403
N.46 Perling,ethnicity,Malay,PN,37624,0.027774824580055285,0.22435147778014033
N.46 Perling,ethnicity,Chinese,PN,46551,0.0,0.13722583832785548
N.46 Perling,ethnicity,Indian,PN,13119,0.0,0.4164189343699977
N.46 Perling,ethnicity,Other,PN,2793,0.0,0.9609738632295023
N.46 Perling,age,18-29,turnout,27518,0.304564285195145,0.4831746493204448
N.46 Perling,age,30-39,turnout,20129,0.18863331511749218,0.5949624919270704
N.46 Perling,age,40-49,turnout,20334,0.20945214910986526,0.5854234287400413
N.46 Perling,age,50-59,turnout,14341,0.22676242939822885,0.7422773865141901
N.46 Perling,age,60-69,turnout,10145,0.19034006899950714,0.8401182848693938
N.46 Perling,age,70+,turnout,7620,0.14724409448818898,0.6404199475065617
N.46 Perling,age,18-29,BN,27518,0.09132204375317973,0.1872592484918962
N.46 Perling,age,30-39,BN,20129,0.044810969248348154,0.26792190372099955
N.46 Perling,age,40-49,BN,20334,0.040523261532408775,0.24343464148716434
N.46 Perling,age,50-59,BN,14341,0.02538177254026916,0.3051391116379611
N.46 Perling,age,60-69,BN,10145,0.04455396747166092,0.36904879250862493
N.46 Perling,age,70+,BN,7620,0.02020997375328084,0.27388451443569556
N.46 Perling,age,18-29,PH,27518,0.13383966858056545,0.22141870775492406
N.46 Perling,age,30-39,PH,20129,0.04962988722738338,0.2529683541159521
N.46 Perling,age,40-49,PH,20334,0.09284941477328612,0.30397364020851775
N.46 Perling,age,50-59,PH,14341,0.06610417683564605,0.4015061711177742
N.46 Perling,age,60-69,PH,10145,0.037851158206012814,0.45687530803351406
N.46 Perling,age,70+,PH,7620,0.04002624671916011,0.35380577427821525
N.46 Perling,age,18-29,PN,27518,0.055963369430917946,0.12762555418271676
N.46 Perling,age,30-39,PN,20129,0.025088181231059666,0.1848079884743405
N.46 Perling,age,40-49,PN,20334,0.027982689092160912,0.16548637749581982
N.46 Perling,age,50-59,PN,14341,0.008088696743602259,0.18569137438114497
N.46 Perling,age,60-69,PN,10145,0.016264169541646133,0.17851158206012815
N.46 Perling,age,70+,PN,7620,0.0014435695538057743,0.1120734908136483
N.47 Kempas,ethnicity,Malay,turnout,34297,0.27512610432399337,0.7641484677960172
N.47 Kempas,ethnicity,Chinese,turnout,19156,0.09375652537064105,0.8460534558362915
N.47 Kempas,ethnicity,Indian,turnout,6712,0.0,1.0
N.47 Kempas,ethnicity,Other,turnout,1788,0.0,1.0
N.47 Kempas,ethnicity,Malay,BN,34297,0.05312417995743068,0.3375805464034755
N.47 Kempas,ethnicity,Chinese,BN,19156,0.0020881186051367718,0.403633326372938
N.47 Kempas,ethnicity,Indian,BN,6712,0.0,0.8890047675804529
N.47 Kempas,ethnicity,Other,BN,1788,0.0,1.0
N.47 Kempas,ethnicity,Malay,PH,34297,0.0,0.20701519083301748
N.47 Kempas,ethnicity,Chinese,PH,19156,0.036594278555021925,0.424671121319691
N.47 Kempas,ethnicity,Indian,PH,6712,0.0,0.8758939213349225
N.47 Kempas,ethnicity,Other,PH,1788,0.0,0.9077181208053692
N.47 Kempas,ethnicity,Malay,PN,34297,0.026183048080006998,0.2298160188937808
N.47 Kempas,ethnicity,Chinese,PN,19156,0.0,0.2805387346001253
N.47 Kempas,ethnicity,Indian,PN,6712,0.0,0.691746126340882
N.47 Kempas,ethnicity,Other,PN,1788,0.0,0.9949664429530202
N.47 Kempas,age,18-29,turnout,15162,0.3502176493866245,0.5906872444268566
N.47 Kempas,age,30-39,turnout,13432,0.2601995235259083,0.6498659916617034
N.47 Kempas,age,40-49,turnout,11350,0.31215859030837007,0.6755066079295154
N.47 Kempas,age,50-59,turnout,10080,0.32261904761904764,0.7610119047619047
N.47 Kempas,age,60-69,turnout,7260,0.29517906336088157,0.8050964187327824
N.47 Kempas,age,70+,turnout,4669,0.1578496466052688,0.6935103876633112
N.47 Kempas,age,18-29,BN,15162,0.11733280569845667,0.2516818361693708
N.47 Kempas,age,30-39,BN,13432,0.0684931506849315,0.3143984514592019
N.47 Kempas,age,40-49,BN,11350,0.0652863436123348,0.3051101321585903
N.47 Kempas,age,50-59,BN,10080,0.07559523809523809,0.3501984126984127
N.47 Kempas,age,60-69,BN,7260,0.06556473829201102,0.3931129476584022
N.47 Kempas,age,70+,BN,4669,0.019490254872563718,0.3855215249518098
N.47 Kempas,age,18-29,PH,15162,0.06879039704524469,0.15327793167128348
N.47 Kempas,age,30-39,PH,13432,0.029705181655747467,0.18627159023228113
N.47 Kempas,age,40-49,PH,11350,0.05621145374449339,0.233568281938326
N.47 Kempas,age,50-59,PH,10080,0.060615079365079365,0.2945436507936508
N.47 Kempas,age,60-69,PH,7260,0.0674931129476584,0.35702479338842974
N.47 Kempas,age,70+,PH,4669,0.029985007496251874,0.2780038552152495
N.47 Kempas,age,18-29,PN,15162,0.08982983775227543,0.197731170030339
N.47 Kempas,age,30-39,PN,13432,0.05412447885646218,0.2571471113758189
N.47 Kempas,age,40-49,PN,11350,0.05409691629955947,0.25427312775330396
N.47 Kempas,age,50-59,PN,10080,0.036904761904761905,0.23789682539682538
N.47 Kempas,age,60-69,PN,7260,0.026446280991735537,0.1859504132231405
N.47 Kempas,age,70+,PN,4669,0.0010708931248661383,0.13600342685799957
N.48 Skudai,ethnicity,Malay,turnout,22072,0.016718013773106197,0.9792044218919899
N.48 Skudai,ethnicity,Chinese,turnout,63491,0.1768597124001827,0.6685986990282087
N.48 Skudai,ethnicity,Indian,turnout,14231,0.0037945330616260277,0.9880542477689551
N.48 Skudai,ethnicity,Other,turnout,2326,0.007308684436801376,1.0
N.48 Skudai,ethnicity,Malay,BN,22072,0.0,0.5048024646611091
N.48 Skudai,ethnicity,Chinese,BN,63491,0.00029925501252145973,0.18486084641917752
N.48 Skudai,ethnicity,Indian,BN,14231,0.0,0.6566650270536154
N.48 Skudai,ethnicity,Other,BN,2326,0.0,0.9561478933791917
N.48 Skudai,ethnicity,Malay,PH,22072,0.0,0.7460583544762596
N.48 Skudai,ethnicity,Chinese,PH,63491,0.060575514639870216,0.40875084657668015
N.48 Skudai,ethnicity,Indian,PH,14231,0.0,0.8909423090436371
N.48 Skudai,ethnicity,Other,PH,2326,0.0,0.9802235597592434
N.48 Skudai,ethnicity,Malay,PN,22072,0.0,0.2689833272924973
N.48 Skudai,ethnicity,Chinese,PN,63491,0.0,0.09461183474823204
N.48 Skudai,ethnicity,Indian,PN,14231,0.0,0.4038366945400885
N.48 Skudai,ethnicity,Other,PN,2326,0.0,0.8632846087704213
N.48 Skudai,age,18-29,turnout,24379,0.3105541654702818,0.47483489888838754
N.48 Skudai,age,30-39,turnout,20973,0.21866208935297765,0.5822724455251991
N.48 Skudai,age,40-49,turnout,18962,0.180940829026474,0.6470309039130894
N.48 Skudai,age,50-59,turnout,17597,0.27521736659657897,0.724953117008581
N.48 Skudai,age,60-69,turnout,13166,0.3199149324016406,0.7731277533039648
N.48 Skudai,age,70+,turnout,7043,0.22263240096549766,0.6788300440153344
N.48 Skudai,age,18-29,BN,24379,0.07859223101849953,0.1528774765166742
N.48 Skudai,age,30-39,BN,20973,0.03375768845658704,0.18223430124445716
N.48 Skudai,age,40-49,BN,18962,0.027897901065288472,0.20810041134901383
N.48 Skudai,age,50-59,BN,17597,0.02983463090299483,0.21600272773768256
N.48 Skudai,age,60-69,BN,13166,0.03516633753607778,0.24061977821661856
N.48 Skudai,age,70+,BN,7043,0.021723697288087464,0.27715462161010934
N.48 Skudai,age,18-29,PH,24379,0.16735715164690923,0.285081422535789
N.48 Skudai,age,30-39,PH,20973,0.07686072569494111,0.324703189815477
N.48 Skudai,age,40-49,PH,18962,0.07889463136799915,0.4316527792426959
N.48 Skudai,age,50-59,PH,17597,0.12865829402739104,0.5077570040347786
N.48 Skudai,age,60-69,PH,13166,0.15167856600334195,0.5312167704693909
N.48 Skudai,age,70+,PH,7043,0.07326423399119693,0.47863126508590087
N.48 Skudai,age,18-29,PN,24379,0.041593174453423025,0.09093892284343082
N.48 Skudai,age,30-39,PN,20973,0.01993038668764602,0.11462356362942831
N.48 Skudai,age,40-49,PN,18962,0.015399219491614808,0.12166438139436768
N.48 Skudai,age,50-59,PN,17597,0.0125021310450645,0.1122350400636472
N.48 Skudai,age,60-69,PN,13166,0.010101777305180009,0.10929667324927844
N.48 Skudai,age,70+,PN,7043,0.0,0.1098963509867954
N.49 Kota Iskandar,ethnicity,Malay,turnout,56795,0.19008715555946826,0.8560260586319218
N.49 Kota Iskandar,ethnicity,Chinese,turnout,40104,0.057001795332136444,0.8812088569718731
N.49 Kota Iskandar,ethnicity,Indian,turnout,16592,0.00976374156219865,1.0
N.49 Kota Iskandar,ethnicity,Other,turnout,2668,0.005622188905547227,1.0
N.49 Kota Iskandar,ethnicity,Malay,BN,56795,0.052715908090500925,0.39473545206444227
N.49 Kota Iskandar,ethnicity,Chinese,BN,40104,0.0002992220227408737,0.4409285856772392
N.49 Kota Iskandar,ethnicity,Indian,BN,16592,0.0,0.8237704918032787
N.49 Kota Iskandar,ethnicity,Other,BN,2668,0.0,1.0
N.49 Kota Iskandar,ethnicity,Malay,PH,56795,0.00031692930715732017,0.3056431023857734
N.49 Kota Iskandar,ethnicity,Chinese,PH,40104,0.010273289447436666,0.4558398164771594
N.49 Kota Iskandar,ethnicity,Indian,PH,16592,0.0,0.8350409836065574
N.49 Kota Iskandar,ethnicity,Other,PH,2668,0.0,0.9284107946026986
N.49 Kota Iskandar,ethnicity,Malay,PN,56795,0.013997711066114974,0.21503653490624175
N.49 Kota Iskandar,ethnicity,Chinese,PN,40104,0.0,0.2668063036106124
N.49 Kota Iskandar,ethnicity,Indian,PN,16592,0.0,0.5835945033751205
N.49 Kota Iskandar,ethnicity,Other,PN,2668,0.0,0.9700149925037481
N.49 Kota Iskandar,age,18-29,turnout,39867,0.3924799959866556,0.5458148343241277
N.49 Kota Iskandar,age,30-39,turnout,26037,0.22721511694895724,0.6016438145715712
N.49 Kota Iskandar,age,40-49,turnout,21205,0.27861353454373966,0.7087950954963452
N.49 Kota Iskandar,age,50-59,turnout,16054,0.31387816120593,0.8054690419833064
N.49 Kota Iskandar,age,60-69,turnout,8715,0.23476764199655767,0.9060240963855422
N.49 Kota Iskandar,age,70+,turnout,4281,0.11165615510394768,0.8729268862415324
N.49 Kota Iskandar,age,18-29,BN,39867,0.13540020568389896,0.23264855645019691
N.49 Kota Iskandar,age,30-39,BN,26037,0.05515228328916542,0.2885893152052848
N.49 Kota Iskandar,age,40-49,BN,21205,0.04173543975477482,0.33062956849799574
N.49 Kota Iskandar,age,50-59,BN,16054,0.06160458452722063,0.43054690419833064
N.49 Kota Iskandar,age,60-69,BN,8715,0.03270223752151463,0.5096959265633965
N.49 Kota Iskandar,age,70+,BN,4281,0.012380284980144826,0.6760102779724364
N.49 Kota Iskandar,age,18-29,PH,39867,0.12300900494143026,0.19560037123435423
N.49 Kota Iskandar,age,30-39,PH,26037,0.04117217805430733,0.2246802627030764
N.49 Kota Iskandar,age,40-49,PH,21205,0.0492808299929262,0.27795331289790143
N.49 Kota Iskandar,age,50-59,PH,16054,0.0753083343714962,0.3500685187492214
N.49 Kota Iskandar,age,60-69,PH,8715,0.03820998278829604,0.37865748709122204
N.49 Kota Iskandar,age,70+,PH,4281,0.022891847699135714,0.46788133613641675
N.49 Kota Iskandar,age,18-29,PN,39867,0.0888454109915469,0.1545639250507939
N.49 Kota Iskandar,age,30-39,PN,26037,0.03310673272650459,0.1845450704766294
N.49 Kota Iskandar,age,40-49,PN,21205,0.029615656684744165,0.20273520396132988
N.49 Kota Iskandar,age,50-59,PN,16054,0.017129687305344463,0.20387442381960882
N.49 Kota Iskandar,age,60-69,PN,8715,0.008835341365461847,0.20562248995983937
N.49 Kota Iskandar,age,70+,PN,4281,0.0,0.29058631160943704
N.50 Bukit Permai,ethnicity,Malay,turnout,20876,0.4063038896340295,0.8461870090055567
N.50 Bukit Permai,ethnicity,Chinese,turnout,12637,0.15066867136187387,0.8848619134288201
N.50 Bukit Permai,ethnicity,Indian,turnout,5274,0.0,1.0
N.50 Bukit Permai,ethnicity,Other,turnout,819,0.0,1.0
N.50 Bukit Permai,ethnicity,Malay,BN,20876,0.234144472121096,0.5049338953822572
N.50 Bukit Permai,ethnicity,Chinese,BN,12637,0.0049853604494737675,0.38933291129223707
N.50 Bukit Permai,ethnicity,Indian,BN,5274,0.0,0.7982555934774365
N.50 Bukit Permai,ethnicity,Other,BN,819,0.0,1.0
N.50 Bukit Permai,ethnicity,Malay,PH,20876,0.0,0.0
N.50 Bukit Permai,ethnicity,Chinese,PH,12637,0.0,0.0
N.50 Bukit Permai,ethnicity,Indian,PH,5274,0.0,0.0
N.50 Bukit Permai,ethnicity,Other,PH,819,0.0,0.0
N.50 Bukit Permai,ethnicity,Malay,PN,20876,0.06361371910327648,0.24046752251389156
N.50 Bukit Permai,ethnicity,Chinese,PN,12637,7.913270554720265e-05,0.25646909867848383
N.50 Bukit Permai,ethnicity,Indian,PN,5274,0.0,0.592529389457717
N.50 Bukit Permai,ethnicity,Other,PN,819,0.0,1.0
N.50 Bukit Permai,age,18-29,turnout,13093,0.4402352402046895,0.6272817536087986
N.50 Bukit Permai,age,30-39,turnout,8031,0.24579753455360479,0.7279292740630059
N.50 Bukit Permai,age,40-49,turnout,7378,0.3637842233667661,0.8145838980753591
N.50 Bukit Permai,age,50-59,turnout,5600,0.3682142857142857,0.8730357142857142
N.50 Bukit Permai,age,60-69,turnout,3328,0.24368990384615385,0.9444110576923077
N.50 Bukit Permai,age,70+,turnout,2176,0.1953125,0.9632352941176471
N.50 Bukit Permai,age,18-29,BN,13093,0.17009088826090277,0.3181852898495379
N.50 Bukit Permai,age,30-39,BN,8031,0.06948076204706762,0.4457726310546632
N.50 Bukit Permai,age,40-49,BN,7378,0.0944700460829493,0.44320954188126865
N.50 Bukit Permai,age,50-59,BN,5600,0.12482142857142857,0.5330357142857143
N.50 Bukit Permai,age,60-69,BN,3328,0.10576923076923077,0.6246995192307693
N.50 Bukit Permai,age,70+,BN,2176,0.04503676470588235,0.6484375
N.50 Bukit Permai,age,18-29,PH,13093,0.0,0.0
N.50 Bukit Permai,age,30-39,PH,8031,0.0,0.0
N.50 Bukit Permai,age,40-49,PH,7378,0.0,0.0
N.50 Bukit Permai,age,50-59,PH,5600,0.0,0.0
N.50 Bukit Permai,age,60-69,PH,3328,0.0,0.0
N.50 Bukit Permai,age,70+,PH,2176,0.0,0.0
N.50 Bukit Permai,age,18-29,PN,13093,0.091041014282441,0.17887420759184297
N.50 Bukit Permai,age,30-39,PN,8031,0.03586103847590587,0.26285643132860165
N.50 Bukit Permai,age,40-49,PN,7378,0.04662510165356465,0.2873407427487124
N.50 Bukit Permai,age,50-59,PN,5600,0.05357142857142857,0.2930357142857143
N.50 Bukit Permai,age,60-69,PN,3328,0.01893028846153846,0.25180288461538464
N.50 Bukit Permai,age,70+,PN,2176,0.0,0.27205882352941174
N.51 Bukit Batu,ethnicity,Malay,turnout,16709,0.21802621341791847,0.9039439822849961
N.51 Bukit Batu,ethnicity,Chinese,turnout,24835,0.2484799677873968,0.7598953090396617
N.51 Bukit Batu,ethnicity,Indian,turnout,3864,0.0,1.0
N.51 Bukit Batu,ethnicity,Other,turnout,743,0.0,1.0
N.51 Bukit Batu,ethnicity,Malay,BN,16709,0.11263390986893292,0.5318690526063798
N.51 Bukit Batu,ethnicity,Chinese,BN,24835,0.0024964767465270785,0.27477350513388366
N.51 Bukit Batu,ethnicity,Indian,BN,3864,0.0,0.9303830227743272
N.51 Bukit Batu,ethnicity,Other,BN,743,0.0,1.0
N.51 Bukit Batu,ethnicity,Malay,PH,16709,0.0011371117361900771,0.391705069124424
N.51 Bukit Batu,ethnicity,Chinese,PH,24835,0.07888061203946044,0.3707267968592712
N.51 Bukit Batu,ethnicity,Indian,PH,3864,0.0,0.9541925465838509
N.51 Bukit Batu,ethnicity,Other,PH,743,0.0,1.0
N.51 Bukit Batu,ethnicity,Malay,PN,16709,0.028487641390867197,0.23011550661320246
N.51 Bukit Batu,ethnicity,Chinese,PN,24835,4.02657539762432e-05,0.13331991141534125
N.51 Bukit Batu,ethnicity,Indian,PN,3864,0.0,0.718167701863354
N.51 Bukit Batu,ethnicity,Other,PN,743,0.0,1.0
N.51 Bukit Batu,age,18-29,turnout,14197,0.39367472001126996,0.5832922448404593
N.51 Bukit Batu,age,30-39,turnout,9596,0.25218841183826596,0.6750729470612755
N.51 Bukit Batu,age,40-49,turnout,8213,0.26604164130037744,0.7726774625593571
N.51 Bukit Batu,age,50-59,turnout,7018,0.3482473639213451,0.8814477058991166
N.51 Bukit Batu,age,60-69,turnout,4055,0.20641183723797782,0.9112207151664612
N.51 Bukit Batu,age,70+,turnout,3072,0.24153645833333334,0.8190104166666666
N.51 Bukit Batu,age,18-29,BN,14197,0.14383320419807002,0.2548425723744453
N.51 Bukit Batu,age,30-39,BN,9596,0.06471446436015006,0.3194039182992914
N.51 Bukit Batu,age,40-49,BN,8213,0.04200657494216486,0.35589918422013883
N.51 Bukit Batu,age,50-59,BN,7018,0.04744941578797378,0.377885437446566
N.51 Bukit Batu,age,60-69,BN,4055,0.018002466091245378,0.49790382244143033
N.51 Bukit Batu,age,70+,BN,3072,0.00390625,0.3889973958333333
N.51 Bukit Batu,age,18-29,PH,14197,0.09762625906881736,0.21412974572092697
N.51 Bukit Batu,age,30-39,PH,9596,0.062421842434347646,0.313151313047103
N.51 Bukit Batu,age,40-49,PH,8213,0.06234019237793741,0.43090222817484475
N.51 Bukit Batu,age,50-59,PH,7018,0.029353092049016812,0.4518381305215161
N.51 Bukit Batu,age,60-69,PH,4055,0.06732429099876695,0.569173859432799
N.51 Bukit Batu,age,70+,PH,3072,0.060872395833333336,0.4615885416666667
N.51 Bukit Batu,age,18-29,PN,14197,0.06902866802845671,0.1348172149045573
N.51 Bukit Batu,age,30-39,PN,9596,0.028240933722384325,0.17507294706127552
N.51 Bukit Batu,age,40-49,PN,8213,0.02349933032996469,0.19152563009862414
N.51 Bukit Batu,age,50-59,PN,7018,0.0017098888572242804,0.1597321174123682
N.51 Bukit Batu,age,60-69,PN,4055,0.0,0.16670776818742294
N.51 Bukit Batu,age,70+,PN,3072,0.0,0.1318359375
N.52 Senai,ethnicity,Malay,turnout,17105,0.06436714410990939,0.9667348728441976
N.52 Senai,ethnicity,Chinese,turnout,36252,0.23869027915701202,0.7393798962815845
N.52 Senai,ethnicity,Indian,turnout,8111,0.0,1.0
N.52 Senai,ethnicity,Other,turnout,1611,0.0,1.0
N.52 Senai,ethnicity,Malay,BN,17105,0.0021631102016954106,0.5417129494299913
N.52 Senai,ethnicity,Chinese,BN,36252,0.007723711795211299,0.2629648019419618
N.52 Senai,ethnicity,Indian,BN,8111,0.0,0.8601898656145974
N.52 Senai,ethnicity,Other,BN,1611,0.0,1.0
N.52 Senai,ethnicity,Malay,PH,17105,0.0,0.5900029231218942
N.52 Senai,ethnicity,Chinese,PH,36252,0.11083526426128214,0.449133840891537
N.52 Senai,ethnicity,Indian,PH,8111,0.0,0.8837381333990877
N.52 Senai,ethnicity,Other,PH,1611,0.0,1.0
N.52 Senai,ethnicity,Malay,PN,17105,0.00233849751534639,0.2655948553054662
N.52 Senai,ethnicity,Chinese,PN,36252,0.0,0.12126227518481739
N.52 Senai,ethnicity,Indian,PN,8111,0.0,0.5169522870176304
N.52 Senai,ethnicity,Other,PN,1611,0.0,0.9546865301055245
N.52 Senai,age,18-29,turnout,16153,0.34433232216925647,0.5860211725376091
N.52 Senai,age,30-39,turnout,11848,0.13588791357191088,0.7294058068872383
N.52 Senai,age,40-49,turnout,11237,0.19871851917771646,0.7734270712823708
N.52 Senai,age,50-59,turnout,10610,0.3450518378887842,0.8175306314797361
N.52 Senai,age,60-69,turnout,7529,0.34094833311196704,0.8270686678177713
N.52 Senai,age,70+,turnout,5702,0.22571027709575586,0.6701157488600491
N.52 Senai,age,18-29,BN,16153,0.10994861635609485,0.2281309973379558
N.52 Senai,age,30-39,BN,11848,0.01662727886563133,0.29566171505739364
N.52 Senai,age,40-49,BN,11237,0.018154311649016642,0.3004360594464715
N.52 Senai,age,50-59,BN,10610,0.033270499528746465,0.33854853911404337
N.52 Senai,age,60-69,BN,7529,0.02271217957232036,0.36113693717625184
N.52 Senai,age,70+,BN,5702,0.019642230796211857,0.30585759382672745
N.52 Senai,age,18-29,PH,16153,0.133164118120473,0.2824243174642481
N.52 Senai,age,30-39,PH,11848,0.03181971640783254,0.3939061444969615
N.52 Senai,age,40-49,PH,11237,0.0714603541870606,0.4820681676604076
N.52 Senai,age,50-59,PH,10610,0.15344015080113102,0.5402450518378887
N.52 Senai,age,60-69,PH,7529,0.173462611236552,0.5595696639659982
N.52 Senai,age,70+,PH,5702,0.10978603998596984,0.44984216064538757
N.52 Senai,age,18-29,PN,16153,0.06426050888379868,0.13885965455333374
N.52 Senai,age,30-39,PN,11848,0.008440243079000676,0.17201215395003377
N.52 Senai,age,40-49,PN,11237,0.006852362730266085,0.16160897036575597
N.52 Senai,age,50-59,PN,10610,0.005372290292177191,0.14269557021677662
N.52 Senai,age,60-69,PN,7529,0.0017266569265506708,0.10917784566343472
N.52 Senai,age,70+,PN,5702,0.00175377060680463,0.09294984216064539
N.53 Benut,ethnicity,Malay,turnout,22619,0.5222158362438658,0.7547636942393563
N.53 Benut,ethnicity,Chinese,turnout,4785,0.017763845350052248,0.9738766980146291
N.53 Benut,ethnicity,Indian,turnout,47,0.0,1.0
N.53 Benut,ethnicity,Other,turnout,700,0.0,1.0
N.53 Benut,ethnicity,Malay,BN,22619,0.25111631813961716,0.471462045183253
N.53 Benut,ethnicity,Chinese,BN,4785,0.003134796238244514,0.9180773249738767
N.53 Benut,ethnicity,Indian,BN,47,0.0,1.0
N.53 Benut,ethnicity,Other,BN,700,0.0,1.0
N.53 Benut,ethnicity,Malay,PH,22619,0.0,0.0522569521198992
N.53 Benut,ethnicity,Chinese,PH,4785,0.0,0.24681295715778476
N.53 Benut,ethnicity,Indian,PH,47,0.0,1.0
N.53 Benut,ethnicity,Other,PH,700,0.0,0.8214285714285714
N.53 Benut,ethnicity,Malay,PN,22619,0.0502674742473142,0.2171625624474999
N.53 Benut,ethnicity,Chinese,PN,4785,0.0,0.6917450365726228
N.53 Benut,ethnicity,Indian,PN,47,0.0,1.0
N.53 Benut,ethnicity,Other,PN,700,0.0,1.0
N.53 Benut,age,18-29,turnout,6852,0.4327203736135435,0.8099824868651488
N.53 Benut,age,30-39,turnout,6511,0.20580555982183996,0.886346183381969
N.53 Benut,age,40-49,turnout,4725,0.19428571428571428,0.9674074074074074
N.53 Benut,age,50-59,turnout,4191,0.2388451443569554,0.9961822953948938
N.53 Benut,age,60-69,turnout,3006,0.12142381902860945,0.9993346640053227
N.53 Benut,age,70+,turnout,2866,0.1479413817166783,0.913119330076762
N.53 Benut,age,18-29,BN,6852,0.18563922942206654,0.5560420315236427
N.53 Benut,age,30-39,BN,6511,0.04868683765934572,0.7037321455997543
N.53 Benut,age,40-49,BN,4725,0.017142857142857144,0.7879365079365079
N.53 Benut,age,50-59,BN,4191,0.030064423765211165,0.8637556669052732
N.53 Benut,age,60-69,BN,3006,0.004657351962741184,0.884896872920825
N.53 Benut,age,70+,BN,2866,0.01674808094905792,0.7543614794138171
N.53 Benut,age,18-29,PH,6852,0.007589025102159953,0.0812901342673672
N.53 Benut,age,30-39,PH,6511,0.0,0.10996774688987866
N.53 Benut,age,40-49,PH,4725,0.0,0.1252910052910053
N.53 Benut,age,50-59,PH,4191,0.0,0.1624910522548318
N.53 Benut,age,60-69,PH,3006,0.0,0.1573519627411843
N.53 Benut,age,70+,PH,2866,0.0,0.10781577110956037
N.53 Benut,age,18-29,PN,6852,0.05049620548744892,0.30575014594279043
N.53 Benut,age,30-39,PN,6511,0.014590692673936416,0.4667485793272923
N.53 Benut,age,40-49,PN,4725,0.0,0.4946031746031746
N.53 Benut,age,50-59,PN,4191,0.0,0.4762586494869959
N.53 Benut,age,60-69,PN,3006,0.0,0.40219560878243515
N.53 Benut,age,70+,PN,2866,0.0,0.25819958129797627
N.54 Pulai Sebatang,ethnicity,Malay,turnout,28534,0.35392864652695033,0.78096306161071
N.54 Pulai Sebatang,ethnicity,Chinese,turnout,16393,0.11718416397242726,0.7888732995790886
N.54 Pulai Sebatang,ethnicity,Indian,turnout,733,0.0,1.0
N.54 Pulai Sebatang,ethnicity,Other,turnout,1254,0.0,1.0
N.54 Pulai Sebatang,ethnicity,Malay,BN,28534,0.11088525969019415,0.4175019275250578
N.54 Pulai Sebatang,ethnicity,Chinese,BN,16393,0.003416092234490331,0.49588238882449825
N.54 Pulai Sebatang,ethnicity,Indian,BN,733,0.0,1.0
N.54 Pulai Sebatang,ethnicity,Other,BN,1254,0.0,1.0
N.54 Pulai Sebatang,ethnicity,Malay,PH,28534,0.0005607345622765823,0.17764771851124975
N.54 Pulai Sebatang,ethnicity,Chinese,PH,16393,0.05392545598731166,0.3658268773256878
N.54 Pulai Sebatang,ethnicity,Indian,PH,733,0.0,1.0
N.54 Pulai Sebatang,ethnicity,Other,PH,1254,0.0,1.0
N.54 Pulai Sebatang,ethnicity,Malay,PN,28534,0.029473610429662858,0.20288077381369593
N.54 Pulai Sebatang,ethnicity,Chinese,PN,16393,0.0,0.2824986274629415
N.54 Pulai Sebatang,ethnicity,Indian,PN,733,0.0,0.9822646657571623
N.54 Pulai Sebatang,ethnicity,Other,PN,1254,0.0,0.9944178628389154
N.54 Pulai Sebatang,age,18-29,turnout,11231,0.34413676431306206,0.7058142640904639
N.54 Pulai Sebatang,age,30-39,turnout,10175,0.19813267813267813,0.7641277641277642
N.54 Pulai Sebatang,age,40-49,turnout,7906,0.21350872754869718,0.8316468504932962
N.54 Pulai Sebatang,age,50-59,turnout,7030,0.25135135135135134,0.9108108108108108
N.54 Pulai Sebatang,age,60-69,turnout,5679,0.22644831836590948,0.8677584081704526
N.54 Pulai Sebatang,age,70+,turnout,4893,0.2023298589822195,0.7216431637032495
N.54 Pulai Sebatang,age,18-29,BN,11231,0.1375656664589084,0.38233460956281723
N.54 Pulai Sebatang,age,30-39,BN,10175,0.062113022113022116,0.4428501228501229
N.54 Pulai Sebatang,age,40-49,BN,7906,0.034783708575765244,0.5131545661522894
N.54 Pulai Sebatang,age,50-59,BN,7030,0.008108108108108109,0.5857752489331437
N.54 Pulai Sebatang,age,60-69,BN,5679,0.04102835006163057,0.6240535305511534
N.54 Pulai Sebatang,age,70+,BN,4893,0.019619865113427344,0.47986920089924384
N.54 Pulai Sebatang,age,18-29,PH,11231,0.05084142106669041,0.18377704567714362
N.54 Pulai Sebatang,age,30-39,PH,10175,0.016707616707616706,0.21562653562653564
N.54 Pulai Sebatang,age,40-49,PH,7906,0.03035669112066785,0.32582848469516823
N.54 Pulai Sebatang,age,50-59,PH,7030,0.012233285917496443,0.3456614509246088
N.54 Pulai Sebatang,age,60-69,PH,5679,0.056171861243176614,0.36661384046487056
N.54 Pulai Sebatang,age,70+,PH,4893,0.028203556100551808,0.22562844880441446
N.54 Pulai Sebatang,age,18-29,PN,11231,0.07256700204790313,0.23844715519544118
N.54 Pulai Sebatang,age,30-39,PN,10175,0.03498771498771499,0.2956265356265356
N.54 Pulai Sebatang,age,40-49,PN,7906,0.013534024791297748,0.32114849481406527
N.54 Pulai Sebatang,age,50-59,PN,7030,0.0,0.28705547652916075
N.54 Pulai Sebatang,age,60-69,PN,5679,0.004578270822327875,0.24282444092269767
N.54 Pulai Sebatang,age,70+,PN,4893,0.0,0.16615573267933784
N.55 Pekan Nanas,ethnicity,Malay,turnout,19585,0.45126372223640543,0.8063313760531019
N.55 Pekan Nanas,ethnicity,Chinese,turnout,15232,0.32293855042016806,0.7771139705882353
N.55 Pekan Nanas,ethnicity,Indian,turnout,390,0.0,1.0
N.55 Pekan Nanas,ethnicity,Other,turnout,628,0.0,1.0
N.55 Pekan Nanas,ethnicity,Malay,BN,19585,0.2207812101097779,0.5127904008169517
N.55 Pekan Nanas,ethnicity,Chinese,BN,15232,0.0430672268907563,0.39285714285714285
N.55 Pekan Nanas,ethnicity,Indian,BN,390,0.0,1.0
N.55 Pekan Nanas,ethnicity,Other,BN,628,0.0,1.0
N.55 Pekan Nanas,ethnicity,Malay,PH,19585,0.009905539954046465,0.22113862649987234
N.55 Pekan Nanas,ethnicity,Chinese,PH,15232,0.09978991596638656,0.37493434873949577
N.55 Pekan Nanas,ethnicity,Indian,PH,390,0.0,1.0
N.55 Pekan Nanas,ethnicity,Other,PH,628,0.0,1.0
N.55 Pekan Nanas,ethnicity,Malay,PN,19585,0.02874648966045443,0.13612458514169007
N.55 Pekan Nanas,ethnicity,Chinese,PN,15232,0.0,0.12578781512605042
N.55 Pekan Nanas,ethnicity,Indian,PN,390,0.0,0.9948717948717949
N.55 Pekan Nanas,ethnicity,Other,PN,628,0.0,0.9952229299363057
N.55 Pekan Nanas,age,18-29,turnout,9286,0.42935601981477495,0.6952401464570321
N.55 Pekan Nanas,age,30-39,turnout,7475,0.2577926421404682,0.797190635451505
N.55 Pekan Nanas,age,40-49,turnout,6398,0.3229134104407627,0.8488590184432635
N.55 Pekan Nanas,age,50-59,turnout,5549,0.37970805550549647,0.9221481347990629
N.55 Pekan Nanas,age,60-69,turnout,3870,0.3454780361757106,0.9056847545219638
N.55 Pekan Nanas,age,70+,turnout,3257,0.2938286766963463,0.7921400061406202
N.55 Pekan Nanas,age,18-29,BN,9286,0.18404049106181347,0.38714193409433556
N.55 Pekan Nanas,age,30-39,BN,7475,0.07625418060200669,0.49110367892976586
N.55 Pekan Nanas,age,40-49,BN,6398,0.06689590497030322,0.5415754923413567
N.55 Pekan Nanas,age,50-59,BN,5549,0.03784465669489998,0.606055145071184
N.55 Pekan Nanas,age,60-69,BN,3870,0.05400516795865633,0.6819121447028423
N.55 Pekan Nanas,age,70+,BN,3257,0.05894995394534848,0.6134479582437826
N.55 Pekan Nanas,age,18-29,PH,9286,0.09293560198147749,0.2119319405556752
N.55 Pekan Nanas,age,30-39,PH,7475,0.030501672240802677,0.2719732441471572
N.55 Pekan Nanas,age,40-49,PH,6398,0.08049390434510785,0.3730853391684901
N.55 Pekan Nanas,age,50-59,PH,5549,0.0778518652009371,0.37772571634528745
N.55 Pekan Nanas,age,60-69,PH,3870,0.07958656330749354,0.36795865633074937
N.55 Pekan Nanas,age,70+,PH,3257,0.03868590727663494,0.2382560638624501
N.55 Pekan Nanas,age,18-29,PN,9286,0.05093689424940771,0.14268791729485247
N.55 Pekan Nanas,age,30-39,PN,7475,0.013779264214046823,0.1974581939799331
N.55 Pekan Nanas,age,40-49,PN,6398,0.01609878086902157,0.18177555486089403
N.55 Pekan Nanas,age,50-59,PN,5549,0.0,0.16795819066498469
N.55 Pekan Nanas,age,60-69,PN,3870,0.0,0.1310077519379845
N.55 Pekan Nanas,age,70+,PN,3257,0.0,0.0948725821307952
N.56 Kukup,ethnicity,Malay,turnout,20298,0.4058035274411272,0.8217558380135974
N.56 Kukup,ethnicity,Chinese,turnout,13080,0.15282874617737002,0.7853975535168196
N.56 Kukup,ethnicity,Indian,turnout,311,0.0,1.0
N.56 Kukup,ethnicity,Other,turnout,625,0.0,1.0
N.56 Kukup,ethnicity,Malay,BN,20298,0.21834663513646665,0.5487732781554833
N.56 Kukup,ethnicity,Chinese,BN,13080,0.0020642201834862386,0.4837155963302752
N.56 Kukup,ethnicity,Indian,BN,311,0.0,1.0
N.56 Kukup,ethnicity,Other,BN,625,0.0,1.0
N.56 Kukup,ethnicity,Malay,PH,20298,0.00014779781259237365,0.1535126613459454
N.56 Kukup,ethnicity,Chinese,PH,13080,0.004663608562691131,0.2441131498470948
N.56 Kukup,ethnicity,Indian,PH,311,0.0,1.0
N.56 Kukup,ethnicity,Other,PH,625,0.0,0.8784
N.56 Kukup,ethnicity,Malay,PN,20298,0.03581633658488521,0.16341511478963444
N.56 Kukup,ethnicity,Chinese,PN,13080,0.0,0.17737003058103976
N.56 Kukup,ethnicity,Indian,PN,311,0.0,0.9871382636655949
N.56 Kukup,ethnicity,Other,PN,625,0.0,1.0
N.56 Kukup,age,18-29,turnout,7881,0.4175866006851922,0.6953432305544982
N.56 Kukup,age,30-39,turnout,7269,0.246663915256569,0.7205943045810979
N.56 Kukup,age,40-49,turnout,5836,0.24246058944482524,0.8744002741603838
N.56 Kukup,age,50-59,turnout,5321,0.24093215560984776,0.93365908663785
N.56 Kukup,age,60-69,turnout,4424,0.20094936708860758,0.9025768535262206
N.56 Kukup,age,70+,turnout,3583,0.18029584147362546,0.8241696902037399
N.56 Kukup,age,18-29,BN,7881,0.21811952797868292,0.460093896713615
N.56 Kukup,age,30-39,BN,7269,0.1060668592653735,0.4931902600082542
N.56 Kukup,age,40-49,BN,5836,0.04386566141192598,0.590301576422207
N.56 Kukup,age,50-59,BN,5321,0.04961473407254276,0.7120841947002443
N.56 Kukup,age,60-69,BN,4424,0.02938517179023508,0.705244122965642
N.56 Kukup,age,70+,BN,3583,0.016466648060284677,0.5874965113033771
N.56 Kukup,age,18-29,PH,7881,0.047202131709173964,0.13132851161020176
N.56 Kukup,age,30-39,PH,7269,0.01086806988581648,0.16164534323840968
N.56 Kukup,age,40-49,PH,5836,0.0,0.2227553118574366
N.56 Kukup,age,50-59,PH,5321,0.01597444089456869,0.28039842134937043
N.56 Kukup,age,60-69,PH,4424,0.022377938517179022,0.2626582278481013
N.56 Kukup,age,70+,PH,3583,0.0,0.16773653363103544
N.56 Kukup,age,18-29,PN,7881,0.057733790128156326,0.18309859154929578
N.56 Kukup,age,30-39,PN,7269,0.03838217086256707,0.24391250515889393
N.56 Kukup,age,40-49,PN,5836,0.0,0.24417409184372857
N.56 Kukup,age,50-59,PN,5321,0.005074234166510054,0.2510806239428679
N.56 Kukup,age,60-69,PN,4424,0.0038426763110307413,0.1763110307414105
N.56 Kukup,age,70+,PN,3583,0.0,0.11777839799051075
